"longitude","latitude","year"
26.8910680301179,11.5029272131505,2011
34.9579392815112,17.4946901582277,2004
30.717891140467,17.3419765599274,2022
29.9094073847595,17.5036733110689,2022
35.2004844082235,20.2794675389982,2014
29.9094073847595,17.692319520734,2011
28.3373556375503,9.67934718638784,2022
29.4692328955409,12.9671811262653,2011
36.9611823650977,17.9797804116522,2005
31.3736612978743,16.1921329962544,2022
26.6934386676116,18.2762244554117,2015
32.9906288092894,16.5694254155846,2013
22.4264410680439,13.5241366024194,2013
36.6018562514499,21.096934447547,2011
28.5709176114214,13.6319344365137,2011
35.407096923571,19.9740403423976,2001
33.5655505911259,13.5600692137842,2002
25.0854543090376,13.3444735455955,2011
34.5087816394514,12.446158261476,2024
22.0581318015549,12.9581979734241,2010
23.6481498544464,13.9014290217496,2003
25.4088478113207,13.7487154234493,2022
30.484329166596,12.1047984535106,2000
33.7362304951086,10.4159657193659,2007
33.5655505911259,12.814467527965,2020
31.0951835597972,19.6506468401145,2005
36.5749067929263,16.3358634417135,2001
34.1494555258036,20.9801534606114,2018
35.0567539627643,19.902175119668,2001
31.7599368700457,10.514780400619,2008
36.3952437361024,15.4914470746411,2002
27.1425963096713,13.3265072399131,2005
23.630183548764,13.7666817291317,2022
24.9147744050549,16.1023014678424,2013
34.6974278491165,12.3742930387464,2004
27.1066636983066,19.0397924469133,2013
31.2299308524152,12.6168381654587,2002
26.1634326499811,13.2546420171835,2022
35.8832040241543,22.067114954396,2005
35.6047262860772,19.6147142287498,2002
27.5288718818427,16.6682400968377,2001
37.3833905486339,17.7641847434635,2003
32.2450271234702,13.8475301047024,2001
29.4782160483821,17.4857070053865,2001
27.2863267551305,14.0451594672087,2004
28.0409115937909,16.0394193979541,2011
31.5802738132218,18.0965613985878,2008
32.5953700842768,15.8328068826066,2001
29.6039801881588,13.092945266042,2004
31.6970548001573,19.1116576696428,2010
28.3373556375503,10.9459717369964,2011
31.5533243546982,13.8205806461788,2011
30.1070367472658,18.5457190406475,2001
34.9579392815112,16.0753520093188,2013
24.2140884834417,12.0239500779398,2013
32.8918141280363,16.0663688564776,2011
27.124630003989,15.9406047167009,2006
29.4602497426997,18.9409777656601,2000
23.8008634527467,12.2934446631757,2013
37.1498285747628,20.1177707878567,2002
26.7383544318176,20.3243833032042,2001
26.1454663442987,10.4429151778894,2018
34.6525120849105,13.9014290217496,2010
27.9959958295849,9.82307763184697,2006
28.4810860830094,13.0390463489949,2011
24.2769705533301,18.4199549008708,2001
25.4896961868914,13.8026143404964,2002
28.7505806682453,16.1202677735248,2009
25.7142750079213,10.6135950818721,2002
24.2679874004889,16.8029873894556,2006
27.3671751307012,11.6017418944036,2006
31.2928129223035,20.6926925696932,2003
24.6991787368662,9.84104393752936,2007
25.974786440316,19.3182701849903,2007
32.3797744160882,11.1705505580262,2011
34.6525120849105,16.2550150661427,2004
27.35819197786,14.65601386041,2022
28.7865132796101,10.8920728199492,2013
25.0585048505141,13.9463447859556,2010
38.0122112475176,18.0067298701758,2009
32.6223195428004,21.1328670589117,2011
27.4300572005896,15.6711101314651,2015
31.7868863285693,11.8892027853219,2001
32.4426564859765,16.5604422627434,2011
24.2500210948065,12.5539560955703,2022
26.9539501000062,20.7645577924227,2020
32.9816456564482,14.7188959302984,2006
25.2471510601792,13.8385469518612,2022
25.0405385448317,12.1137816063517,2003
32.8379152109891,20.7376083338992,2011
26.0825842744103,12.1946299819225,2007
30.8795878916086,20.7915072509463,2001
25.9568201346336,11.7724217983863,2011
28.0858273579968,11.7364891870215,2001
29.3255024500818,11.3861462262149,2018
26.7293712789764,16.1562003848896,2013
28.1487094278852,13.7217659649257,2013
29.2266877688286,10.1554542869712,2013
27.1336131568302,13.8205806461788,2018
28.9571931835928,18.8331799315658,2013
28.2385409562972,10.3351173437951,2011
28.3104061790267,16.8119705422968,2007
27.1336131568302,13.4971871438958,2001
29.334485602923,12.6527707768235,2007
33.6374158138555,11.7724217983863,2001
28.876344808022,14.0002437030027,2006
24.8968080993725,12.0508995364634,2010
28.597867069945,11.7185228813392,2005
29.0200752534811,15.2489019479289,2015
26.1275000386163,10.3890162608423,2002
30.3136492626133,18.5008032764415,2003
31.3287455336683,11.3232641563266,2005
32.1102798308523,21.4472774083536,2001
25.5076624925738,11.6107250472448,2001
35.0747202684467,12.8234506808062,2006
25.5346119510974,20.9532040020878,2006
26.9808995585298,21.3843953384652,2011
27.1785289210361,13.4882039910546,2005
30.5741606950079,11.6286913529272,2012
30.3675481796604,19.488950088973,2011
31.1041667126384,18.8601293900894,2011
35.0298045042407,20.9981197662938,2022
36.1347323037078,22.2108453998552,2003
28.7505806682453,21.3394795742592,2022
26.208348414187,15.8417900354478,2006
28.0409115937909,13.5331197552606,2002
29.9902557603302,13.1737936416128,2001
31.9216336211872,16.0573857036364,2001
25.0046059334669,15.9765373280657,2011
27.1875120738773,13.919395327432,2001
35.8472714127895,21.6089741594951,2011
24.735111348231,17.6204542980044,2004
31.1131498654796,11.6825902699744,2001
32.972662503607,15.1051715024698,2024
28.0588778994733,20.9711703077702,2002
32.6672353070064,15.6261943672591,2012
27.6905686329843,20.8903219321995,2001
31.4275602149215,17.2072292673094,2013
37.7606829679641,17.602487992322,2001
35.5238779105065,20.3872653730925,2000
27.9870126767437,16.0484025507953,2010
30.6550090705787,21.8964350504133,2003
28.1127768165204,13.9822773973204,2001
32.4246901802941,15.7878911184006,2003
28.6966817511981,14.3505866638094,2002
27.6007371045723,17.5485890752749,2011
24.6812124311839,18.8241967787246,2004
25.6154603266682,16.820953695138,2001
31.9036673155048,21.8605024390486,2004
29.4782160483821,16.955700987756,2001
36.5659236400851,15.2938177121349,2005
33.6463989666967,12.9222653620593,2002
27.8702316898082,11.0627527239319,2003
28.463119777327,20.1357370935391,2007
21.9323676617781,12.9851474319477,2003
34.9848887400348,21.9683002731429,2014
25.6513929380329,17.2521450315154,2001
34.9130235173052,22.5791546663442,2001
24.8159597238018,14.5571991791568,2005
34.6974278491165,16.6951895553613,2024
27.6097202574135,15.1770367251993,2004
32.972662503607,16.9467178349148,2011
27.8432822312846,15.2129693365641,2001
25.3279994357499,12.8773495978533,2005
34.2303039013744,11.0986853352967,2011
25.516645645415,17.6563869093692,2001
26.8461522659119,15.1950030308817,2020
26.3700451653286,10.928005431314,2011
30.5112786251196,19.5518321588614,2001
34.94895612867,13.9912605501615,2014
29.01109210064,19.0128429883897,2001
27.9959958295849,17.0455325161679,2022
25.0764711561964,18.4469043593944,2011
31.1221330183208,15.1500872666757,2009
24.6093472084543,14.197873065509,2006
36.790502461115,19.0397924469133,2022
28.4182040131211,15.114154655311,2010
24.0523917323002,16.7580716252497,2015
34.5896300150222,11.5298766716741,2002
24.3757852345832,13.7487154234493,2004
25.3549488942735,15.7519585070358,2005
31.7868863285693,14.2158393711914,2011
32.9906288092894,17.2431618786742,2005
27.3671751307012,10.97292119552,2004
27.0258153227358,21.5191426310831,2012
34.1943712900096,10.0476564528768,2001
33.3679212286196,20.0279392594447,2006
25.3818983527971,17.602487992322,2006
22.6869525004385,13.82956379902,2011
34.4369164167219,18.842163084407,2005
25.7412244664449,17.6743532150516,2005
35.0837034212879,22.0850812600784,2005
29.8285590091887,11.6915734228156,2013
30.484329166596,20.5669284299164,2022
26.944966947165,19.6416636872733,2003
30.7897563631966,19.7853941327325,2024
28.4900692358506,19.9381077310328,2007
32.9277467394011,18.7253820974714,2022
25.3818983527971,21.8874518975721,2001
34.9669224343524,17.6833363678928,2000
29.3973676728113,17.9168983417639,2000
28.4271871659623,16.3628129002371,2001
34.6884446962753,13.9104121745908,2012
29.334485602923,19.1386071281664,2022
25.7502076192861,16.3358634417135,2006
26.989882711371,18.7163989446302,2000
32.0294314552815,13.8026143404964,2011
30.0621209830598,14.8895758342811,2001
35.0208213513995,12.6527707768235,2001
35.7664230372188,21.9323676617781,2011
32.5774037785945,16.8299368479792,2001
23.306790046481,13.4971871438958,2022
31.176031935368,12.4192088029524,2001
28.7595638210865,19.0218261412309,2011
24.2859537061713,16.8299368479792,2001
27.5917539517311,21.2047322816413,2005
29.6399127995236,17.6743532150516,2011
27.1066636983066,18.3570728309824,2001
32.1102798308523,15.760941659877,2004
27.6187034102547,20.1357370935391,2014
32.002481996758,15.0961883496286,2000
24.7171450425486,10.2542689682243,2022
22.938480779992,13.2456588643423,2003
33.1433424075897,14.0990583842559,2002
30.6190764592139,11.7634386455451,2005
32.2450271234702,16.0124699394305,2006
35.227433866747,19.5518321588614,2002
25.8759717590628,14.1260078427795,2010
35.0118381985584,16.129250926366,2007
32.5145217087061,15.9495878695421,2002
32.2989260405174,19.488950088973,2013
34.1404723729624,16.8389200008204,2011
30.9245036558145,11.4041125318973,2006
30.3226324154544,19.6147142287498,2009
31.4365433677627,16.8389200008204,2011
32.5953700842768,12.7426023052354,2020
31.3017960751447,18.9230114599777,2005
33.5116516740788,13.7936311876553,2022
28.876344808022,15.8867057996537,2001
28.7326143625629,21.9862665788253,2013
26.7742870431823,15.114154655311,2005
22.0311823430313,13.092945266042,2005
32.3797744160882,12.7965012222826,2001
34.8501414474168,18.2313086912057,2011
30.9245036558145,21.8515192862074,2011
31.7240042586809,15.7339922013534,2010
35.7754061900599,19.210472350896,2005
34.5626805564986,16.9287515292324,2011
29.4692328955409,21.6538899237011,2013
34.5986131678634,19.488950088973,2011
30.7358574461494,16.4077286644431,2005
24.1871390249181,17.189262961627,2022
23.4954362561461,13.3175240870719,2001
25.0315553919905,13.4882039910546,2022
27.4839561176368,10.8202075972196,2001
24.4476504573128,16.7850210837733,2005
32.8648646695127,13.2995577813895,2011
24.2500210948065,9.23018954432808,2006
28.2924398733443,17.1084145860563,2003
32.3977407217705,16.2639982189839,2011
30.3855144853428,20.0638718708095,2010
27.124630003989,10.2183363568596,2011
36.1706649150725,17.234178725833,2011
23.6391667016052,13.3624398512779,2006
31.544341201857,11.5927587415624,2022
25.7142750079213,11.3232641563266,2013
29.5410981182705,18.9050451542953,2001
29.3883845199701,9.88595970173533,2006
33.9877587746621,10.5776624705074,2022
25.6334266323505,18.8960620014541,2005
23.3337395050046,14.3505866638094,2011
26.2622473312342,19.0308092940721,2008
34.4369164167219,14.566182331998,2011
29.4602497426997,19.5158995474966,2011
23.585267784558,10.1285048284476,2005
28.7056649040393,16.0933183150012,2022
28.508035541533,19.7764109798913,2011
36.745586696909,16.5694254155846,2011
32.2001113592643,13.3444735455955,2013
35.964052399725,14.2158393711914,2013
24.9417238635785,14.4853339564273,2005
31.7599368700457,15.1770367251993,2001
26.4149609295345,21.0250692248174,2010
30.9334868086557,19.3362364906727,2005
37.4462726185223,18.7882641673598,2020
27.0707310869418,13.506170296737,2011
33.6194495081731,15.5004302274823,2011
24.1422232607121,13.5780355194666,2010
35.3801474650474,18.3121570667764,2014
36.8623676838446,19.7764109798913,2000
27.0707310869418,17.8540162718755,2003
27.2863267551305,14.9973736683754,2022
29.0829573233695,21.465243714036,2004
29.1907551574639,13.0839621132008,2015
27.4839561176368,17.3329934070862,2022
30.6909416819435,19.0218261412309,2006
25.3010499772263,18.2762244554117,2011
30.3405987211368,11.5208935188329,2004
35.6496420502832,17.647403756528,2001
34.8321751417345,13.8115974933376,2006
28.3732882489151,14.3056708996034,2001
28.8853279608632,21.8605024390486,2011
24.2320547891241,16.4885770400138,2002
28.8224458909749,15.347716629182,2011
36.8084687667974,21.4382942555124,2024
30.2866998040897,15.4465313104352,2022
31.3107792279859,12.4910740256819,2001
31.3287455336683,22.0311823430313,2001
36.0628670809782,16.6143411797906,2013
25.6693592437153,19.1475902810076,2005
31.8138357870929,20.962187154929,2002
29.5410981182705,18.1504603156349,2002
25.5705445624622,14.9255084456458,2009
31.5802738132218,14.9255084456458,2003
28.9841426421164,11.9341185495278,2011
30.762806904673,12.5629392484115,2010
29.4782160483821,12.5090403313643,2016
30.6460259177375,14.934491598487,2001
27.5468381875251,14.2517719825562,2013
31.26586346378,19.9381077310328,2011
25.1303700732436,12.5809055540939,2006
31.589256966063,20.2884506918394,2014
36.3593111247376,14.8087274587103,2020
29.8195758563475,12.0239500779398,2008
31.4095939092391,14.1529573013031,2010
33.475719062714,14.4673676507449,2016
25.1124037675612,15.1590704195169,2008
28.4092208602799,12.4371751086348,2011
34.2931859712627,17.8899488832403,2009
29.2716035330346,21.052018683341,2011
25.9208875232688,18.7343652503126,2003
34.535731097975,20.5579452770752,2007
26.1454663442987,21.4832100197184,2022
34.6704783905929,12.5359897898879,2001
28.8493953494984,15.6800932843062,2013
22.893565015786,14.6739801660924,2011
27.7624338557138,14.5482160263157,2011
27.8522653841258,10.1824037454948,2022
28.9751594892752,21.1687996702765,2011
35.4520126877769,14.9614410570106,2000
29.747710633618,21.5191426310831,2011
30.6280596120551,13.4073556154839,2001
30.0800872887422,16.2280656076192,2013
30.9873857257029,21.8245698276838,2004
31.0053520313853,14.4943171092685,2011
27.4210740477484,13.82956379902,2001
26.7563207375,10.3081678852715,2011
25.2561342130203,17.9887635644934,2001
32.4965554030237,21.0610018361822,2001
31.3197623808271,10.4968140949366,2015
27.7444675500314,12.6168381654587,2007
31.176031935368,18.8511462372482,2013
30.6639922234199,11.7275060341804,2003
24.3039200118537,18.4469043593944,2004
36.1796480679137,22.5971209720266,2001
25.3369825885911,21.3574458799416,2010
35.8472714127895,17.1533303502623,2004
31.1580656296856,18.707415791789,2001
26.2712304840754,15.850773188289,2005
24.0703580379826,19.1386071281664,2000
23.7469645356996,9.21222323864569,2022
24.0523917323002,16.7221390138849,2009
30.6460259177375,15.5363628388471,2004
29.8016095506651,14.0451594672087,2014
27.9780295239025,19.947090883874,2001
30.5112786251196,21.8155866748426,2022
33.6284326610143,17.9168983417639,2001
35.7035409673304,12.9761642791065,2011
24.6452798198191,19.7494615213677,2004
24.1332401078709,18.6265674162183,2015
31.7779031757281,21.7976203691602,2007
31.2389140052564,13.3265072399131,2003
35.3801474650474,20.5130295128693,2011
32.69418476553,15.8687394939713,2006
22.5791546663442,13.7756648819729,2001
30.6550090705787,14.7817780001867,2011
32.9097804337187,19.0397924469133,2010
34.7243773076401,11.3232641563266,2011
36.2874459020081,15.0872051967874,2004
24.3578189289008,17.8809657303991,2002
31.4006107563979,13.6678670478785,2000
33.888944093409,12.6707370825059,2001
23.9625602038882,9.06849279318657,2011
30.7089079876258,11.4220788375797,2002
33.0714771848602,12.769551763759,2022
30.4034807910252,11.5208935188329,2003
26.5946239863584,18.2043592326821,2011
33.4847022155552,12.5180234842055,2011
25.4268141170031,21.9144013560957,2011
30.0980535944246,21.4023616441476,2007
31.6790884944749,18.2582581497293,2011
27.9870126767437,18.8062304730422,2012
24.5644314442483,18.7163989446302,2011
28.9392268779104,17.8270668133519,2022
26.1185168857751,12.2036131347637,2022
28.9482100307516,21.0879512947058,2015
36.6557551684971,16.8119705422968,2011
27.5558213403663,16.4616275814902,2011
29.1188899347343,9.96680807730609,2008
33.0535108791778,14.4583844979037,2001
28.5439681528978,18.1953760798409,2004
28.8044795852925,15.0333062797402,2022
33.6733484252203,19.0128429883897,2005
35.595743133236,19.2374218094196,2001
34.3650511939923,16.9197683763912,2008
23.2708574351162,12.4641245671584,2010
25.1393532260848,19.0218261412309,2003
31.7958694814105,11.206483169391,2015
33.8709777877266,17.4946901582277,2011
34.6704783905929,15.024323126899,2011
36.2425301378021,19.2464049622607,2002
27.5648044932075,19.6147142287498,2006
29.2177046159874,21.6718562293835,2003
23.3247563521634,12.7785349166002,2000
32.69418476553,20.360315914569,2001
31.9485830797108,15.0333062797402,2011
27.0617479341006,16.174166690572,2000
24.1062906493474,19.2194555037372,2001
31.8138357870929,11.7544554927039,2005
23.3606889635282,14.979407362693,2011
35.5687936747125,17.9348646474462,2022
35.7125241201716,20.8903219321995,2011
24.7620608067546,14.2158393711914,2018
26.989882711371,11.3861462262149,2004
36.7096540855443,21.2137154344825,2011
24.4207009987892,12.5988718597763,2010
33.7362304951086,10.6495276932369,2007
24.8339260294842,15.1411041138345,2022
24.869858640849,14.1439741484619,2006
33.9428430104561,13.4432882268486,2002
24.6003640556131,17.9438478002874,2011
25.5346119510974,19.3272533378315,2011
25.6873255493977,15.302800864976,2011
36.1526986093901,21.1867659759589,2007
28.139726275044,13.4073556154839,2011
30.9604362671793,17.8989320360815,2008
27.448023506272,14.611098096204,2011
31.3556949921919,21.2496480458473,2024
24.5913809027719,18.752331555995,2013
31.6521390359513,17.1173977388975,2007
25.5435951039386,19.6955626043205,2002
32.9816456564482,20.5579452770752,2002
24.0164591209354,18.8691125429305,2006
31.0323014899089,16.0394193979541,2002
28.2115914977736,21.9683002731429,2001
32.2719765819938,16.6951895553613,2001
32.002481996758,20.5220126657105,2001
32.2989260405174,17.5845216866396,2002
29.334485602923,17.3868923241333,2002
26.2442810255518,10.2991847324303,2011
32.9457130450835,13.2097262529776,2011
32.5414711672297,19.2374218094196,2000
34.8501414474168,22.525255749297,2004
25.5525782567798,21.5730415481303,2022
34.3021691241039,18.9409777656601,2001
29.199738310305,18.1324940099525,2007
22.3994916095203,13.1198947245656,2001
24.4835830686776,17.3060439485626,2013
27.6726023273019,16.9197683763912,2006
31.7958694814105,10.5776624705074,2011
32.9277467394011,14.5302497206333,2020
33.7002978837439,20.7196420282168,2002
34.8052256832109,14.7458453888219,2010
35.4699789934593,16.2280656076192,2022
28.7595638210865,12.3024278160168,2001
35.0926865741291,12.5090403313643,2002
31.7150211058397,16.587391721267,2000
23.0822112254511,14.7638116945043,2013
25.8310559948568,17.5216396167513,2006
32.7840162939419,16.9018020707088,2008
23.3606889635282,11.8622533267983,2006
30.4663628609136,13.596001825149,2003
24.1242569550298,8.8259476664743,2010
26.2802136369166,21.5101594782419,2001
24.4835830686776,14.8356769172339,2022
30.7268742933082,21.8066035220014,2011
36.3054122076905,16.1651835377308,2013
26.2622473312342,15.6172112144179,2000
25.3818983527971,18.6175842633771,2024
26.4508935408993,11.8802196324807,2003
35.0657371156055,16.3089139831899,2001
32.3618081104058,16.7580716252497,2011
36.7096540855443,17.9168983417639,2022
27.5917539517311,14.5212665677921,2004
27.1875120738773,11.7993712569099,2011
27.9510800653789,10.9459717369964,2001
34.6165794735458,19.0667419054368,2010
33.2152076303193,18.384022289506,2011
32.5953700842768,19.0936913639604,2002
33.8350451763618,12.077848994987,2011
30.2328008870425,17.2251955729918,2011
29.01109210064,19.0847082111192,2003
33.3679212286196,20.9532040020878,2011
26.6754723619292,13.8026143404964,2004
36.7366035440678,17.8809657303991,2002
29.1278730875755,14.1349909956207,2004
24.7530776539134,17.279094490039,2001
30.0351715245362,11.0807190296143,2010
26.7563207375,17.2970607957214,2000
36.8084687667974,17.189262961627,2000
30.5202617779607,18.0067298701758,2011
28.0049789824261,19.533865853179,2001
34.212337595692,20.2076023162686,2004
28.0139621352673,10.5866456233486,2022
35.0926865741291,18.0696119400642,2001
32.5324880143885,20.0818381764919,2001
33.9248767047737,18.8870788486129,2011
26.8371691130707,19.8752256611444,2022
31.589256966063,11.6915734228156,2010
31.2299308524152,19.4530174776082,2015
26.3071630954402,14.332620358127,2014
35.6137094389184,21.42032794983,2022
26.9539501000062,21.1777828231177,2001
30.6100933063727,17.1443471974211,2001
29.657879105206,11.4580114489445,2000
26.621573444882,19.3272533378315,2001
27.0527647812594,17.2521450315154,2010
23.3337395050046,11.1436010995027,2022
33.2960560058901,17.8809657303991,2020
30.6639922234199,14.0721089257323,2003
28.9751594892752,19.947090883874,2011
27.5019224233192,13.1288778774068,2004
24.7081618897074,14.4224518865389,2014
27.2683604494481,21.1059176003882,2003
25.6873255493977,16.7850210837733,2009
30.9424699614969,19.6057310759086,2010
29.3075361443994,10.3979994136835,2000
31.0053520313853,10.4159657193659,2013
38.0032280946764,17.6114711451632,2009
30.5112786251196,13.0390463489949,2011
26.711404973294,13.182776794454,2020
35.964052399725,17.5216396167513,2010
25.1752858374496,14.9075421399635,2011
33.709281036585,19.5069163946554,2016
27.816332772761,11.5478429773564,2010
35.3801474650474,22.201862247014,2001
34.12250606728,17.8001173548283,2020
33.5565674382847,17.8629994247167,2006
28.2475241091384,18.8960620014541,2002
31.0143351842265,16.1921329962544,2011
26.6485229034056,14.611098096204,2013
35.5777768275537,17.368926018451,2001
28.4182040131211,21.6538899237011,2004
23.3876384220517,12.7785349166002,2001
32.6133363899592,18.9140283071365,2011
30.7717900575142,15.2129693365641,2024
30.717891140467,19.8662425083032,2013
28.7056649040393,20.5669284299164,2001
27.2414109909245,21.8425361333662,2013
33.754196800791,20.9711703077702,2005
27.3851414363836,13.2456588643423,2003
24.1601895663945,12.8683664450121,2002
26.2352978727106,19.4081017134023,2001
31.4455265206039,12.1766636762401,2001
34.7513267661637,19.9830234952388,2011
30.3405987211368,21.7347382992718,2006
28.6158333756274,15.9855204809069,2012
26.0646179687279,10.4159657193659,2003
26.6125902920408,17.5216396167513,2011
25.561561409621,19.8842088139856,2001
26.1993652613458,12.0598826893046,2022
30.9424699614969,21.9952497316665,2007
36.9342329065741,18.1414771627937,2001
29.199738310305,20.3243833032042,2001
35.1016697269703,13.0659958075184,2011
30.1519525114717,20.2974338446806,2001
27.1695457681949,19.4260680190847,2014
31.3646781450331,17.3779091712921,2001
23.4864531033049,12.6976865410294,2013
28.1127768165204,10.7303760688077,2006
24.3129031646949,17.5216396167513,2016
29.9453399961243,19.5697984645438,2011
23.2708574351162,12.5809055540939,2001
30.1070367472658,17.970797258811,2001
31.0412846427501,14.8716095285987,2005
33.5026685212376,14.6919464717748,2011
33.6374158138555,10.7483423744901,2011
26.343095706805,15.069238891105,2001
28.4002377074387,16.6412906383141,2011
26.9000511829591,19.7135289100029,2011
26.4958093051053,19.9740403423976,2022
24.0254422737766,9.7691787147998,2005
24.1961221777593,16.9018020707088,2011
31.6790884944749,13.7307491177669,2004
24.2230716362829,10.3890162608423,2022
34.4099669581983,14.3685529694917,2022
35.1286191854939,13.3534566984367,2020
27.7893833142374,21.7616877577954,2008
29.3255024500818,21.4562605611948,2011
34.2931859712627,17.4228249354981,2001
25.2920668243851,21.6359236180187,2002
37.0959296577156,20.5040463600281,2011
31.5623075075394,11.5837755887212,2011
30.8167058217202,17.189262961627,2005
30.3855144853428,14.3505866638094,2001
27.1605626153537,18.0696119400642,2022
24.2859537061713,17.6653700622104,2022
25.3010499772263,18.3121570667764,2008
25.9478369817924,17.5216396167513,2012
25.7232581607625,11.6107250472448,2010
30.6011101535315,13.506170296737,2001
30.8616215859262,12.2934446631757,2001
22.983396544198,12.2395457461285,2011
30.349581873978,16.7580716252497,2001
25.0225722391493,15.1680535723581,2002
23.0193291555627,14.7099127774572,2011
34.6075963207046,20.0548887179683,2001
24.6991787368662,12.7066696938706,2004
26.3071630954402,16.129250926366,2011
33.6014832024907,14.7817780001867,2004
23.9805265095706,13.2456588643423,2007
33.8619946348854,19.5608153117026,2008
28.3553219432327,13.7936311876553,2011
29.4422834370173,10.9998706540435,2007
34.7243773076401,21.4023616441476,2022
27.9959958295849,14.5931317905216,2016
24.6542629726603,14.0182100086851,2005
30.0890704415834,17.9618141059698,2011
35.3082822423178,19.2553881151019,2004
35.8742208713131,15.8238237297654,2011
27.3312425193364,21.1687996702765,2010
29.5410981182705,10.5776624705074,2022
31.2478971580976,18.0336793286994,2022
32.325875499041,19.8303098969384,2011
31.3646781450331,14.1260078427795,2010
27.0976805454654,21.1957491288001,2011
33.340971770096,15.8148405769242,2022
35.6945578144892,21.3933784913064,2011
23.9625602038882,13.8385469518612,2011
35.5328610633477,17.2251955729918,2005
28.9392268779104,20.6567599583284,2011
37.4552557713635,17.324010254245,2013
33.6823315780615,15.3117840178172,2011
25.9029212175864,16.7490884724085,2011
32.5504543200709,21.3035469628945,2010
31.8946841626636,19.9381077310328,2007
29.5590644239529,13.5780355194666,2003
25.0135890863081,20.0459055651271,2011
28.2834567205031,13.2546420171835,2010
30.4034807910252,14.1529573013031,2004
29.5141486597469,16.7131558610437,2013
30.2058514285189,12.4551414143172,2002
35.227433866747,16.1382340792072,2018
32.9906288092894,21.1418502117529,2014
29.8644916205535,13.7936311876553,2015
26.7832701960235,14.3416035109682,2010
23.4595036447813,10.6944434574429,2016
28.5349850000566,20.5848947355988,2011
32.5594374729121,16.1651835377308,2022
29.4063508256525,19.578781617385,2006
34.7603099190049,13.0120968904713,2001
32.3797744160882,18.2043592326821,2012
30.2148345813601,20.270484386157,2006
30.484329166596,15.4195818519116,2001
23.261874282275,12.2485288989697,2010
26.2891967897578,16.1202677735248,2006
32.5055385558649,20.3962485259337,2014
27.9241306068553,10.2902015795891,2015
23.0103460027215,13.2456588643423,2005
25.5974940209858,21.2676143515297,2004
24.824942876643,17.4048586298157,2001
34.1404723729624,21.4382942555124,2001
35.4699789934593,19.7135289100029,2005
29.3255024500818,10.5686793176662,2009
34.993871892876,13.7397322706081,2001
31.6880716473161,16.1651835377308,2010
26.3969946238521,18.4648706650768,2013
25.6963087022389,13.5421029081018,2014
30.4034807910252,15.5902617558943,2013
37.482205229887,18.6894494861066,2006
31.6880716473161,11.6915734228156,2003
26.5047924579465,21.2316817401649,2006
30.349581873978,14.7638116945043,2013
29.244654074511,13.1468441830892,2011
36.3862605832612,21.4113447969888,2018
34.4369164167219,20.0279392594447,2011
35.1555686440175,15.0153399740578,2010
27.2414109909245,20.6747262640108,2001
34.7782762246873,12.679720235347,2014
34.0775903030741,21.4472774083536,2015
33.0445277263366,15.7519585070358,2011
24.1512064135533,11.4490282961033,2002
37.2396601031748,17.5755385337984,2022
31.3467118393507,13.6409175893549,2008
27.2683604494481,19.8842088139856,2011
24.50154937436,14.0271931615263,2001
28.6876985983569,20.4411642901397,2014
34.1853881371684,10.1734205926536,2007
29.9004242319183,16.5065433456962,2009
29.4333002841761,15.7519585070358,2002
27.1875120738773,20.4950632071869,2010
24.4386673044716,15.850773188289,2010
25.3908815056383,12.8504001393298,2013
31.2478971580976,16.129250926366,2014
26.8641185715943,9.67934718638784,2001
32.002481996758,11.1436010995027,2010
33.52063482692,13.919395327432,2022
27.2234446852421,16.5694254155846,2001
27.2144615324009,13.7487154234493,2005
28.2565072619796,18.8062304730422,2003
27.8702316898082,9.70629664491143,2005
29.3075361443994,17.2162124201506,2011
33.9787756218209,18.5008032764415,2010
24.6273135141367,15.5992449087355,2011
29.1638056989403,12.7875180694414,2015
29.4333002841761,11.5388598245153,2001
34.5087816394514,14.9614410570106,2007
35.3891306178886,17.6833363678928,2001
23.0822112254511,10.6854603046017,2022
36.37727743042,16.8568863065028,2011
26.1095337329339,18.4379212065532,2011
30.4483965552312,21.788637216319,2006
28.2565072619796,21.7167719935894,2011
24.7081618897074,11.5388598245153,2008
29.8375421620299,12.4820908728408,2004
25.6873255493977,12.446158261476,2014
25.4627467283678,15.4824639218,2014
30.349581873978,12.6437876239823,2022
34.12250606728,21.7706709106366,2011
33.2062244774781,11.3052978506442,2022
31.6970548001573,19.8213267440972,2005
34.0236913860269,11.3232641563266,2001
26.621573444882,21.7347382992718,2022
24.4835830686776,9.46375151819916,2013
36.2515132906433,15.9945036337481,2010
35.2454001724294,21.9323676617781,2007
27.0168321698946,15.2938177121349,2002
24.3039200118537,14.197873065509,2018
25.2830836715439,13.7756648819729,2006
27.9420969125377,21.9413508146193,2011
33.6194495081731,21.1059176003882,2022
27.4210740477484,9.7691787147998,2004
30.4663628609136,11.296314697803,2006
36.5569404872439,16.5245096513786,2005
35.3981137707298,17.4767238525453,2008
26.8371691130707,19.444034324767,2012
29.334485602923,15.7878911184006,2003
25.5705445624622,19.6057310759086,2008
29.0649910176871,21.9593171203017,2011
36.3323616662141,21.1508333645941,2013
31.8407852456164,13.3983724626427,2002
28.1576925807264,11.296314697803,2010
22.983396544198,10.8291907500608,2006
32.8828309751951,12.446158261476,2020
25.4627467283678,17.1353640445799,2024
24.3847683874244,8.87086343068027,2013
34.4638658752454,15.8238237297654,2011
37.3384747844279,17.8629994247167,2005
24.2590042476477,12.6078550126175,2006
35.8113388014247,17.9618141059698,2022
27.2863267551305,16.6592569439965,2001
33.9967419275033,18.8601293900894,2010
24.7710439595958,14.7368622359807,2006
24.8878249465313,19.947090883874,2011
24.2410379419653,13.1468441830892,2010
29.0739741705283,20.6028610412812,2001
30.8616215859262,18.2582581497293,2001
36.8444013781622,21.007102919135,2003
23.0642449197687,14.4943171092685,2011
24.2500210948065,17.4048586298157,2013
34.2213207485332,10.2902015795891,2003
29.8016095506651,17.7731678963047,2006
28.597867069945,9.33798737842243,2014
33.2152076303193,16.9646841405972,2011
28.18464203925,13.506170296737,2014
35.7664230372188,17.3599428656098,2011
33.3948706871432,21.1418502117529,2001
28.0768442051556,16.91078522355,2002
24.1422232607121,19.5069163946554,2001
26.7832701960235,13.7217659649257,2001
34.8052256832109,20.6298104998048,2022
29.1727888517815,20.1986191634274,2001
26.1724158028223,19.9650571895564,2011
28.0768442051556,10.9190222784728,2003
34.625562626387,17.5126564639101,2022
28.966176336434,16.1472172320484,2009
28.2385409562972,10.8291907500608,2011
31.5533243546982,12.8683664450121,2020
26.0915674272515,17.0095999048031,2001
34.6794615434341,14.4134687336977,2013
32.1192629836935,21.375412185624,2000
24.6452798198191,10.6854603046017,2001
23.6481498544464,8.78103190226832,2013
26.0197022045219,13.6049849779902,2015
33.5026685212376,12.7965012222826,2005
30.2507671927249,18.2223255383645,2011
26.1903821085047,20.3243833032042,2010
27.079714239783,10.2183363568596,2001
27.816332772761,18.3660559838236,2007
22.7228851118033,12.2036131347637,2001
31.7329874115221,19.3452196435139,2009
30.8346721274026,11.9341185495278,2013
32.9457130450835,18.0875782457466,2014
28.6248165284686,16.2639982189839,2011
36.6557551684971,18.4109717480296,2011
24.9327407107373,13.3175240870719,2022
25.148336378926,16.08433516216,2000
35.4789621463005,19.7943772855737,2004
31.8138357870929,12.356326733064,2011
30.1609356643129,20.3243833032042,2008
31.5712906603806,11.4490282961033,2011
31.8407852456164,20.4142148316161,2008
28.4361703188035,16.1921329962544,2008
36.2155806792785,13.5600692137842,2004
35.0477708099231,14.1260078427795,2011
25.8669886062216,16.865869459344,2011
35.1376023383351,12.4102256501112,2007
29.6039801881588,15.2938177121349,2022
25.1124037675612,17.925881494605,2001
25.10342061472,15.069238891105,2001
35.6765915088068,16.7670547780909,2014
29.7387274807768,12.5449729427291,2004
35.5148947576653,21.1598165174353,2004
35.7664230372188,18.060628787223,2000
24.9776564749433,11.7364891870215,2014
31.7868863285693,14.5751654848392,2013
32.325875499041,13.7397322706081,2011
33.0265614206542,19.5877647702262,2022
32.6582521541652,15.6531438257827,2013
34.7333604604813,15.3207671706584,2011
33.6463989666967,11.0268201125671,2000
34.8770909059404,14.5392328734745,2001
33.0984266433838,14.700929624616,2013
32.8918141280363,14.7278790831396,2001
28.0409115937909,13.0390463489949,2014
31.5533243546982,19.3991185605611,2010
23.8996781339999,9.87697654889414,2001
36.3233785133729,14.8266937643927,2001
25.92987067611,14.700929624616,2011
33.6823315780615,15.5094133803235,2006
22.7857671816917,13.6768502007197,2005
29.0380415591635,19.5608153117026,2011
32.5594374729121,20.4142148316161,2003
25.6783423965565,21.3664290327828,2022
32.4875722501825,13.4163387683251,2010
31.86773470414,18.0785950929054,2020
35.8203219542659,18.4828369707592,2011
28.9751594892752,12.6168381654587,2020
32.972662503607,16.7131558610437,2000
27.5827707988899,17.5036733110689,2011
31.4006107563979,11.4220788375797,2010
31.1490824768444,17.0545156690091,2011
32.8109657524655,17.7552015906223,2002
25.6963087022389,12.4641245671584,2011
34.2033544428508,15.5094133803235,2008
32.5863869314356,21.0160860719762,2014
26.1634326499811,16.820953695138,2003
31.1580656296856,21.3394795742592,2015
36.4401595003084,18.8691125429305,2001
25.1213869204024,18.5367358878063,2011
26.1813989556635,16.5694254155846,2022
25.0315553919905,21.7976203691602,2007
32.1012966780111,21.3574458799416,2010
34.1764049843272,12.3203941216992,2011
27.9690463710613,16.5784085684258,2011
35.9101534826779,17.7462184377811,2001
27.4570066591132,11.3771630733737,2016
28.0319284409497,10.3800331080011,2010
28.6607491398333,19.1745397395312,2022
27.5917539517311,21.5371089367655,2004
24.7890102652782,11.4580114489445,2011
28.876344808022,14.8626263757575,2010
31.3197623808271,10.1734205926536,2011
36.3233785133729,15.0063568212166,2013
31.7958694814105,12.7066696938706,2011
34.3470848883099,21.0250692248174,2011
28.3014230261855,12.9132822092181,2011
34.6884446962753,21.8784687447309,2008
33.52063482692,13.3983724626427,2013
24.4207009987892,16.3987455116019,2001
25.4537635755266,21.3843953384652,2011
36.8623676838446,20.8543893208347,2001
30.6819585291023,21.4293111026712,2022
28.3553219432327,13.7307491177669,2007
33.6463989666967,19.120640822484,2015
25.0495216976729,12.4731077199996,2001
23.5403520203521,11.3322473091678,2011
30.2238177342013,11.1166516409791,2005
29.6758454108884,16.129250926366,2020
27.7983664670786,16.9646841405972,2002
30.9784025728617,18.2043592326821,2013
29.5590644239529,13.1737936416128,2001
30.5561943893255,15.3656829348644,2006
34.6075963207046,16.5245096513786,2014
25.7412244664449,16.8479031536616,2010
34.4997984866102,21.1867659759589,2000
24.6722292783427,12.2664952046521,2011
24.7261281953898,10.3979994136835,2001
34.904040364464,11.296314697803,2013
31.2119645467328,9.86799339605294,2007
29.657879105206,21.052018683341,2022
33.1523255604309,18.8870788486129,2010
31.3916276035567,17.2970607957214,2022
31.6701053416337,14.5841486376804,2002
35.3531980065238,14.1799067598266,2000
34.9848887400348,14.0182100086851,2014
27.0707310869418,17.5485890752749,2000
30.5112786251196,17.6114711451632,2001
27.2593772966069,21.8515192862074,2013
30.8885710444498,20.3872653730925,2007
36.3593111247376,17.7102858264164,2009
23.6481498544464,14.9434747513282,2009
32.2629934291526,21.0610018361822,2011
36.5479573344027,15.437548157594,2015
29.0470247120047,20.9711703077702,2013
28.4092208602799,10.14647113413,2013
25.7322413136037,14.1799067598266,2011
31.454509673445,13.22769255866,2000
25.4088478113207,19.2464049622607,2007
33.107409796225,13.6768502007197,2008
25.0674880033553,13.2456588643423,2022
23.306790046481,15.6621269786239,2013
33.8170788706794,10.8920728199492,2013
26.8192028073883,12.8953159035357,2013
28.552951305739,11.5119103659917,2001
26.9539501000062,11.0268201125671,2006
30.1339862057894,15.3117840178172,2003
25.2022352959732,21.8784687447309,2022
31.1221330183208,21.6269404651775,2020
36.0898165395018,19.4979332418142,2011
25.7052918550801,16.5245096513786,2011
26.5227587636289,15.4824639218,2013
23.2708574351162,12.724635999553,2011
28.7056649040393,12.9402316677417,2013
27.4120908949072,17.1263808917387,2005
23.8367960641115,13.2546420171835,2005
27.1066636983066,19.0128429883897,2010
33.3589380757784,16.6502737911553,2006
31.3017960751447,11.2783483921206,2004
28.966176336434,11.9970006194162,2001
33.8530114820442,11.9341185495278,2001
36.3233785133729,22.0042328845077,2014
34.2662365127392,10.1374879812888,2000
34.9759055871936,17.3150271014038,2013
28.7056649040393,11.341230462009,2016
26.2622473312342,16.129250926366,2001
26.5227587636289,12.446158261476,2010
26.5227587636289,16.1023014678424,2011
24.9147744050549,14.6649970132512,2002
29.9902557603302,17.0994314332151,2001
35.7035409673304,21.0610018361822,2011
27.6815854801431,17.0365493633267,2010
30.0980535944246,19.6775962986381,2001
35.1286191854939,19.1386071281664,2011
33.844028329203,17.324010254245,2022
36.7096540855443,16.4346781229666,2005
35.0567539627643,13.5600692137842,2007
22.6420367362325,11.6376745057684,2002
25.5076624925738,15.8148405769242,2000
29.8195758563475,14.4673676507449,2011
25.516645645415,18.4379212065532,2006
33.754196800791,21.465243714036,2011
22.3725421509967,13.7936311876553,2014
24.2679874004889,19.7674278270501,2015
26.3341125539638,20.1986191634274,2005
33.6104663553319,10.514780400619,2010
33.3769043814608,20.315400150363,2009
35.0567539627643,15.7250090485122,2000
28.4810860830094,11.6107250472448,2005
28.4900692358506,17.8629994247167,2015
25.1842689902908,12.9132822092181,2024
32.1821450535819,15.5363628388471,2009
26.4149609295345,20.6028610412812,2003
31.86773470414,19.444034324767,2001
34.2662365127392,10.514780400619,2011
31.3736612978743,10.8561402085844,2007
24.9057912522137,17.9348646474462,2002
26.1095337329339,12.9222653620593,2006
32.9277467394011,17.1443471974211,2011
34.0147082331857,14.0541426200499,2011
36.1167659980254,22.6510198890737,2011
25.9837695931572,18.4469043593944,2005
23.953577051047,9.21222323864569,2011
36.2155806792785,19.16555658669,2013
35.2813327837942,12.6078550126175,2001
28.1307431222028,18.2313086912057,2011
26.5497082221525,18.9230114599777,2008
32.325875499041,13.0300631961537,2011
32.9187635865599,21.4832100197184,2022
32.1551955950583,17.0545156690091,2001
29.657879105206,19.5158995474966,2001
33.2691065473665,21.2406648930061,2001
27.3402256721776,10.9819043483611,2004
37.158811727604,17.9528309531286,2022
25.1213869204024,21.9503339674605,2009
29.9992389131714,13.182776794454,2001
29.4782160483821,10.4069825665247,2016
35.9820187054074,21.9323676617781,2003
23.4235710334165,11.7544554927039,2011
22.4444073737262,12.311410968858,2011
33.2511402416841,15.805857424083,2009
32.6762184598476,17.647403756528,2011
33.2152076303193,21.9503339674605,2001
30.8795878916086,11.3052978506442,2005
25.0585048505141,18.2762244554117,2010
24.2590042476477,8.94272865340984,2007
37.0420307406685,19.1386071281664,2014
32.325875499041,13.9373616331144,2010
27.1156468511478,21.5460920896067,2010
25.1842689902908,12.5449729427291,2024
29.4692328955409,19.9740403423976,2002
26.3071630954402,15.8597563411302,2001
22.8306829458976,11.4580114489445,2011
29.1099067818931,14.287704593921,2001
29.3255024500818,19.0577587525956,2020
29.5321149654293,14.7188959302984,2001
27.4120908949072,15.4914470746411,2014
30.2148345813601,11.4130956847385,2011
27.9331137596965,21.6089741594951,2011
36.2515132906433,21.9683002731429,2011
28.552951305739,14.8805926814399,2024
35.5777768275537,20.360315914569,2003
32.1012966780111,10.793258138696,2022
24.0344254266178,18.1684266213173,2010
30.0980535944246,18.2223255383645,2003
34.9130235173052,13.874479563226,2022
32.7929994467831,17.6743532150516,2003
27.9331137596965,17.7013026735752,2010
32.9996119621306,15.9316215638597,2009
36.8893171423682,20.2165854691098,2011
26.8461522659119,11.9251353966866,2013
33.2960560058901,15.0872051967874,2011
22.7588177231681,12.6078550126175,2008
32.2540102763114,21.833552980525,2006
35.8113388014247,15.9495878695421,2006
32.1012966780111,14.5482160263157,2002
26.3161462482814,20.1357370935391,2001
26.4958093051053,18.2852076082529,2022
29.5231318125881,14.3595698166506,2006
33.3948706871432,14.5392328734745,2006
22.5432220549794,12.5000571785231,2002
37.2306769503336,19.3182701849903,2006
23.6840824658112,9.25713900285167,2001
36.0359176224546,21.1957491288001,2001
29.289569838717,18.2313086912057,2011
33.2780897002077,13.1917599472952,2001
33.8799609405678,17.970797258811,2009
33.2870728530489,15.7250090485122,2022
27.3851414363836,20.8454061679935,2022
25.6873255493977,13.7756648819729,2012
27.2773436022893,21.1598165174353,2003
34.5267479451338,13.2815914757071,2005
31.9036673155048,15.3387334763408,2011
32.2001113592643,18.4379212065532,2011
35.2633664781118,20.8274398623111,2001
25.4896961868914,16.174166690572,2015
27.124630003989,16.0214530922717,2022
26.6485229034056,10.5776624705074,2014
36.1886312207549,13.1468441830892,2011
24.50154937436,19.3811522548787,2011
31.0233183370677,12.5809055540939,2005
31.9485830797108,20.5399789713929,2015
26.3161462482814,14.4314350393801,2001
28.2924398733443,13.3804061569603,2002
33.8350451763618,17.1173977388975,2003
27.2773436022893,12.1856468290813,2004
28.4092208602799,15.8777226468125,2001
27.2683604494481,21.6179573123363,2015
32.3797744160882,16.9916335991207,2003
36.745586696909,19.4170848662435,2009
32.7301173768948,16.9826504462796,2001
36.1706649150725,16.5334928042198,2011
29.4063508256525,19.075725058278,2011
34.8411582945756,11.8892027853219,2011
24.8608754880078,14.7548285416631,2022
33.9697924689797,19.5697984645438,2005
31.2029813938916,21.4293111026712,2001
27.4839561176368,10.3890162608423,2022
25.6783423965565,18.0067298701758,2011
28.9931257949576,12.1497142177165,2011
25.148336378926,11.5388598245153,2005
29.7207611750944,11.7544554927039,2001
34.0326745388681,14.7368622359807,2006
29.1727888517815,12.7785349166002,2022
36.4132100417848,18.3211402196176,2011
24.0793411908238,12.077848994987,2000
24.6542629726603,14.1709236069855,2011
32.2450271234702,14.0810920785735,2010
24.088324343665,17.6294374508456,2004
27.079714239783,14.9075421399635,2002
32.2090945121054,17.9977467173346,2013
34.904040364464,22.2377948583788,2010
32.4067238746117,20.8364230151523,2011
26.7653038903411,14.1619404541443,2009
23.0552617669275,13.2366757115011,2010
29.8465253148711,13.964311091638,2013
26.5676745278348,15.9316215638597,2001
34.1135229144388,9.96680807730609,2011
26.3790283181698,13.551086060943,2001
36.6557551684971,17.8989320360815,2011
30.6729753762611,11.7185228813392,2011
32.0204483024404,11.5298766716741,2005
26.989882711371,10.2722352739067,2011
29.0560078648459,13.5870186723078,2003
30.2777166512485,16.9646841405972,2000
25.6513929380329,10.3890162608423,2011
37.5181378412518,18.6535168747419,2005
29.7207611750944,20.7376083338992,2001
36.745586696909,18.797247320201,2001
32.2090945121054,14.8985589871223,2010
28.4002377074387,11.0627527239319,2022
34.167421831486,15.114154655311,2005
27.2683604494481,11.709539728498,2022
26.8461522659119,10.2363026625419,2022
26.0466516630455,11.6736071171332,2014
23.1989922123866,14.3505866638094,2003
28.2834567205031,13.1109115717244,2001
32.7660499882596,16.219082454778,2010
36.4401595003084,16.8479031536616,2014
24.2051053306005,15.3746660877056,2022
24.1332401078709,18.6175842633771,2000
28.966176336434,14.1170246899383,2011
35.4250632292533,12.6887033881882,2011
34.6974278491165,22.0221991901901,2001
23.9086612868411,9.05950964034537,2005
34.993871892876,21.2406648930061,2004
34.0057250803445,19.8842088139856,2011
22.5522052078206,14.0451594672087,2011
25.9568201346336,18.6984326389478,2020
31.0772172541148,11.8353038682747,2011
32.9367298922423,13.0659958075184,2000
29.3973676728113,18.473853817918,2012
29.7656769393003,11.8712364796395,2006
33.5565674382847,19.7943772855737,2001
23.0193291555627,14.6290644018864,2011
30.9604362671793,15.2578851007701,2011
28.3822714017563,16.542475957061,2001
25.2741005187027,11.3232641563266,2011
35.9460860940427,19.1116576696428,2013
29.9633063018066,14.3955024280153,2011
28.0319284409497,21.0160860719762,2003
33.1343592547486,18.5996179576947,2001
35.3352317008414,12.5809055540939,2010
28.4271871659623,12.3742930387464,2011
36.5389741815615,17.4048586298157,2015
33.2870728530489,12.5988718597763,2001
26.6305565977232,20.8993050850407,2001
25.0764711561964,13.8654964103848,2009
22.5881378191854,12.40124249727,2013
25.4896961868914,21.0610018361822,2003
23.585267784558,14.9704242098518,2011
37.4642389242047,17.3958754769745,2010
30.1968682756777,10.3800331080011,2011
25.0944374618788,20.1896360105862,2011
31.2928129223035,17.3868923241333,2001
34.0057250803445,15.5004302274823,2011
28.7505806682453,13.2815914757071,2022
27.6456528687783,13.2007431001364,2001
28.2654904148207,12.3293772745404,2013
30.2238177342013,17.7641847434635,2001
23.2708574351162,12.8054843751238,2000
27.6995517858254,10.1195216756064,2010
25.8130896891745,18.0336793286994,2001
27.4570066591132,11.0178369597259,2001
24.7890102652782,9.86799339605294,2001
28.8224458909749,12.8504001393298,2018
32.9546961979246,14.1080415370971,2013
26.4329272352169,9.77816186764099,2001
32.649269001324,12.0508995364634,2003
22.7049188061209,11.6915734228156,2003
27.8432822312846,12.2125962876049,2010
32.4246901802941,21.052018683341,2009
37.4911883827282,18.1594434684761,2011
28.5260018472154,9.77816186764099,2006
36.5569404872439,17.6653700622104,2006
24.9596901692609,19.8662425083032,2011
25.2471510601792,15.5004302274823,2004
32.7750331411007,15.7250090485122,2011
30.4663628609136,18.4019885951884,2020
32.2001113592643,15.6082280615767,2011
26.3161462482814,13.4253219211662,2011
23.9895096624118,9.63443142218187,2011
28.3283724847091,10.0296901471945,2006
26.208348414187,12.9761642791065,2014
27.1515794625125,20.4681137486633,2008
31.8497683984576,21.1777828231177,2007
22.7767840288505,14.934491598487,2008
29.7656769393003,12.0059837722574,2000
34.4279332638807,14.3595698166506,2011
29.1907551574639,14.5482160263157,2001
33.3140223115725,16.7850210837733,2010
33.6374158138555,13.8115974933376,2011
34.1135229144388,19.2643712679431,2013
28.3104061790267,21.0340523776586,2015
27.3312425193364,17.9618141059698,2011
34.0416576917093,13.7756648819729,2013
35.1465854911763,19.8033604384149,2010
28.463119777327,17.3779091712921,2010
35.6316757446008,16.2460319133015,2006
26.0107190516807,17.189262961627,2011
26.2442810255518,13.7936311876553,2011
26.1364831914575,17.73723528494,2010
26.711404973294,14.6290644018864,2011
34.3830174996747,17.1533303502623,2016
33.7182641894262,19.4620006304494,2011
23.5493351731933,13.7217659649257,2008
24.8608754880078,12.5719224012527,2022
26.8012365017059,16.1112846206836,2011
25.3998646584795,12.2395457461285,2001
28.8673616551808,13.4073556154839,2003
35.8293051071071,17.5036733110689,2018
31.220947699574,14.1709236069855,2008
28.5439681528978,18.6894494861066,2001
22.6330535833913,12.8953159035357,2009
28.7056649040393,10.5057972477778,2022
33.6553821195379,21.7167719935894,2002
29.3434687557642,19.3272533378315,2001
28.5349850000566,20.2435349276334,2011
31.2568803109388,16.0753520093188,2011
32.4875722501825,18.8331799315658,2000
23.7649308413819,15.1590704195169,2003
34.6525120849105,12.2485288989697,2011
33.340971770096,20.3423496088866,2022
32.0563809138051,12.859383292171,2011
33.4038538399844,21.1867659759589,2001
36.3323616662141,19.947090883874,2011
28.6068502227862,11.6556408114508,2002
30.2058514285189,19.210472350896,2022
26.8281859602295,20.0548887179683,2009
27.8971811483317,12.1317479120341,2001
22.7588177231681,13.3085409342307,2014
25.3729151999559,21.7077888407482,2001
26.7203881261352,16.6592569439965,2004
28.8224458909749,16.0933183150012,2013
26.7742870431823,18.1774097741585,2000
30.1609356643129,16.865869459344,2014
33.9248767047737,16.6682400968377,2014
25.2022352959732,13.3624398512779,2005
26.0915674272515,10.9100391256316,2004
33.6194495081731,21.4921931725596,2000
24.6632461255015,13.7846480348141,2003
22.7408514174857,12.5180234842055,2005
30.5112786251196,21.2855806572121,2002
26.9180174886415,19.6596299929557,2001
31.4185770620803,16.8568863065028,2010
27.2234446852421,20.4950632071869,2010
25.9568201346336,12.6168381654587,2013
31.5353580490158,16.2909476775075,2011
31.7689200228869,13.22769255866,2010
22.6330535833913,11.57479243588,2005
32.4157070274529,20.1986191634274,2011
31.2838297694623,10.604611929031,2013
31.0951835597972,17.6384206036868,2006
28.1756588864088,17.4587575468629,2013
27.0258153227358,12.4192088029524,2009
30.2058514285189,10.6944434574429,2011
32.5055385558649,16.0484025507953,2003
28.5799007642626,14.0990583842559,2001
24.9866396277845,18.6265674162183,2003
32.7570668354184,19.0847082111192,2011
35.9281197883603,21.5460920896067,2007
32.2989260405174,13.1109115717244,2002
24.5195156800423,12.4641245671584,2011
27.1605626153537,19.7584446742089,2002
32.69418476553,14.2966877467622,2013
31.7060379529985,15.1051715024698,2022
32.2090945121054,20.0099729537623,2013
24.8339260294842,15.760941659877,2011
24.9057912522137,13.9732942444792,2009
28.0498947466321,20.8274398623111,2020
30.7448405989906,21.1508333645941,2011
29.0560078648459,15.4644976161176,2022
29.6219464938412,20.1537033992215,2011
29.6938117165708,20.4860800543457,2015
26.0915674272515,10.559696164825,2010
31.2299308524152,15.7519585070358,2001
26.5317419164701,17.9528309531286,2000
33.8619946348854,17.6114711451632,2007
34.2931859712627,10.9998706540435,2022
35.8382882599483,16.9736672934384,2001
27.1336131568302,10.9100391256316,2003
29.8195758563475,17.4857070053865,2005
33.5565674382847,16.3628129002371,2002
28.0858273579968,17.4946901582277,2004
26.253264178393,16.2909476775075,2000
24.5195156800423,17.9618141059698,2014
34.6345457792282,15.850773188289,2010
30.6370427648963,18.7702978616774,2022
31.912650468346,20.7465914867403,2011
25.9208875232688,19.99200664808,2002
35.3082822423178,17.4228249354981,2014
22.6420367362325,11.7454723398627,2007
31.4634928262862,13.1648104887716,2001
24.4207009987892,9.37391998978721,2016
25.516645645415,16.5963748741082,2006
34.4369164167219,10.7842749858549,2014
26.7024218204528,13.7576985762905,2011
23.9445938982058,13.3893893098015,2011
23.9445938982058,15.6800932843062,2004
30.2597503455661,11.1256347938203,2004
24.9057912522137,11.6556408114508,2011
29.2536372273522,12.7875180694414,2011
28.4271871659623,15.4644976161176,2004
36.2604964434845,20.6208273469636,2008
25.840039147698,16.5155264985374,2005
32.8828309751951,21.1328670589117,2011
26.711404973294,13.0659958075184,2001
37.8415313435348,18.3480896781412,2012
31.3467118393507,16.219082454778,2001
31.1041667126384,17.7911342019871,2006
24.8429091823254,13.2546420171835,2003
33.6553821195379,19.8482762026208,2013
33.6913147309027,13.2636251700247,2001
24.0164591209354,11.5388598245153,2014
34.167421831486,15.0602557382638,2005
25.4627467283678,20.8094735566287,2013
36.2065975264373,18.2223255383645,2003
23.9895096624118,13.0659958075184,2022
27.8971811483317,15.0512725854226,2022
34.8142088360521,17.324010254245,2011
24.6452798198191,16.9377346820736,2011
30.5292449308019,16.4885770400138,2001
28.0858273579968,19.9291245781916,2001
31.8138357870929,14.5212665677921,2001
31.8587515512988,14.700929624616,2005
37.4642389242047,17.8270668133519,2013
29.8016095506651,15.5183965331647,2006
34.2392870542156,20.0279392594447,2018
36.6916877798619,18.3031739139353,2011
23.2079753652278,13.3624398512779,2013
26.4239440823757,11.3681799205325,2016
25.0674880033553,19.075725058278,2011
34.3470848883099,18.428938053712,2010
30.9784025728617,18.8152136258834,2011
32.4516396388177,13.6768502007197,2003
31.3646781450331,15.5543291445295,2003
30.43941340239,11.6825902699744,2018
24.1691727192357,9.58951565797589,2022
24.4656167629952,10.3890162608423,2005
32.5055385558649,14.8177106115515,2022
25.0135890863081,13.0210800433125,2013
27.9510800653789,17.4677406997041,2011
23.1630596010219,11.5927587415624,2010
34.0596239973917,13.8834627160672,2022
34.12250606728,11.57479243588,2012
26.0825842744103,14.6919464717748,2001
34.1853881371684,21.42032794983,2022
26.989882711371,17.6743532150516,2022
22.9294976271508,11.4849609074681,2005
26.6485229034056,14.4044855808565,2003
26.1634326499811,20.0099729537623,2011
26.9719164056886,19.2823375736255,2009
25.7142750079213,18.428938053712,2010
27.3132762136541,18.9140283071365,2011
23.4235710334165,12.4551414143172,2006
35.3082822423178,19.99200664808,2018
32.1462124422171,13.3893893098015,2009
24.6183303612955,14.4583844979037,2004
32.2989260405174,14.1709236069855,2011
28.9302437250692,13.4073556154839,2001
26.5856408335172,16.9377346820736,2010
25.9388538289512,20.5848947355988,2013
32.972662503607,14.4314350393801,2003
33.3050391587313,18.3031739139353,2003
27.2503941437657,19.4709837832906,2001
29.1817720046227,18.3480896781412,2010
31.1131498654796,14.6649970132512,2022
24.4027346931068,17.4407912411805,2011
29.2177046159874,9.85901024321175,2010
31.1490824768444,15.2578851007701,2020
33.6733484252203,15.5543291445295,2010
25.3100331300675,18.1235108571113,2005
33.9248767047737,10.2632521210655,2013
27.7175180915078,11.5298766716741,2022
26.7293712789764,19.8303098969384,2010
30.4034807910252,12.0508995364634,2003
34.12250606728,12.9042990563769,2011
30.3585650268192,12.3383604273816,2008
26.4598766937405,11.7544554927039,2013
32.9546961979246,18.1774097741585,2004
24.7890102652782,13.461254532531,2002
33.6463989666967,21.6089741594951,2013
37.3205084787455,18.5906348048535,2011
25.2022352959732,20.728625181058,2004
31.4904422848098,10.1734205926536,2010
34.2662365127392,22.1659296356492,2008
28.9751594892752,17.234178725833,2006
34.0326745388681,16.9826504462796,2014
26.5047924579465,12.1856468290813,2013
35.4250632292533,17.3779091712921,2013
32.9457130450835,15.9765373280657,2002
25.0495216976729,20.1896360105862,2011
25.1213869204024,18.9409777656601,2001
31.3107792279859,21.007102919135,2001
32.7750331411007,18.5277527349651,2011
27.771417008555,10.4159657193659,2013
27.4300572005896,21.2226985873237,2022
28.8853279608632,12.2754783574933,2000
36.6737214741795,16.6502737911553,2011
35.0567539627643,15.850773188289,2014
31.0053520313853,13.0659958075184,2022
36.8713508366858,18.0426624815406,2020
36.0269344696134,21.9144013560957,2000
23.1720427538631,12.5539560955703,2011
32.4696059445001,14.6200812490452,2011
32.5055385558649,14.7548285416631,2001
31.5623075075394,19.4081017134023,2003
28.463119777327,11.4849609074681,2010
31.3287455336683,19.812343591256,2001
27.8971811483317,19.1386071281664,2002
32.2989260405174,18.0785950929054,2002
28.4092208602799,17.1533303502623,2000
32.5684206257533,21.0879512947058,2001
28.7775301267689,19.5428490060202,2001
25.2202016016556,15.0333062797402,2011
27.2773436022893,19.7404783685265,2010
25.1303700732436,11.4400451432621,2013
34.9579392815112,14.7997443058691,2009
32.9097804337187,14.3775361223329,2018
24.1691727192357,10.3351173437951,2013
24.9507070164197,13.6319344365137,2001
30.0621209830598,13.3893893098015,2022
37.158811727604,17.5665553809572,2001
24.8788417936901,18.1953760798409,2016
24.9507070164197,12.3024278160168,2016
34.8950572116228,22.3905084566791,2007
28.6337996813097,18.9499609185013,2001
26.8192028073883,10.2991847324303,2001
30.3405987211368,11.6107250472448,2013
26.989882711371,13.1558273359304,2001
32.325875499041,21.5820247009715,2011
35.0387876570819,18.9050451542953,2010
32.4426564859765,21.1328670589117,2007
36.9611823650977,17.9618141059698,2022
26.4778429994229,14.0092268558439,2001
31.0412846427501,18.4558875122356,2000
24.7979934181194,16.6951895553613,2010
30.2597503455661,14.8805926814399,2020
34.2303039013744,14.3236372052858,2007
29.7836432449827,16.6502737911553,2011
32.3618081104058,11.5029272131505,2009
25.148336378926,19.6057310759086,2006
23.7739139942231,9.32900422558123,2010
35.272349630953,12.311410968858,2004
34.3740343468335,15.8956889524949,2001
24.7440945010722,12.5809055540939,2018
35.9191366355191,15.850773188289,2006
32.649269001324,21.6359236180187,2022
30.1699188171541,21.4382942555124,2011
23.7559476885407,10.2722352739067,2020
28.966176336434,10.0656227585592,2004
32.0743472194875,14.0900752314147,2011
30.116019900107,13.2007431001364,2011
35.3442148536826,21.3035469628945,2022
31.4095939092391,19.6506468401145,2004
27.3042930608129,13.6948165064021,2011
27.0258153227358,17.6204542980044,2000
29.8644916205535,14.197873065509,2005
36.2065975264373,16.6143411797906,2000
32.6852016126888,13.3175240870719,2001
23.8367960641115,13.3534566984367,2005
26.8461522659119,18.2402918440469,2020
31.8048526342517,16.9916335991207,2010
26.621573444882,17.9528309531286,2011
32.7301173768948,14.9165252928047,2022
36.4850752645144,15.4465313104352,2005
28.2205746506148,16.5694254155846,2014
34.9848887400348,11.5119103659917,2011
25.5346119510974,13.5151534495782,2012
22.5072894436146,13.22769255866,2002
27.9690463710613,20.5579452770752,2004
32.9816456564482,20.0009898009211,2011
34.9759055871936,20.2076023162686,2013
36.6827046270207,20.5759115827576,2005
31.26586346378,20.9082882378819,2014
35.9371029412015,14.0451594672087,2001
33.9338598576149,14.3505866638094,2022
24.0523917323002,16.4885770400138,2000
24.2051053306005,14.611098096204,2013
28.1217599693616,13.0570126546772,2015
35.8742208713131,14.4224518865389,2011
26.4059777766933,17.2162124201506,2000
35.0477708099231,20.9891366134526,2011
29.5590644239529,20.3513327617278,2001
30.6819585291023,14.6380475547276,2007
23.8996781339999,12.0059837722574,2022
24.2500210948065,16.4885770400138,2010
23.998492815253,11.3052978506442,2008
29.7117780222532,17.7821510491459,2001
26.3880114710109,17.9348646474462,2010
29.7836432449827,18.9409777656601,2008
36.6827046270207,19.578781617385,2005
27.034798475577,14.7727948473455,2011
36.2245638321197,17.4048586298157,2008
25.4627467283678,21.9952497316665,2001
36.2245638321197,17.9797804116522,2022
24.7620608067546,12.3203941216992,2011
29.8016095506651,12.4371751086348,2022
26.0556348158867,10.9819043483611,2013
33.8709777877266,19.6686131457969,2015
36.7366035440678,16.2280656076192,2006
22.6869525004385,11.6376745057684,2011
26.2622473312342,21.5910078538127,2013
30.4573797080724,15.8777226468125,2001
28.0409115937909,16.2729813718251,2011
30.5112786251196,16.8389200008204,2011
29.9453399961243,16.5514591099022,2011
29.2805866858758,14.6470307075688,2024
33.2960560058901,19.5967479230674,2022
25.2741005187027,20.0638718708095,2003
23.6661161601288,15.5363628388471,2008
38.2996721384358,17.647403756528,2006
33.430803298508,16.5245096513786,2011
30.0531378302186,19.8033604384149,2001
32.6402858484828,20.6118441941224,2001
34.0506408445505,19.075725058278,2001
25.6783423965565,16.4706107343314,2022
25.238167907338,20.3692990674102,2007
26.5946239863584,12.8953159035357,2022
37.572036758299,17.6204542980044,2001
26.5586913749937,17.8360499661931,2001
33.799112564997,17.9168983417639,2003
29.4333002841761,11.8173375625923,2011
28.3193893318679,18.7163989446302,2010
28.0319284409497,10.9190222784728,2011
22.5522052078206,13.5600692137842,2001
25.2741005187027,15.4285650047528,2011
29.8555084677123,15.5633122973707,2020
26.3700451653286,11.7903881040687,2007
34.8142088360521,11.7993712569099,2013
35.1106528798115,18.5726684991711,2000
28.1037936636792,13.1558273359304,2001
31.6072232717454,15.3207671706584,2011
28.3014230261855,11.7185228813392,2011
32.280959734835,12.8414169864886,2007
29.4063508256525,20.8364230151523,2005
30.4663628609136,21.4113447969888,2006
27.8342990784434,14.934491598487,2024
33.4847022155552,15.4914470746411,2011
30.4933123194372,10.3890162608423,2022
29.9004242319183,21.0789681418646,2003
21.9503339674605,12.8324338336474,2006
29.657879105206,15.4734807689588,2001
28.3822714017563,17.8899488832403,2003
29.6219464938412,14.5122834149509,2002
29.8375421620299,13.048029501836,2004
37.20372749181,17.7552015906223,2002
22.5522052078206,13.0031137376301,2011
35.8203219542659,20.1177707878567,2013
31.7599368700457,14.3775361223329,2003
35.2004844082235,22.3635589981555,2010
36.2515132906433,14.5033002621097,2001
32.2180776649466,11.988017466575,2004
33.062494032019,16.5334928042198,2009
25.5974940209858,15.1500872666757,2022
35.5777768275537,12.9492148205829,2005
37.0689801991921,20.2615012333158,2001
27.6636191744607,9.79612817332338,2022
32.1102798308523,17.6204542980044,2013
24.5734145970895,14.5122834149509,2001
25.5705445624622,15.1321209609933,2006
28.4002377074387,18.1594434684761,2006
33.430803298508,11.2603820864382,2013
35.685574661648,18.9858935298661,2024
33.6014832024907,14.7278790831396,2004
33.5026685212376,16.9287515292324,2005
34.993871892876,15.1500872666757,2001
29.379401367129,10.2991847324303,2022
33.0355445734954,15.6172112144179,2011
30.6999248347846,13.092945266042,2001
26.8371691130707,21.3933784913064,2014
24.2410379419653,10.5956287761898,2011
35.5418442161889,13.9553279387968,2005
28.1487094278852,9.49968412956394,2015
26.7203881261352,10.7034266102841,2001
29.9633063018066,10.8651233614256,2011
29.6848285637296,18.2402918440469,2001
33.7721631064734,11.0897021824555,2020
33.8260620235206,15.4824639218,2010
23.5493351731933,13.7666817291317,2022
36.1167659980254,15.0602557382638,2011
25.3908815056383,16.0304362451129,2005
30.2866998040897,18.7792810145186,2001
29.289569838717,10.6405445403957,2007
24.0074759680942,9.02357702898059,2004
23.261874282275,15.6621269786239,2011
28.8673616551808,13.6049849779902,2006
29.6668622580472,10.7483423744901,2011
34.7872593775285,15.2938177121349,2011
29.0739741705283,16.497560192855,2022
29.2536372273522,18.6625000275831,2011
32.8648646695127,20.1177707878567,2006
24.0613748851414,14.8087274587103,2005
29.5680475767941,18.428938053712,2010
34.7153941547989,12.077848994987,2011
26.621573444882,20.2076023162686,2011
28.6337996813097,17.7462184377811,2008
31.1041667126384,16.3089139831899,2015
29.8016095506651,16.1112846206836,2011
24.7530776539134,14.3865192751741,2001
24.2410379419653,16.5514591099022,2011
28.5170186943742,12.8504001393298,2001
31.5173917433334,20.4770969015045,2011
33.2780897002077,11.3771630733737,2002
33.9967419275033,13.6499007421961,2011
29.7656769393003,19.0487755997545,2011
28.7326143625629,11.3951293790561,2010
25.8130896891745,18.2852076082529,2011
25.9119043704276,11.3142810034854,2013
35.9910018582486,21.4113447969888,2003
22.6689861947561,12.0239500779398,2022
35.4789621463005,14.8446600700751,2001
32.1462124422171,11.0627527239319,2006
25.8759717590628,17.8809657303991,2014
29.1009236290519,15.7699248127182,2005
27.2324278380833,9.89494285457653,2008
35.5238779105065,21.6449067708599,2003
32.972662503607,12.2754783574933,2022
28.1576925807264,15.5363628388471,2011
36.053883928137,16.7670547780909,2011
28.139726275044,19.3003038793079,2011
35.3981137707298,12.6887033881882,2004
27.0527647812594,11.7903881040687,2013
24.1332401078709,13.5151534495782,2005
30.852638433085,14.979407362693,2002
28.8943111137044,12.7066696938706,2001
25.9119043704276,18.5097864292827,2001
27.5198887290015,16.9018020707088,2011
24.8788417936901,14.4044855808565,2013
26.7742870431823,16.587391721267,2012
26.3251294011226,19.3272533378315,2007
24.3129031646949,18.5367358878063,2011
35.2903159366354,19.0038598355485,2011
35.2004844082235,20.6926925696932,2001
34.1135229144388,13.3085409342307,2011
31.6970548001573,15.5722954502119,2007
33.0894434905426,12.8234506808062,2022
27.6097202574135,11.8712364796395,2001
30.7897563631966,22.0042328845077,2001
28.2744735676619,17.73723528494,2006
36.37727743042,15.114154655311,2018
30.1339862057894,19.6236973815909,2001
29.9363568432831,16.0484025507953,2010
34.580646862181,16.0124699394305,2002
34.212337595692,15.7429753541946,2022
31.6790884944749,20.3243833032042,2022
33.8799609405678,13.551086060943,2002
27.403107742066,15.9316215638597,2001
32.9007972808775,12.3203941216992,2008
35.4430295349357,20.3333664560454,2002
24.8159597238018,11.6915734228156,2010
32.2899428876762,11.57479243588,2014
30.2777166512485,19.7584446742089,2005
24.8788417936901,12.6976865410294,2002
25.0405385448317,12.1407310648753,2008
32.6402858484828,20.3064169975218,2001
36.4401595003084,18.9050451542953,2003
30.1070367472658,21.3125301157356,2004
32.7031679183712,21.052018683341,2002
23.2528911294338,12.1137816063517,2022
27.1336131568302,20.4770969015045,2001
25.6154603266682,18.5187695821239,2007
28.4361703188035,15.3566997820232,2001
31.4724759791274,14.0361763143675,2022
26.666489209088,13.6588838950373,2001
23.8727286754763,15.6261943672591,2014
30.8616215859262,11.8622533267983,2022
36.4132100417848,21.5101594782419,2005
25.1573195317672,15.9226384110185,2006
30.9514531143381,21.330496421418,2005
25.9568201346336,14.934491598487,2006
33.4936853683964,12.8324338336474,2022
28.6966817511981,16.7760379309321,2005
26.0825842744103,15.302800864976,2011
30.8706047387674,13.4163387683251,2001
26.5047924579465,16.2639982189839,2022
27.403107742066,18.752331555995,2022
33.4487696041904,12.0239500779398,2013
31.5623075075394,19.075725058278,2011
34.580646862181,11.8622533267983,2011
32.2899428876762,20.2525180804746,2001
29.657879105206,15.069238891105,2010
30.2328008870425,21.9593171203017,2001
31.1670487825268,13.3354903927543,2001
26.7742870431823,16.9736672934384,2001
24.6991787368662,12.8414169864886,2022
36.2245638321197,13.5241366024194,2013
22.3366095396319,13.0749789603596,2011
36.0449007752958,15.6441606729415,2011
26.7563207375,11.8263207154335,2022
28.0229452881085,10.6135950818721,2001
31.7599368700457,16.1382340792072,2010
30.6639922234199,16.6502737911553,2013
29.3075361443994,15.7250090485122,2001
34.1764049843272,14.1080415370971,2013
36.0449007752958,14.2697382882386,2011
26.5676745278348,17.8809657303991,2002
27.1066636983066,13.2726083228659,2002
36.4401595003084,14.7727948473455,2006
37.0869465048744,17.7731678963047,2001
31.3107792279859,11.0807190296143,2014
24.2500210948065,11.3591967676913,2000
25.1573195317672,16.1921329962544,2016
26.4778429994229,18.5726684991711,2010
33.7721631064734,11.1436010995027,2001
30.9424699614969,18.060628787223,2005
30.1250030529482,19.7045457571617,2008
24.3488357760596,13.5151534495782,2011
27.0617479341006,10.2991847324303,2012
27.6546360216195,10.1285048284476,2001
29.0919404762107,15.347716629182,2011
31.8587515512988,15.5183965331647,2011
27.0707310869418,18.0875782457466,2002
26.9270006414827,10.4788477892542,2011
30.4663628609136,10.8022412915372,2001
28.0498947466321,17.7731678963047,2014
28.3014230261855,21.0340523776586,2007
30.3316155682956,17.7731678963047,2010
33.0535108791778,12.4551414143172,2007
25.0585048505141,12.0059837722574,2022
27.7354843971902,13.7846480348141,2010
25.840039147698,16.0214530922717,2013
31.8497683984576,16.8119705422968,2013
24.1601895663945,13.3534566984367,2022
32.8828309751951,14.4763508035861,2001
27.4390403534308,16.3178971360311,2011
23.1271269896571,11.988017466575,2010
28.1666757335676,12.9761642791065,2009
33.8350451763618,17.8989320360815,2018
25.7681739249685,11.341230462009,2011
36.2515132906433,13.7217659649257,2010
33.7182641894262,13.7037996592433,2000
37.7516998151229,18.2852076082529,2011
26.1634326499811,16.8029873894556,2013
33.8530114820442,13.7936311876553,2014
26.944966947165,12.724635999553,2011
31.7958694814105,12.2305625932873,2011
24.0074759680942,17.7552015906223,2020
36.2515132906433,15.5633122973707,2009
33.4487696041904,16.3358634417135,2001
31.4365433677627,18.8331799315658,2001
30.3316155682956,17.234178725833,2000
26.2712304840754,17.1802798087858,2004
33.1433424075897,21.0160860719762,2011
26.9808995585298,15.7250090485122,2001
33.1343592547486,15.2668682536113,2002
26.343095706805,10.1285048284476,2015
24.9327407107373,18.2043592326821,2007
27.9061643011729,21.1328670589117,2001
33.1253761019074,19.2014891980548,2001
36.6916877798619,15.8238237297654,2001
23.5942509373992,14.1799067598266,2001
27.448023506272,12.5270066370467,2011
30.2058514285189,12.0508995364634,2005
30.4034807910252,15.069238891105,2018
30.5112786251196,20.9711703077702,2011
32.2001113592643,17.2701113371978,2001
29.9183905376007,14.65601386041,2020
25.9029212175864,10.8112244443784,2020
28.1217599693616,18.4379212065532,2006
27.6726023273019,19.0847082111192,2005
27.7624338557138,17.647403756528,2001
35.964052399725,17.2072292673094,2009
25.8490223005392,19.2194555037372,2001
27.6636191744607,20.59387788844,2022
29.2626203801934,18.5906348048535,2005
37.0330475878273,19.9830234952388,2006
32.0653640666463,12.7965012222826,2011
28.2385409562972,13.6678670478785,2010
35.2992990894766,21.5910078538127,2010
24.4835830686776,13.8475301047024,2001
28.3463387903915,10.6135950818721,2011
28.0678610523145,12.1137816063517,2001
26.8731017244355,14.566182331998,2010
24.4296841516304,14.3685529694917,2007
32.9277467394011,16.820953695138,2002
36.7096540855443,19.857259355462,2015
26.2173315670282,18.4828369707592,2022
25.974786440316,21.6179573123363,2013
26.6036071391996,17.9438478002874,2014
29.7746600921415,19.8033604384149,2004
35.4609958406181,13.0120968904713,2011
27.9420969125377,10.2991847324303,2004
31.7868863285693,16.2370487604604,2010
25.5256287982562,19.4530174776082,2002
36.2784627491669,16.820953695138,2001
33.754196800791,20.1357370935391,2001
31.5623075075394,16.0304362451129,2015
26.9988658642122,18.707415791789,2001
30.5472112364843,20.315400150363,2001
29.3255024500818,12.5539560955703,2022
33.1882581717957,19.5248827003378,2001
28.7146480568805,20.2165854691098,2022
33.8170788706794,15.4914470746411,2001
28.4002377074387,19.1296239753252,2000
34.3830174996747,15.5453459916883,2011
36.8623676838446,18.8870788486129,2011
23.7289982300172,11.0178369597259,2002
27.1066636983066,14.287704593921,2012
31.6611221887925,15.805857424083,2007
25.3190162829087,19.533865853179,2011
33.0445277263366,12.8504001393298,2011
29.6219464938412,16.5604422627434,2001
28.8943111137044,15.024323126899,2002
33.1163929490662,15.6800932843062,2011
35.3531980065238,16.7670547780909,2018
27.2953099079717,21.1957491288001,2005
31.8048526342517,13.2456588643423,2003
26.6395397505644,19.2284386565784,2003
28.1307431222028,10.2273195097008,2022
23.6122172430816,9.05052648750418,2015
38.2817058327534,17.7731678963047,2014
34.0686071502329,14.0990583842559,2002
28.2834567205031,14.3865192751741,2004
24.9507070164197,10.8651233614256,2007
27.1875120738773,12.0688658421458,2011
29.9094073847595,18.5996179576947,2011
30.3585650268192,11.3142810034854,2013
29.9992389131714,14.0361763143675,2011
31.4455265206039,21.3125301157356,2004
36.3323616662141,19.7225120628441,2015
28.8493953494984,18.0067298701758,2011
37.0060981293037,18.1324940099525,2002
33.5925000496495,16.4795938871726,2013
24.3488357760596,16.1202677735248,2011
33.1882581717957,11.4400451432621,2007
26.1454663442987,15.6082280615767,2010
27.1425963096713,20.2794675389982,2001
29.0739741705283,14.3775361223329,2011
28.5439681528978,21.3215132685768,2011
28.5439681528978,16.9826504462796,2006
27.3671751307012,17.7641847434635,2022
31.2119645467328,11.7724217983863,2022
34.212337595692,13.3893893098015,2002
33.2511402416841,18.9230114599777,2011
26.3880114710109,19.5428490060202,2010
24.7710439595958,14.2338056768738,2013
33.4038538399844,17.8270668133519,2010
28.139726275044,12.9222653620593,2011
22.3006769282671,13.2546420171835,2013
29.4961823540645,14.5212665677921,2001
31.1850150882092,12.9312485149005,2013
36.2065975264373,21.7077888407482,2014
25.1663026846084,21.2047322816413,2011
27.3851414363836,10.4069825665247,2011
35.1465854911763,17.8270668133519,2001
24.3847683874244,14.4224518865389,2022
23.8367960641115,14.0271931615263,2012
25.9208875232688,16.5334928042198,2001
30.0172052188538,10.7303760688077,2011
22.5072894436146,13.6678670478785,2006
23.0642449197687,12.1137816063517,2006
23.630183548764,14.1619404541443,2003
27.6905686329843,13.5870186723078,2009
36.37727743042,17.7911342019871,2006
25.9208875232688,10.5866456233486,2015
27.3312425193364,17.0904482803739,2011
34.2033544428508,11.0717358767731,2002
23.6930656186524,13.1648104887716,2001
27.0168321698946,19.0308092940721,2011
31.7958694814105,18.5187695821239,2011
28.3283724847091,16.4706107343314,2024
36.9342329065741,16.8928189178676,2006
23.2528911294338,11.6466576586096,2005
24.3937515402656,18.9679272241837,2018
34.0416576917093,18.1594434684761,2014
34.1764049843272,11.1975000165498,2009
23.6571330072876,9.9398586187825,2003
34.1764049843272,12.8414169864886,2011
25.4537635755266,21.9862665788253,2001
31.2119645467328,15.114154655311,2006
35.2903159366354,21.2406648930061,2001
36.9072834480505,19.902175119668,2001
35.4520126877769,21.007102919135,2009
33.4128369928256,13.6948165064021,2010
34.5716637093398,19.16555658669,2015
23.1900090595454,11.9970006194162,2005
31.0323014899089,13.9373616331144,2011
30.071104135901,19.2823375736255,2022
28.9751594892752,19.1835228923724,2001
38.1739079986591,18.1235108571113,2014
26.1634326499811,14.7368622359807,2010
26.5047924579465,11.4490282961033,2000
33.9338598576149,16.08433516216,2005
29.5860138824764,21.8425361333662,2001
32.5145217087061,18.6625000275831,2011
25.0405385448317,21.2226985873237,2006
24.8518923351666,16.2729813718251,2020
27.2144615324009,11.0627527239319,2001
33.4936853683964,17.8809657303991,2003
36.2515132906433,21.9144013560957,2002
24.0703580379826,19.3811522548787,2010
27.3671751307012,10.4518983307306,2001
32.325875499041,12.1227647591929,2011
31.957566232552,16.5155264985374,2002
23.9445938982058,13.7666817291317,2000
33.3679212286196,11.6736071171332,2024
30.5561943893255,13.2636251700247,2011
26.4868261522641,14.3056708996034,2011
27.0258153227358,12.1946299819225,2011
23.67509931297,14.4224518865389,2013
33.5655505911259,12.6348044711411,2013
28.8044795852925,17.5396059224337,2011
28.3283724847091,20.2615012333158,2010
29.5500812711117,11.7275060341804,2011
32.2270608177878,18.5726684991711,2011
23.7649308413819,9.17629062728091,2010
32.4785890973413,18.1504603156349,2001
30.0621209830598,15.5543291445295,2004
28.6158333756274,19.7225120628441,2022
27.7354843971902,12.9132822092181,2010
32.2001113592643,16.4167118172843,2006
28.9751594892752,17.0365493633267,2011
25.471729881209,19.2014891980548,2004
32.9097804337187,12.5809055540939,2012
32.9906288092894,15.3656829348644,2006
29.9722894546478,19.3542027963551,2008
28.139726275044,20.3423496088866,2011
25.5885108681446,16.1562003848896,2001
30.8975541972909,20.7555746395815,2004
26.5676745278348,18.6535168747419,2010
26.9808995585298,11.4490282961033,2006
31.0951835597972,12.1137816063517,2003
23.5403520203521,15.5992449087355,2016
28.0858273579968,15.024323126899,2002
30.349581873978,17.3599428656098,2022
30.3675481796604,17.6294374508456,2018
36.053883928137,13.048029501836,2011
25.3908815056383,15.5812786030531,2011
25.9119043704276,17.5036733110689,2005
32.8109657524655,21.4562605611948,2010
31.9934988439168,21.4293111026712,2013
31.4724759791274,10.1105385227652,2001
22.8666155572624,13.048029501836,2015
32.4157070274529,19.2284386565784,2022
31.0233183370677,11.1975000165498,2011
26.4778429994229,16.08433516216,2002
31.6431558831101,11.4849609074681,2022
30.5202617779607,19.857259355462,2011
25.3369825885911,20.360315914569,2003
26.4508935408993,15.5453459916883,2013
30.4304302495488,12.1317479120341,2011
24.4296841516304,9.2032400858045,2005
36.6018562514499,19.3901354077199,2001
35.362181159365,17.9438478002874,2009
26.944966947165,17.6743532150516,2020
33.9697924689797,14.9973736683754,2014
30.484329166596,18.8691125429305,2001
29.4063508256525,12.1317479120341,2022
30.0082220660126,10.6405445403957,2022
31.2029813938916,13.2187094058188,2001
23.306790046481,11.8442870211159,2011
33.340971770096,16.2909476775075,2022
28.463119777327,13.6319344365137,2003
36.6737214741795,22.112030718602,2022
33.6643652723791,13.4522713796898,2011
28.831429043816,16.9287515292324,2000
26.8281859602295,17.3779091712921,2011
28.3014230261855,12.1586973705577,2004
32.4785890973413,16.1921329962544,2022
25.5974940209858,21.7257551464306,2006
33.3769043814608,14.7278790831396,2011
28.6697322926745,14.0541426200499,2022
29.0290584063223,20.2794675389982,2007
26.1095337329339,12.6437876239823,2008
30.1429693586305,19.2014891980548,2013
27.1425963096713,11.3951293790561,2001
31.0233183370677,17.2251955729918,2001
23.0462786140863,13.1648104887716,2009
24.7440945010722,16.6502737911553,2011
25.2651173658615,21.7527046049542,2014
28.1487094278852,18.0785950929054,2003
24.8968080993725,19.7314952156853,2020
36.1886312207549,19.7764109798913,2006
30.4034807910252,19.1565734338488,2010
36.0179513167722,20.6567599583284,2011
30.8975541972909,16.7311221667261,2011
23.4415373390989,13.3983724626427,2000
32.7750331411007,17.368926018451,2001
28.966176336434,15.0512725854226,2008
27.034798475577,18.5996179576947,2011
25.0405385448317,19.6416636872733,2024
33.3319886172549,17.0634988218503,2003
29.6488959523648,20.9172713907231,2011
24.2679874004889,16.7670547780909,2001
29.1009236290519,20.5848947355988,2005
33.7721631064734,19.8842088139856,2001
27.6187034102547,16.1112846206836,2022
25.884954911904,15.2309356422465,2001
37.1318622690804,21.2676143515297,2005
34.2392870542156,17.2431618786742,2009
30.6999248347846,13.7307491177669,2014
22.5072894436146,12.4192088029524,2001
30.43941340239,10.2812184267479,2011
34.4279332638807,21.3574458799416,2011
26.7832701960235,16.4885770400138,2001
32.9277467394011,21.0250692248174,2000
34.3560680411511,17.4497743940217,2001
26.6754723619292,10.3261341909539,2009
26.0915674272515,11.0088538068847,2001
36.1526986093901,15.0063568212166,2011
26.7653038903411,10.5057972477778,2022
25.7502076192861,18.4469043593944,2011
34.7064110019577,16.08433516216,2001
29.5680475767941,18.1863929269997,2022
36.7276203912266,18.8331799315658,2011
34.0775903030741,19.2464049622607,2003
28.8853279608632,19.5248827003378,2014
24.1961221777593,14.0271931615263,2006
34.1943712900096,17.4318080883393,2001
27.0976805454654,11.5029272131505,2001
29.5680475767941,12.5090403313643,2001
32.9007972808775,17.4497743940217,2013
35.1645517968587,17.2251955729918,2004
30.0531378302186,10.7663086801725,2011
25.10342061472,18.3391065253,2004
31.3287455336683,18.7792810145186,2011
24.2230716362829,10.0746059114004,2011
26.1724158028223,19.0308092940721,2001
30.762806904673,14.4134687336977,2016
24.1871390249181,10.191386898336,2001
29.8555084677123,21.2765975043709,2022
34.7692930718461,19.8392930497796,2003
31.8767178569812,12.4371751086348,2022
29.6309296466824,14.9704242098518,2004
24.9417238635785,14.5571991791568,2015
22.9025481686272,13.1648104887716,2007
31.0412846427501,18.6894494861066,2014
31.9934988439168,18.0426624815406,2018
29.8375421620299,13.6229512836725,2002
29.1817720046227,20.7825240981051,2001
27.448023506272,20.2165854691098,2011
36.8713508366858,21.330496421418,2011
25.0674880033553,10.3261341909539,2011
23.8817118283175,11.5208935188329,2020
29.9902557603302,20.8454061679935,2022
26.8102196545471,14.0541426200499,2003
26.3610620124874,13.6678670478785,2005
32.6402858484828,16.7311221667261,2012
27.5288718818427,11.8173375625923,2015
25.4896961868914,16.3358634417135,2003
28.831429043816,16.4436612758078,2008
27.5648044932075,14.0271931615263,2011
30.349581873978,15.7968742712418,2011
27.9780295239025,9.67934718638784,2005
28.9032942665456,15.2489019479289,2014
31.2478971580976,14.7278790831396,2006
22.7857671816917,14.3775361223329,2000
30.6370427648963,11.5658092830388,2014
27.6276865630959,17.2431618786742,2002
36.5928730986087,16.1831498434132,2024
33.7272473422674,17.0904482803739,2011
26.7024218204528,12.6168381654587,2001
30.0621209830598,21.8245698276838,2018
31.8497683984576,15.4555144632764,2022
34.7243773076401,21.8605024390486,2015
25.471729881209,12.9312485149005,2014
27.5917539517311,14.3955024280153,2014
34.7064110019577,14.1799067598266,2003
32.8199489053067,16.6143411797906,2001
32.6133363899592,14.3056708996034,2018
32.8379152109891,17.0994314332151,2010
31.2838297694623,20.8903219321995,2022
27.3851414363836,15.2758514064525,2014
32.4426564859765,19.0847082111192,2002
29.7297443279356,20.2525180804746,2010
36.0898165395018,14.934491598487,2003
26.4598766937405,16.8479031536616,2004
30.0351715245362,11.4490282961033,2011
30.8256889745614,17.0095999048031,2002
36.3143953605317,20.1716697049039,2003
27.2324278380833,16.6412906383141,2013
29.2985529915582,10.9639380426788,2000
30.6639922234199,12.9761642791065,2003
26.5047924579465,11.5658092830388,2020
30.2507671927249,21.5820247009715,2008
33.9967419275033,12.814467527965,2014
25.5974940209858,14.5571991791568,2014
27.0527647812594,12.1856468290813,2009
31.0412846427501,10.5507130119838,2007
23.0013628498804,12.40124249727,2005
24.5913809027719,11.2693652392794,2007
33.1702918661133,20.8004904037875,2022
29.5321149654293,12.3742930387464,2011
34.8681077530992,15.5094133803235,2011
32.4516396388177,19.6416636872733,2002
26.3700451653286,13.0120968904713,2013
37.4911883827282,17.6114711451632,2011
25.8580054533804,18.9140283071365,2004
27.5917539517311,13.5690523666254,2001
28.4810860830094,16.9736672934384,2014
29.4871992012233,10.1644374398124,2020
23.9895096624118,11.4669946017857,2011
29.0200752534811,15.7878911184006,2001
30.4663628609136,13.5780355194666,2011
36.6198225571323,15.5543291445295,2001
25.1393532260848,18.384022289506,2002
24.3398526232184,9.05950964034537,2024
31.8767178569812,21.7706709106366,2006
33.1253761019074,13.8026143404964,2011
26.4778429994229,21.3484627271004,2001
27.8971811483317,17.970797258811,2022
25.6154603266682,19.5069163946554,2011
26.2622473312342,11.7364891870215,2014
24.9147744050549,15.9495878695421,2005
26.1813989556635,12.3742930387464,2014
34.0147082331857,10.4518983307306,2001
28.876344808022,20.4231979844573,2001
25.2651173658615,12.9671811262653,2013
30.9873857257029,14.8087274587103,2013
28.8583785023396,15.0063568212166,2001
28.966176336434,21.2406648930061,2012
25.6513929380329,18.2133423855233,2005
34.4728490280866,19.7943772855737,2001
33.0804603377014,16.3089139831899,2011
30.3585650268192,17.5216396167513,2001
27.7354843971902,16.2999308303487,2013
36.9701655179389,18.1235108571113,2001
34.4728490280866,21.6718562293835,2022
25.4986793397326,16.219082454778,2004
30.5112786251196,17.8091005076695,2009
33.0984266433838,16.0573857036364,2022
32.2989260405174,14.7188959302984,2001
26.7473375846588,10.0746059114004,2009
35.4699789934593,14.0990583842559,2013
25.5256287982562,20.6926925696932,2012
27.3492088250188,16.4795938871726,2002
28.6248165284686,11.2873315449618,2001
25.7232581607625,12.6976865410294,2002
24.0523917323002,15.0153399740578,2004
27.1695457681949,20.9711703077702,2022
23.8637455226351,15.4016155462292,2009
23.7649308413819,14.6919464717748,2000
28.9302437250692,19.5069163946554,2022
28.7326143625629,13.7037996592433,2011
30.1070367472658,16.4346781229666,2006
32.739100529736,12.5000571785231,2011
25.8130896891745,18.6894494861066,2011
35.2813327837942,19.8303098969384,2011
30.9065373501321,14.3595698166506,2004
28.6158333756274,11.3232641563266,2001
23.8098466055879,13.8565132575436,2018
35.8562545656307,13.9283784802732,2001
33.9608093161385,17.0455325161679,2001
28.094810510838,17.4946901582277,2012
36.37727743042,18.797247320201,2014
36.3323616662141,15.5004302274823,2022
36.467108958832,16.9467178349148,2006
35.9101534826779,17.2251955729918,2014
35.7843893429011,16.8748526121852,2020
31.86773470414,11.2244494750734,2009
31.0143351842265,18.5097864292827,2022
35.8921871769955,14.0900752314147,2011
26.8641185715943,15.0422894325814,2000
29.199738310305,10.4878309420954,2013
28.5888839171038,12.2305625932873,2002
26.3969946238521,12.5988718597763,2011
30.0890704415834,18.6445337219007,2009
37.1677948804452,20.4591305958221,2011
34.535731097975,13.1288778774068,2014
35.4520126877769,17.234178725833,2001
30.4663628609136,19.8033604384149,2010
32.9636793507658,16.4346781229666,2010
28.966176336434,20.7555746395815,2013
27.9959958295849,12.3024278160168,2011
31.2478971580976,19.9740403423976,2001
27.6007371045723,13.596001825149,2015
33.7452136479498,14.6380475547276,2006
24.7620608067546,12.0508995364634,2010
26.0915674272515,13.2187094058188,2022
35.3981137707298,16.2819645246663,2001
29.3524519086054,14.3775361223329,2001
24.7440945010722,19.2553881151019,2007
27.4300572005896,11.8442870211159,2009
34.2931859712627,17.4407912411805,2000
28.921260572228,17.4318080883393,2013
23.67509931297,13.3624398512779,2011
25.3818983527971,17.3509597127686,2005
35.9910018582486,18.4648706650768,2016
30.0441546773774,16.7221390138849,2002
28.7685469739277,17.8091005076695,2011
25.3998646584795,17.9438478002874,2022
25.193252143132,19.5248827003378,2022
34.6525120849105,11.1885168637086,2015
28.2654904148207,14.0451594672087,2022
28.831429043816,9.78714502048219,2001
22.6869525004385,11.57479243588,2013
25.0585048505141,12.5000571785231,2011
34.3560680411511,15.6082280615767,2001
30.6460259177375,16.5784085684258,2001
37.8774639548996,17.4587575468629,2005
35.7574398843776,12.9492148205829,2008
25.2830836715439,21.3125301157356,2008
33.6194495081731,19.3092870321491,2011
35.0747202684467,15.6711101314651,2002
35.8382882599483,20.8903219321995,2003
35.4250632292533,17.970797258811,2003
34.0506408445505,13.506170296737,2011
23.1900090595454,15.6082280615767,2005
24.7710439595958,17.189262961627,2015
34.1045397615976,21.9144013560957,2004
26.9090343358003,20.5759115827576,2013
27.6546360216195,20.9082882378819,2011
31.2838297694623,20.3782822202513,2014
36.2155806792785,14.934491598487,2000
22.3905084566791,13.3354903927543,2005
31.8048526342517,15.4105986990704,2001
24.9956227806257,13.1019284188832,2004
36.2874459020081,15.9136552581773,2011
30.0800872887422,13.551086060943,2011
30.8436552802438,16.5694254155846,2011
29.8914410790771,15.2578851007701,2013
27.5019224233192,13.5600692137842,2011
23.7559476885407,15.5812786030531,2018
26.1724158028223,16.4077286644431,2011
24.9866396277845,19.2194555037372,2003
35.4789621463005,13.0839621132008,2005
24.1422232607121,11.0897021824555,2003
23.2528911294338,11.8083544097511,2002
33.4038538399844,18.2223255383645,2003
34.0236913860269,19.3991185605611,2010
29.8644916205535,15.7519585070358,2005
30.6100933063727,18.8601293900894,2014
33.2601233945253,11.3591967676913,2011
30.9784025728617,13.551086060943,2011
23.216958518069,13.0031137376301,2013
29.2266877688286,20.7645577924227,2001
31.8318020927752,13.0659958075184,2011
36.2784627491669,15.114154655311,2009
27.2144615324009,18.6265674162183,2001
24.2679874004889,14.700929624616,2001
28.229557803456,20.0099729537623,2014
26.1724158028223,12.2395457461285,2001
27.816332772761,15.302800864976,2001
27.8253159256022,15.8956889524949,2015
33.6104663553319,15.0872051967874,2003
29.9992389131714,15.3656829348644,2000
31.589256966063,21.3574458799416,2013
27.8253159256022,16.3448465945547,2010
33.2152076303193,19.7584446742089,2022
35.8113388014247,18.0426624815406,2001
34.1764049843272,17.2970607957214,2000
24.6632461255015,19.7314952156853,2024
37.5450872997754,18.7163989446302,2020
26.6485229034056,17.557572228116,2010
31.5623075075394,21.7976203691602,2014
35.0567539627643,20.0009898009211,2006
31.454509673445,16.7670547780909,2006
25.0674880033553,20.2165854691098,2011
28.0319284409497,16.7580716252497,2001
23.998492815253,8.99662757045701,2022
36.5389741815615,21.0160860719762,2011
33.1163929490662,14.3685529694917,2003
37.8684808020584,18.2223255383645,2020
30.7448405989906,18.5277527349651,2022
24.0973074965062,9.70629664491143,2004
35.0028550457172,11.7364891870215,2005
35.407096923571,20.7465914867403,2003
25.0495216976729,12.2215794404461,2008
34.993871892876,15.8867057996537,2014
28.4361703188035,17.324010254245,2012
30.9694194200205,15.9226384110185,2010
28.7326143625629,14.0451594672087,2011
25.6244434795094,15.2129693365641,2000
24.6812124311839,10.4429151778894,2009
29.379401367129,18.8691125429305,2011
28.1756588864088,19.7314952156853,2003
34.6974278491165,12.2754783574933,2010
34.5626805564986,12.5988718597763,2004
28.8853279608632,13.1288778774068,2022
24.5554482914071,17.8001173548283,2010
27.5198887290015,19.4170848662435,2011
28.2115914977736,17.9079151889227,2001
34.1314892201212,19.9201414253504,2001
34.3111522769451,21.2586311986885,2001
31.6162064245866,13.2636251700247,2003
35.8293051071071,16.9736672934384,2011
30.0351715245362,20.5309958185517,2001
33.4667359098728,18.8960620014541,2001
27.5558213403663,13.2366757115011,2007
28.6787154455157,20.4321811372985,2001
27.8432822312846,18.8511462372482,2014
36.3233785133729,14.1888899126678,2002
35.9910018582486,15.4734807689588,2010
24.3398526232184,10.5686793176662,2010
34.5896300150222,18.9589440713425,2020
30.6280596120551,16.7131558610437,2013
27.3312425193364,17.8001173548283,2011
26.253264178393,20.8813387793583,2002
26.8012365017059,21.5550752424479,2003
30.5561943893255,11.0268201125671,2011
26.7922533488647,16.3897623587607,2012
36.790502461115,20.0638718708095,2022
35.730490425854,22.5791546663442,2024
33.7362304951086,15.716025895671,2002
27.2324278380833,17.4587575468629,2010
24.088324343665,16.497560192855,2006
27.124630003989,14.8626263757575,2013
27.3492088250188,14.4224518865389,2014
30.7089079876258,16.3897623587607,2007
31.26586346378,20.1357370935391,2004
36.0269344696134,22.5881378191854,2011
35.685574661648,21.0879512947058,2011
33.3140223115725,12.7156528467118,2001
25.0046059334669,21.330496421418,2011
24.0523917323002,11.2603820864382,2011
33.5296179797611,12.2036131347637,2010
36.1796480679137,21.6359236180187,2006
28.9931257949576,19.2374218094196,2004
30.5651775421667,15.9495878695421,2014
33.0714771848602,14.3146540524446,2011
34.8950572116228,12.077848994987,2011
25.8041065363333,12.1497142177165,2001
35.0118381985584,17.0455325161679,2015
30.2597503455661,17.8180836605107,2010
30.394497638184,22.0042328845077,2001
35.6047262860772,15.9316215638597,2001
28.3643050960739,14.6021149433628,2011
32.7480836825772,19.3542027963551,2002
22.6510198890737,12.8414169864886,2011
25.6783423965565,21.6179573123363,2014
33.0355445734954,13.8654964103848,2001
31.8587515512988,20.1357370935391,2008
31.6970548001573,12.769551763759,2011
32.9097804337187,13.0839621132008,2001
29.4961823540645,13.9463447859556,2014
27.6995517858254,16.6951895553613,2022
29.7656769393003,17.4587575468629,2010
27.3312425193364,21.0610018361822,2011
27.9241306068553,18.2492749968881,2011
28.552951305739,20.5220126657105,2002
30.8885710444498,16.4616275814902,2011
28.0588778994733,10.6854603046017,2008
32.8199489053067,13.1198947245656,2012
27.2683604494481,19.857259355462,2003
35.1465854911763,22.3994916095203,2011
25.8220728420156,14.4583844979037,2001
36.053883928137,14.6739801660924,2016
34.0057250803445,13.3354903927543,2000
31.1490824768444,15.7878911184006,2014
23.6930656186524,11.7903881040687,2011
29.1458393932579,21.9233845089369,2011
33.6104663553319,14.5841486376804,2012
27.7175180915078,21.4023616441476,2010
24.9237575578961,18.9769103770249,2001
23.9445938982058,11.4490282961033,2001
31.7599368700457,21.1059176003882,2024
29.7746600921415,21.5101594782419,2000
32.7031679183712,16.6951895553613,2003
27.4120908949072,13.3444735455955,2011
32.9187635865599,15.6621269786239,2011
34.3021691241039,11.1166516409791,2012
35.9371029412015,15.069238891105,2011
25.7052918550801,12.9761642791065,2011
33.8979272462501,19.8842088139856,2005
28.3373556375503,21.4742268668772,2013
22.8755987101036,11.8532701739571,2011
35.9191366355191,15.0063568212166,2022
27.726501244349,17.2162124201506,2001
34.5267479451338,15.9406047167009,2022
33.5475842854435,20.0908213293331,2010
31.3017960751447,12.0868321478282,2003
27.1785289210361,20.2076023162686,2007
29.2087214631462,15.0961883496286,2003
27.2144615324009,17.925881494605,2014
24.9866396277845,10.8651233614256,2001
26.666489209088,11.619708200086,2002
29.6039801881588,15.7339922013534,2010
31.1670487825268,12.6707370825059,2020
29.4782160483821,18.3301233724588,2005
22.1299970242844,13.0031137376301,2001
32.0473977609639,21.8245698276838,2000
33.888944093409,10.9549548898376,2022
25.2471510601792,11.4759777546269,2014
26.8820848772767,16.2100993019368,2018
26.0556348158867,21.9503339674605,2001
32.5684206257533,20.6477768054872,2011
26.9180174886415,10.838173902902,2001
28.7775301267689,9.5805325051347,2011
28.7236312097217,11.1256347938203,2004
33.7811462593146,19.2374218094196,2011
27.8881979954905,12.8863327506945,2022
26.6395397505644,15.069238891105,2008
35.4879452991417,18.0067298701758,2001
35.1555686440175,12.8324338336474,2011
23.7649308413819,10.1374879812888,2024
25.840039147698,19.2733544207843,2001
31.544341201857,13.5421029081018,2011
24.0164591209354,18.8241967787246,2011
34.2303039013744,21.8964350504133,2022
34.0236913860269,16.4885770400138,2003
35.2633664781118,15.1590704195169,2013
33.9338598576149,12.3473435802228,2004
24.8788417936901,10.7303760688077,2010
22.6061041248678,13.048029501836,2010
26.1903821085047,17.6384206036868,2000
28.3014230261855,10.6315613875545,2015
28.9482100307516,12.3293772745404,2010
28.6697322926745,21.7077888407482,2010
31.086200406956,10.7213929159665,2016
27.7085349386666,15.2848345592937,2001
36.3143953605317,20.4142148316161,2014
31.1400993240032,12.8863327506945,2011
32.8019825996243,19.4530174776082,2007
34.1764049843272,9.86799339605294,2014
26.9539501000062,20.7465914867403,2002
24.1332401078709,14.0900752314147,2001
29.3434687557642,17.6743532150516,2006
32.1012966780111,13.6229512836725,2001
29.2266877688286,10.9369885841552,2005
26.0286853573631,11.0358032654083,2002
29.4243171313349,16.7760379309321,2001
34.1404723729624,22.0221991901901,2001
23.6391667016052,13.4971871438958,2001
25.6603760908741,19.6236973815909,2005
32.4875722501825,21.4832100197184,2011
27.2593772966069,10.7752918330137,2011
36.1347323037078,19.857259355462,2014
28.831429043816,20.4142148316161,2013
31.589256966063,21.0340523776586,2022
35.1555686440175,20.1626865520627,2007
33.017578267813,19.0487755997545,2011
37.6259356753462,18.6086011105359,2011
31.5623075075394,13.1737936416128,2013
28.0319284409497,17.8540162718755,2015
28.552951305739,12.2575120518109,2002
29.5500812711117,16.7221390138849,2005
35.4789621463005,21.5191426310831,2001
30.5202617779607,18.7163989446302,2022
26.0466516630455,21.8874518975721,2004
25.8580054533804,11.9970006194162,2011
34.8770909059404,16.0214530922717,2002
26.1364831914575,13.2456588643423,2005
30.5382280836431,16.2639982189839,2005
31.3377286865095,12.0868321478282,2004
25.3010499772263,20.7735409452639,2001
26.1724158028223,15.2309356422465,2011
29.4243171313349,16.6951895553613,2008
30.6370427648963,16.7311221667261,2011
26.1993652613458,21.3843953384652,2001
34.4189501110395,18.6535168747419,2022
25.1303700732436,12.2664952046521,2016
25.6154603266682,18.3660559838236,2011
23.7918802999055,11.3502136148502,2009
30.0172052188538,21.1238839060705,2010
34.9309898229876,21.3125301157356,2000
34.8321751417345,18.6355505690595,2022
30.9245036558145,15.0153399740578,2011
32.9457130450835,20.728625181058,2001
32.8558815166715,13.9732942444792,2011
33.2780897002077,20.315400150363,2010
31.3916276035567,17.0365493633267,2011
29.2985529915582,13.4702376853722,2011
24.5554482914071,17.7013026735752,2005
31.4365433677627,19.210472350896,2011
26.4868261522641,12.1407310648753,2001
26.4059777766933,18.0696119400642,2009
34.1943712900096,20.7735409452639,2009
28.229557803456,16.5963748741082,2011
28.4990523886918,14.8626263757575,2004
25.0135890863081,12.40124249727,2014
30.9963688785441,20.5848947355988,2001
34.7872593775285,18.5996179576947,2003
33.1882581717957,19.6955626043205,2011
28.6787154455157,16.3268802888723,2022
25.0944374618788,15.8687394939713,2007
29.1907551574639,14.4044855808565,2011
23.998492815253,13.4432882268486,2020
30.4933123194372,19.7853941327325,2011
25.606477173827,18.6894494861066,2011
36.2065975264373,20.0009898009211,2010
24.9147744050549,18.1504603156349,2011
35.964052399725,19.6326805344321,2008
28.8134627381337,12.0688658421458,2022
23.9445938982058,9.3918862954696,2011
32.8828309751951,18.3480896781412,2015
25.0225722391493,12.4192088029524,2008
30.762806904673,15.2129693365641,2003
29.244654074511,19.8303098969384,2001
31.86773470414,18.1504603156349,2011
29.3255024500818,12.9132822092181,2005
27.5917539517311,17.5755385337984,2001
24.5823977499307,17.8899488832403,2014
34.0326745388681,20.8543893208347,2001
26.2712304840754,16.9018020707088,2010
30.9694194200205,18.0696119400642,2005
31.4904422848098,20.3423496088866,2011
30.6460259177375,21.8964350504133,2006
23.4954362561461,13.0300631961537,2005
33.1882581717957,17.9887635644934,2013
33.5116516740788,15.7339922013534,2004
32.9546961979246,15.2578851007701,2014
24.411717845948,17.6294374508456,2013
29.2087214631462,14.5571991791568,2022
29.7297443279356,20.7645577924227,2022
24.6812124311839,12.0059837722574,2006
24.1601895663945,15.1770367251993,2006
29.6039801881588,14.4853339564273,2013
24.7979934181194,17.3958754769745,2011
26.3610620124874,19.8931919668268,2001
29.2716035330346,11.1615674051851,2000
28.5709176114214,14.3056708996034,2024
31.2029813938916,18.7702978616774,2001
25.2830836715439,10.7842749858549,2011
30.2417840398837,17.0185830576443,2003
30.5382280836431,18.3031739139353,2004
35.6586252031244,18.797247320201,2013
33.7452136479498,13.8385469518612,2002
36.0898165395018,14.1709236069855,2020
31.8497683984576,12.2754783574933,2007
25.7412244664449,21.4921931725596,2004
28.1487094278852,15.7250090485122,2004
31.8767178569812,15.3566997820232,2024
23.8457792169527,9.85901024321175,2014
27.4749729647956,16.6053580269494,2011
30.5921270006903,13.6768502007197,2011
30.6370427648963,15.5094133803235,2001
31.5533243546982,11.9970006194162,2022
36.5299910287203,19.5428490060202,2009
26.7473375846588,19.2553881151019,2011
28.18464203925,12.8414169864886,2006
30.9065373501321,9.98477438298848,2011
28.0678610523145,16.9916335991207,2013
26.4508935408993,9.72426295059382,2010
31.0502677955913,18.5457190406475,2004
28.2475241091384,15.3117840178172,2007
26.711404973294,11.4041125318973,2008
31.4724759791274,21.2496480458473,2011
31.9485830797108,17.1173977388975,2013
22.6420367362325,13.6948165064021,2002
25.3998646584795,13.4522713796898,2011
23.4415373390989,12.9671811262653,2013
36.008968163931,21.096934447547,2013
34.4369164167219,16.9018020707088,2001
28.8493953494984,19.0397924469133,2000
32.4336733331353,11.9520848552102,2022
31.0412846427501,10.4518983307306,2022
26.3790283181698,14.1529573013031,2001
32.0563809138051,19.7764109798913,2001
35.8742208713131,20.9891366134526,2003
33.4936853683964,17.0724819746915,2022
29.7297443279356,16.5604422627434,2006
22.983396544198,13.5780355194666,2016
28.4810860830094,17.8629994247167,2010
27.0078490170534,14.3955024280153,2014
25.4178309641619,11.3322473091678,2011
31.2478971580976,11.3322473091678,2007
24.780027112437,15.8597563411302,2007
25.6513929380329,17.8001173548283,2001
29.9633063018066,16.6772232496789,2003
29.5051655069057,10.5956287761898,2001
36.2335469849609,13.2636251700247,2010
24.6991787368662,15.347716629182,2001
29.3165192972406,15.6261943672591,2001
30.3316155682956,18.0785950929054,2024
34.2842028184215,14.0900752314147,2010
33.4128369928256,16.4256949701255,2014
35.4250632292533,13.5870186723078,2006
26.3251294011226,19.578781617385,2005
31.4634928262862,11.5837755887212,2001
30.5112786251196,16.2639982189839,2001
28.9482100307516,15.7789079655594,2011
31.957566232552,21.9862665788253,2020
25.3729151999559,20.6298104998048,2011
33.8709777877266,12.5449729427291,2003
34.8681077530992,11.6556408114508,2005
31.6072232717454,21.2855806572121,2015
33.1613087132721,14.611098096204,2003
33.6194495081731,10.6315613875545,2001
26.9988658642122,13.4792208382134,2011
23.0103460027215,11.8622533267983,2010
26.5137756107877,19.3182701849903,2002
22.7678008760093,12.40124249727,2005
36.6018562514499,20.6298104998048,2010
23.4056047277341,10.8022412915372,2011
27.7534507028726,20.6477768054872,2011
32.972662503607,21.1957491288001,2011
24.2500210948065,15.1051715024698,2010
32.1551955950583,20.1267539406979,2020
24.9147744050549,9.96680807730609,2005
30.807722668879,20.9801534606114,2002
29.1009236290519,14.4673676507449,2002
32.5504543200709,13.3983724626427,2000
31.4275602149215,13.82956379902,2005
30.852638433085,16.4346781229666,2011
30.4483965552312,15.4914470746411,2014
25.8220728420156,20.3692990674102,2011
29.1727888517815,21.2226985873237,2018
32.5414711672297,20.2076023162686,2014
36.1167659980254,16.5155264985374,2013
33.7631799536322,18.4918201236003,2004
24.9776564749433,12.2125962876049,2007
28.7595638210865,16.7850210837733,2014
36.098799692343,17.5845216866396,2001
28.508035541533,11.6107250472448,2022
32.9007972808775,13.1917599472952,2011
33.1792750189545,17.4857070053865,2001
33.475719062714,16.1023014678424,2011
33.5475842854435,15.1770367251993,2010
27.9241306068553,18.8241967787246,2011
28.9931257949576,13.22769255866,2005
28.8943111137044,10.1554542869712,2001
26.1903821085047,21.3394795742592,2011
29.2536372273522,21.330496421418,2006
30.5741606950079,13.0659958075184,2013
27.7893833142374,21.0610018361822,2001
35.9820187054074,17.189262961627,2015
27.7444675500314,14.6829633189336,2013
35.1915012553823,18.3211402196176,2001
25.238167907338,19.1565734338488,2012
33.8619946348854,20.180652857745,2007
35.9460860940427,20.0638718708095,2001
34.4189501110395,17.7282521320988,2013
35.5777768275537,21.5281257839243,2001
30.9424699614969,21.788637216319,2005
31.7329874115221,19.6955626043205,2013
36.143715456549,18.0426624815406,2014
29.4782160483821,17.3419765599274,2011
34.94895612867,13.8565132575436,2013
29.4422834370173,14.6470307075688,2013
28.7505806682453,16.5155264985374,2001
26.2802136369166,17.9887635644934,2011
27.0976805454654,18.9050451542953,2005
33.754196800791,10.7124097631253,2003
34.0775903030741,9.83206078468816,2004
27.3671751307012,11.943101702369,2011
28.1217599693616,15.5543291445295,2022
34.2392870542156,17.234178725833,2005
29.289569838717,16.219082454778,2012
26.0107190516807,15.437548157594,2013
26.9719164056886,14.9075421399635,2011
30.7987395160378,18.9230114599777,2014
24.7710439595958,16.2639982189839,2011
25.6603760908741,17.3509597127686,2014
28.6607491398333,10.0746059114004,2011
31.131116171162,11.2783483921206,2022
29.9363568432831,17.6384206036868,2013
29.8734747733947,13.2636251700247,2022
27.9241306068553,16.0304362451129,2001
26.3700451653286,13.6678670478785,2011
23.2259416709102,13.8385469518612,2006
22.1838959413316,13.2007431001364,2001
23.953577051047,9.05950964034537,2001
29.0560078648459,13.6499007421961,2011
23.2349248237514,14.1619404541443,2001
25.9658032874748,11.6017418944036,2014
34.9759055871936,16.5963748741082,2014
35.0118381985584,14.4224518865389,2011
33.3769043814608,15.6711101314651,2002
24.9956227806257,10.7393592216489,2004
28.7505806682453,13.3983724626427,2011
26.2712304840754,21.9503339674605,2011
37.0150812821449,17.5396059224337,2011
24.1242569550298,12.6437876239823,2004
28.5799007642626,12.3742930387464,2002
35.8382882599483,22.4264410680439,2007
33.0535108791778,19.0218261412309,2018
24.043408579459,15.3387334763408,2001
32.7301173768948,19.4709837832906,2013
30.2328008870425,17.2701113371978,2001
30.4034807910252,19.8931919668268,2011
28.3373556375503,9.34697053126362,2022
36.143715456549,19.3811522548787,2005
27.4659898119544,10.0207069943533,2020
33.5475842854435,14.4134687336977,2015
25.9478369817924,12.859383292171,2002
33.0714771848602,15.8956889524949,2011
29.1278730875755,15.6082280615767,2011
32.7031679183712,20.7016757225344,2001
29.2356709216698,12.8234506808062,2011
37.3384747844279,18.6894494861066,2001
32.2629934291526,13.3893893098015,2001
25.5974940209858,17.6384206036868,2022
23.6840824658112,10.7842749858549,2011
33.6733484252203,20.7825240981051,2005
24.1961221777593,13.1648104887716,2011
33.8799609405678,13.3265072399131,2001
23.4774699504637,12.2754783574933,2022
27.4749729647956,16.1382340792072,2014
24.6542629726603,12.5359897898879,2011
26.0197022045219,20.8274398623111,2011
35.8293051071071,21.8066035220014,2004
30.6190764592139,14.8536432229163,2001
29.0649910176871,20.6028610412812,2015
33.9787756218209,16.6772232496789,2022
23.0911943782923,13.6768502007197,2020
29.2716035330346,15.3207671706584,2008
28.9392268779104,21.330496421418,2005
32.7031679183712,20.6747262640108,2010
30.7448405989906,11.9520848552102,2009
30.9963688785441,16.6772232496789,2014
33.0714771848602,20.0638718708095,2010
29.8914410790771,16.3448465945547,2011
28.4361703188035,18.9589440713425,2004
25.4178309641619,13.137861030248,2011
34.8231919888933,17.5485890752749,2022
28.9751594892752,14.1349909956207,2022
31.8857010098224,19.6865794514793,2011
33.7272473422674,10.7124097631253,2014
32.7750331411007,17.647403756528,2010
32.1731619007407,17.8989320360815,2011
28.1307431222028,17.7731678963047,2011
29.1458393932579,19.5428490060202,2012
34.3830174996747,10.9549548898376,2022
28.3193893318679,11.1795337108674,2014
29.2536372273522,21.2765975043709,2001
27.8073496199198,17.8629994247167,2002
31.1400993240032,21.1059176003882,2011
30.7717900575142,17.5665553809572,2002
22.3096600811083,13.4792208382134,2003
31.4904422848098,16.9646841405972,2001
31.6251895774278,14.9704242098518,2001
26.1993652613458,16.3628129002371,2001
34.535731097975,11.0807190296143,2001
31.7868863285693,21.4293111026712,2005
30.2148345813601,14.7907611530279,2010
32.1372292893759,17.5845216866396,2014
24.5644314442483,15.347716629182,2012
33.1433424075897,21.0430355304998,2010
33.9518261632973,11.1885168637086,2011
27.6995517858254,18.060628787223,2011
29.9094073847595,13.4702376853722,2022
29.379401367129,18.2043592326821,2024
30.3136492626133,10.469864636413,2002
32.972662503607,13.6588838950373,2001
27.3671751307012,11.8263207154335,2007
36.2515132906433,22.3545758453143,2011
35.3711643122062,20.4681137486633,2010
34.7153941547989,15.7250090485122,2004
35.1286191854939,17.1084145860563,2005
30.9963688785441,13.8205806461788,2001
35.595743133236,15.6261943672591,2001
35.9011703298367,17.7911342019871,2011
29.7117780222532,19.9381077310328,2009
34.8052256832109,17.8989320360815,2001
25.8759717590628,21.3574458799416,2001
32.7929994467831,19.1116576696428,2022
27.0976805454654,15.4105986990704,2008
34.7153941547989,12.3653098859052,2011
27.7893833142374,15.9495878695421,2001
31.8767178569812,15.3656829348644,2022
22.7678008760093,14.7997443058691,2011
30.0172052188538,21.3394795742592,2002
28.7415975154041,16.3178971360311,2011
32.7660499882596,13.874479563226,2002
25.7681739249685,18.6175842633771,2003
31.9485830797108,14.3955024280153,2000
28.5349850000566,21.5640583952891,2002
27.816332772761,18.6804663332654,2011
22.8216997930564,12.032933230781,2006
30.0980535944246,13.4073556154839,2014
30.0172052188538,13.2636251700247,2022
26.8820848772767,20.4142148316161,2001
33.2331739360017,13.7756648819729,2020
35.8652377184719,17.9528309531286,2024
27.0168321698946,19.3092870321491,2011
29.0919404762107,16.452644428649,2011
29.0649910176871,18.9589440713425,2007
26.5856408335172,10.6764771517605,2011
34.5716637093398,17.3779091712921,2008
27.9780295239025,14.4314350393801,2014
36.2335469849609,18.1145277042702,2001
29.2626203801934,21.833552980525,2011
29.0200752534811,12.4551414143172,2005
26.0197022045219,14.6919464717748,2001
32.8289320581479,15.8777226468125,2008
30.1609356643129,18.8511462372482,2011
31.6072232717454,16.542475957061,2011
24.0523917323002,12.3293772745404,2001
29.5141486597469,21.9862665788253,2000
33.799112564997,10.6764771517605,2001
34.904040364464,20.2435349276334,2001
30.8795878916086,19.0577587525956,2002
29.9004242319183,18.4558875122356,2010
33.1882581717957,21.1328670589117,2013
22.7408514174857,13.8654964103848,2011
32.1731619007407,10.7573255273313,2000
35.7215072730128,17.9348646474462,2001
24.456633610154,19.533865853179,2004
24.5734145970895,14.1619404541443,2001
31.7509537172045,17.5755385337984,2011
25.8041065363333,19.444034324767,2003
26.2173315670282,14.3505866638094,2002
32.5235048615473,12.5988718597763,2011
29.7117780222532,21.5730415481303,2011
25.4627467283678,21.375412185624,2008
29.7387274807768,12.077848994987,2011
37.0689801991921,20.4411642901397,2015
30.5202617779607,15.4555144632764,2014
24.6362966669779,18.7343652503126,2005
30.6280596120551,18.9050451542953,2011
33.7901294121558,21.743721452113,2006
29.9543231489654,11.8442870211159,2007
27.3222593664952,15.5183965331647,2010
37.0330475878273,20.3423496088866,2010
24.6812124311839,14.8805926814399,2011
36.0179513167722,15.4734807689588,2014
34.9130235173052,19.9381077310328,2024
36.3593111247376,20.6657431111696,2022
24.6632461255015,11.9251353966866,2001
34.5986131678634,15.9046721053361,2003
28.4810860830094,20.3333664560454,2001
35.9550692468839,12.9492148205829,2002
28.0409115937909,20.9172713907231,2011
34.0236913860269,11.1705505580262,2010
36.4132100417848,18.384022289506,2011
31.5533243546982,11.0986853352967,2018
35.9999850110898,16.2819645246663,2000
33.0804603377014,15.3117840178172,2005
35.685574661648,16.2639982189839,2014
30.5202617779607,10.056639605718,2011
34.535731097975,16.4077286644431,2006
33.7362304951086,10.7303760688077,2022
31.1670487825268,16.0034867865893,2011
30.3405987211368,21.7796540634778,2013
25.2202016016556,20.4681137486633,2004
32.1821450535819,15.1770367251993,2003
25.9568201346336,14.3236372052858,2000
32.5055385558649,20.9532040020878,2010
29.9363568432831,18.8062304730422,2008
29.9363568432831,21.4472774083536,2011
28.9032942665456,16.3358634417135,2022
26.1005505800927,16.5963748741082,2016
28.876344808022,20.1537033992215,2011
29.1368562404167,16.0304362451129,2011
29.747710633618,21.2586311986885,2011
36.7545698497502,16.9736672934384,2011
27.5468381875251,20.2974338446806,2013
34.5177647922926,18.9499609185013,2006
31.176031935368,18.3301233724588,2011
24.5464651385659,19.3811522548787,2011
34.7153941547989,21.9593171203017,2001
26.8192028073883,10.0386733000357,2001
27.1695457681949,9.85002709037055,2010
26.8820848772767,16.2460319133015,2001
33.1702918661133,14.2068562183502,2011
24.8069765709606,18.6894494861066,2008
26.6305565977232,19.3901354077199,2015
28.2475241091384,15.2129693365641,2006
29.3614350614466,13.1198947245656,2006
31.9755325382344,17.1084145860563,2011
30.807722668879,17.2611281843566,2022
25.4268141170031,19.6865794514793,2006
25.2291847544968,19.4081017134023,2022
32.6672353070064,15.3207671706584,2001
27.3941245892248,15.3746660877056,2024
35.8293051071071,21.2855806572121,2014
37.158811727604,19.9830234952388,2014
32.1551955950583,18.0696119400642,2000
32.370791263247,13.1288778774068,2001
23.9895096624118,10.6674939989193,2011
32.7211342240536,16.5065433456962,2011
24.321886317536,15.1321209609933,2001
30.7448405989906,16.5694254155846,2011
30.717891140467,18.5187695821239,2001
35.0837034212879,15.5183965331647,2002
36.422193194626,16.8119705422968,2014
35.5418442161889,13.9732942444792,2005
27.1964952267185,11.0986853352967,2013
24.6991787368662,9.49968412956394,2022
28.7595638210865,10.2183363568596,2005
28.3373556375503,21.1957491288001,2011
23.4415373390989,15.6800932843062,2001
25.3908815056383,13.3085409342307,2002
32.4965554030237,18.9769103770249,2011
31.1490824768444,19.8931919668268,2022
25.5346119510974,13.0390463489949,2001
25.8220728420156,19.2374218094196,2022
38.263739527071,17.7731678963047,2008
29.0649910176871,10.4608814835718,2024
36.0718502338194,18.5726684991711,2011
24.824942876643,18.1953760798409,2022
34.1314892201212,19.947090883874,2006
25.1303700732436,13.0300631961537,2015
24.1152738021886,18.5906348048535,2001
27.5648044932075,17.1173977388975,2001
33.1613087132721,17.1982461144682,2022
36.37727743042,15.1950030308817,2004
31.6072232717454,10.7213929159665,2001
33.5475842854435,12.5270066370467,2001
28.8134627381337,13.7756648819729,2013
22.8755987101036,14.611098096204,2022
30.7538237518318,19.578781617385,2003
34.4009838053571,21.2765975043709,2011
36.9432160594153,18.0696119400642,2007
24.6722292783427,18.4828369707592,2006
27.9870126767437,12.4192088029524,2000
29.199738310305,12.0508995364634,2012
26.7383544318176,17.5216396167513,2016
35.6316757446008,16.8299368479792,2009
31.3377286865095,15.5633122973707,2001
29.4512665898585,15.9675541752245,2006
31.7599368700457,20.7465914867403,2022
26.8102196545471,14.5841486376804,2008
32.9007972808775,15.850773188289,2011
22.9744133913568,12.8234506808062,2001
29.4333002841761,14.2607551353974,2022
32.8109657524655,20.3064169975218,2008
34.9579392815112,14.8087274587103,2015
28.4092208602799,17.8180836605107,2010
25.516645645415,12.4820908728408,2009
35.1825181025411,18.6894494861066,2001
28.3553219432327,20.8094735566287,2011
28.552951305739,12.2215794404461,2010
32.0294314552815,16.820953695138,2014
28.8583785023396,21.8515192862074,2014
33.0445277263366,13.4163387683251,2022
31.9934988439168,12.4192088029524,2001
31.3736612978743,17.8540162718755,2010
33.4397864513492,20.360315914569,2011
27.4659898119544,19.578781617385,2015
33.7002978837439,19.7943772855737,2011
24.7530776539134,14.1260078427795,2008
26.3251294011226,10.3530836494775,2001
33.9069103990913,14.611098096204,2008
29.2716035330346,17.5665553809572,2022
29.4512665898585,15.7250090485122,2010
24.3488357760596,18.6175842633771,2022
26.621573444882,10.056639605718,2015
35.1465854911763,16.0663688564776,2003
34.6525120849105,16.7760379309321,2022
29.5949970353176,20.6298104998048,2001
34.9848887400348,16.2280656076192,2000
26.8461522659119,21.5460920896067,2013
31.2478971580976,14.7997443058691,2006
38.0122112475176,18.2941907610941,2003
27.9331137596965,12.032933230781,2004
31.1400993240032,14.0271931615263,2015
25.3818983527971,20.2165854691098,2008
34.257253359898,21.42032794983,2008
30.6100933063727,13.9732942444792,2005
28.0229452881085,15.4734807689588,2004
31.9485830797108,16.6772232496789,2013
34.0775903030741,12.9222653620593,2022
31.6611221887925,21.8874518975721,2001
27.0617479341006,15.6351775201003,2001
29.8195758563475,13.461254532531,2010
35.3891306178886,17.7462184377811,2002
24.0074759680942,13.182776794454,2011
34.5447142508162,21.9503339674605,2013
32.4696059445001,16.7670547780909,2005
28.3822714017563,13.2097262529776,2002
26.1454663442987,14.700929624616,2001
24.0164591209354,9.10442540455135,2001
28.5799007642626,13.8385469518612,2020
28.1487094278852,15.1860198780405,2011
31.0412846427501,17.8989320360815,2011
25.0135890863081,10.8741065142668,2005
34.2033544428508,17.1263808917387,2013
32.2001113592643,19.1835228923724,2022
25.516645645415,11.8712364796395,2013
30.5382280836431,16.3987455116019,2013
25.8939380647452,11.0807190296143,2005
26.5047924579465,19.4709837832906,2010
29.4153339784937,18.6355505690595,2016
26.7203881261352,11.6825902699744,2011
26.0825842744103,12.6078550126175,2015
29.0829573233695,13.8205806461788,2002
23.5762846317168,12.2395457461285,2001
27.492939270478,10.6674939989193,2000
25.1663026846084,20.6747262640108,2015
27.3851414363836,18.8960620014541,2013
33.475719062714,16.3897623587607,2010
22.983396544198,14.5212665677921,2001
30.7358574461494,13.6588838950373,2011
33.52063482692,21.1328670589117,2011
34.0686071502329,19.2913207264667,2024
29.6668622580472,21.7077888407482,2011
29.8195758563475,20.8364230151523,2014
24.1242569550298,18.0246961758582,2001
27.9331137596965,19.9740403423976,2011
35.0747202684467,14.242788829715,2011
26.9270006414827,12.0598826893046,2010
28.6158333756274,9.99375753582968,2020
26.4149609295345,13.4073556154839,2022
27.2324278380833,10.6495276932369,2011
28.0139621352673,17.5126564639101,2022
24.8608754880078,10.8112244443784,2003
31.9755325382344,11.1166516409791,2010
30.1609356643129,11.8263207154335,2002
31.7868863285693,14.287704593921,2016
30.8706047387674,18.5277527349651,2011
35.640658897442,15.9495878695421,2022
35.1825181025411,15.1051715024698,2018
34.1135229144388,15.6980595899886,2011
29.9902557603302,17.8180836605107,2012
34.4997984866102,17.0994314332151,2001
28.966176336434,20.9891366134526,2001
24.4207009987892,16.9018020707088,2011
31.086200406956,10.2363026625419,2008
33.6733484252203,19.6865794514793,2001
24.8339260294842,11.5298766716741,2013
24.8069765709606,15.7519585070358,2005
30.4214470967076,19.6416636872733,2008
24.4925662215188,12.6437876239823,2013
35.6676083559656,18.6714831804243,2014
27.816332772761,15.437548157594,2011
23.6930656186524,11.296314697803,2003
31.0772172541148,15.0333062797402,2002
25.4537635755266,21.0699849890234,2020
30.071104135901,16.2100993019368,2002
35.7035409673304,15.6890764371474,2002
29.5949970353176,21.1867659759589,2008
27.3941245892248,9.7512124091174,2001
36.5569404872439,18.5187695821239,2007
27.9600632182201,18.8960620014541,2011
29.6938117165708,21.6179573123363,2014
28.4182040131211,15.7070427428298,2022
26.2622473312342,20.360315914569,2011
36.4850752645144,18.7792810145186,2011
35.2094675610646,21.6269404651775,2011
33.6643652723791,12.679720235347,2011
33.3140223115725,11.1166516409791,2002
33.7182641894262,12.7785349166002,2004
33.2960560058901,13.0390463489949,2014
24.9686733221021,12.5629392484115,2006
31.8318020927752,13.596001825149,2001
26.6575060562468,19.5697984645438,2002
34.2213207485332,14.5931317905216,2006
30.5741606950079,20.9532040020878,2001
32.7840162939419,14.3146540524446,2001
27.6995517858254,21.1957491288001,2006
38.0571270117235,18.0965613985878,2009
34.5177647922926,14.2787214410798,2005
25.2561342130203,11.3591967676913,2010
25.2022352959732,14.3505866638094,2011
22.84864925158,13.7037996592433,2007
33.107409796225,21.2047322816413,2022
27.8881979954905,13.596001825149,2008
27.492939270478,13.5690523666254,2002
23.4505204919401,14.3146540524446,2001
27.6187034102547,20.5399789713929,2006
24.1961221777593,13.4163387683251,2007
31.1131498654796,21.0430355304998,2001
26.5227587636289,20.59387788844,2003
35.5777768275537,21.3484627271004,2002
31.9036673155048,19.2733544207843,2001
32.4246901802941,15.1950030308817,2002
26.5227587636289,17.1623135031035,2001
28.8583785023396,10.101555369924,2001
34.3111522769451,11.0088538068847,2005
28.3193893318679,17.6114711451632,2011
34.8950572116228,22.5342389021382,2013
32.6852016126888,12.7066696938706,2001
26.1185168857751,19.8213267440972,2022
33.1343592547486,14.6739801660924,2001
32.9187635865599,20.6747262640108,2007
26.7742870431823,20.7016757225344,2022
31.2478971580976,10.2093532040184,2007
36.9252497537329,21.1957491288001,2014
22.8666155572624,14.9704242098518,2007
31.6611221887925,10.2722352739067,2011
35.8293051071071,19.2733544207843,2009
31.26586346378,21.2586311986885,2001
28.6517659869921,17.8091005076695,2006
34.0236913860269,15.5094133803235,2001
34.2931859712627,18.6804663332654,2001
31.3646781450331,15.7878911184006,2011
33.6643652723791,18.6086011105359,2000
24.456633610154,17.5755385337984,2012
36.37727743042,14.0631257728911,2011
27.6905686329843,17.5126564639101,2008
25.3818983527971,14.8536432229163,2002
23.4145878805753,11.3502136148502,2013
25.5795277153034,12.3293772745404,2010
29.1368562404167,14.197873065509,2022
35.7125241201716,20.2884506918394,2008
29.5770307296352,16.2011161490956,2016
26.5586913749937,10.1374879812888,2011
27.9510800653789,19.9381077310328,2015
33.1253761019074,14.7188959302984,2016
34.3291185826275,13.4971871438958,2011
35.2543833252706,19.4260680190847,2002
35.227433866747,16.0753520093188,2022
31.3556949921919,15.0422894325814,2010
22.3545758453143,13.0839621132008,2001
29.6488959523648,21.1328670589117,2011
33.2960560058901,17.0006167519619,2004
33.9069103990913,19.5248827003378,2006
24.411717845948,14.2607551353974,2022
26.1185168857751,12.5180234842055,2007
27.1336131568302,15.0422894325814,2002
35.3442148536826,15.7250090485122,2022
23.0013628498804,11.4310619904209,2011
34.0596239973917,16.0753520093188,2014
27.2414109909245,14.566182331998,2020
32.9277467394011,17.3060439485626,2015
29.747710633618,17.4946901582277,2014
35.5328610633477,13.7037996592433,2007
34.9220066701464,20.9801534606114,2005
30.7089079876258,13.3624398512779,2020
38.308655291277,18.0965613985878,2013
33.9787756218209,14.7997443058691,2011
24.1961221777593,14.0810920785735,2003
24.5554482914071,19.7494615213677,2008
30.5921270006903,21.6628730765423,2013
31.0502677955913,20.3872653730925,2001
33.6643652723791,15.7519585070358,2011
22.7857671816917,13.4163387683251,2011
31.4365433677627,19.8752256611444,2006
35.9011703298367,16.2909476775075,2001
33.754196800791,18.3121570667764,2002
29.1099067818931,12.0958153006694,2010
26.1544494971399,21.9952497316665,2022
33.4577527570316,12.8683664450121,2005
27.6546360216195,10.6225782347133,2001
35.9550692468839,13.3893893098015,2004
23.998492815253,14.3056708996034,2020
31.0502677955913,11.2244494750734,2006
32.6223195428004,15.5543291445295,2010
23.8008634527467,10.056639605718,2013
26.4688598465817,18.6265674162183,2001
36.4850752645144,19.2733544207843,2001
28.9302437250692,16.1472172320484,2011
28.18464203925,17.8809657303991,2003
36.37727743042,21.9862665788253,2003
32.972662503607,12.6348044711411,2010
32.8648646695127,14.6919464717748,2016
28.1037936636792,19.8931919668268,2010
26.8820848772767,14.6021149433628,2002
35.8023556485835,21.6449067708599,2010
34.2213207485332,21.1687996702765,2011
28.6876985983569,9.46375151819916,2004
28.6337996813097,13.0210800433125,2011
30.0172052188538,20.4591305958221,2011
36.3233785133729,15.2489019479289,2022
28.3912545545975,20.6567599583284,2004
30.7538237518318,10.0207069943533,2011
31.8318020927752,16.7580716252497,2001
28.3104061790267,20.4770969015045,2001
28.4990523886918,13.7217659649257,2005
24.780027112437,16.7760379309321,2003
33.9877587746621,11.7903881040687,2010
35.5418442161889,21.007102919135,2018
28.2385409562972,12.4731077199996,2001
33.2870728530489,17.1712966559447,2004
29.6399127995236,13.2905746285483,2010
38.1200090816119,17.9438478002874,2001
24.321886317536,9.93087546594131,2011
27.7175180915078,19.9650571895564,2004
25.0944374618788,13.2636251700247,2011
30.0980535944246,11.206483169391,2022
33.8170788706794,19.9830234952388,2007
27.7444675500314,15.2399187950877,2011
26.5227587636289,12.8863327506945,2002
24.7081618897074,17.3329934070862,2011
36.7366035440678,21.330496421418,2011
24.690195584025,17.3599428656098,2001
30.0980535944246,15.7699248127182,2001
28.9571931835928,14.7638116945043,2007
33.6284326610143,16.5604422627434,2013
33.6014832024907,12.5809055540939,2009
32.0294314552815,18.1594434684761,2011
31.9755325382344,13.5421029081018,2010
24.2230716362829,12.2844615103345,2014
28.6158333756274,18.2672413025705,2022
26.9359837943239,12.8234506808062,2001
36.2245638321197,14.4763508035861,2011
34.9309898229876,14.1170246899383,2014
27.0168321698946,14.4853339564273,2010
30.071104135901,21.5999910066539,2015
29.0739741705283,20.683709416852,2013
24.1512064135533,17.9618141059698,2011
35.7035409673304,21.8874518975721,2013
35.6226925917596,15.5633122973707,2011
31.1400993240032,17.7102858264164,2008
24.8069765709606,11.7454723398627,2001
29.9004242319183,15.0782220439462,2002
25.7322413136037,15.5902617558943,2010
25.0315553919905,14.9614410570106,2001
27.6007371045723,17.8270668133519,2001
29.8914410790771,15.5722954502119,2022
33.2691065473665,14.3775361223329,2022
25.0764711561964,12.4641245671584,2020
25.2291847544968,12.446158261476,2006
36.1347323037078,20.3872653730925,2010
33.1343592547486,12.2664952046521,2000
33.2691065473665,14.2787214410798,2011
33.4397864513492,14.9883905155342,2011
25.5346119510974,16.7401053195673,2001
28.0498947466321,17.6204542980044,2006
35.2184507139058,19.8752256611444,2002
28.4990523886918,19.9291245781916,2011
31.5173917433334,11.2424157807558,2011
33.475719062714,11.1795337108674,2011
32.5774037785945,12.1497142177165,2011
33.4487696041904,12.7336191523942,2011
33.8530114820442,19.0218261412309,2009
24.5105325272011,10.0027406886709,2001
26.7293712789764,10.7303760688077,2013
27.5109055761603,16.5514591099022,2014
23.5762846317168,14.7278790831396,2013
34.3650511939923,19.0847082111192,2011
33.2780897002077,12.1047984535106,2010
26.7473375846588,17.234178725833,2000
35.9281197883603,20.9082882378819,2011
25.4986793397326,20.6567599583284,2013
24.8878249465313,15.3836492405468,2022
34.2392870542156,18.5816516520123,2007
24.2320547891241,11.9251353966866,2011
31.4006107563979,13.4792208382134,2022
29.2356709216698,13.6768502007197,2011
27.6456528687783,21.1238839060705,2010
28.921260572228,12.1676805233989,2015
32.6852016126888,18.0336793286994,2000
32.2629934291526,19.6057310759086,2001
24.9327407107373,18.5547021934887,2002
29.2805866858758,13.596001825149,2013
28.5349850000566,12.3383604273816,2002
25.5705445624622,12.3383604273816,2001
26.8731017244355,14.8536432229163,2012
36.9611823650977,17.5845216866396,2013
34.212337595692,11.4580114489445,2011
24.1601895663945,13.7037996592433,2010
28.5799007642626,15.6621269786239,2011
34.4369164167219,12.4281919557936,2020
36.4311763474672,20.9711703077702,2007
23.8457792169527,14.5482160263157,2022
32.6133363899592,13.9732942444792,2001
26.298179942599,11.0537695710907,2004
31.26586346378,16.3358634417135,2001
31.1939982410504,10.514780400619,2011
32.9816456564482,19.3272533378315,2012
28.1936251920912,19.533865853179,2003
23.6930656186524,10.6854603046017,2001
33.4487696041904,18.2762244554117,2003
26.7024218204528,11.1076684881379,2011
31.4814591319686,17.8629994247167,2001
25.1213869204024,12.3203941216992,2011
23.3247563521634,14.7278790831396,2001
37.1408454219216,17.4497743940217,2001
30.7717900575142,14.3865192751741,2022
27.8522653841258,16.4077286644431,2022
25.3190162829087,14.8626263757575,2011
27.3042930608129,20.7016757225344,2010
35.1196360326527,16.7940042366145,2000
34.490815333769,11.4310619904209,2024
27.7804001613962,18.6355505690595,2010
26.1813989556635,14.0541426200499,2005
33.8979272462501,18.5457190406475,2001
24.7261281953898,9.93087546594131,2011
33.5565674382847,21.6718562293835,2005
26.208348414187,21.4023616441476,2011
36.1976143735961,17.0455325161679,2015
35.6945578144892,20.2794675389982,2004
22.9294976271508,10.8920728199492,2015
34.9399729758288,13.2815914757071,2004
26.0556348158867,10.6135950818721,2001
25.238167907338,14.8446600700751,2006
32.6762184598476,15.4105986990704,2013
28.4990523886918,15.3746660877056,2004
26.2622473312342,17.7552015906223,2001
33.385887534302,21.6269404651775,2001
26.9359837943239,20.0279392594447,2011
25.4537635755266,16.2011161490956,2009
29.0021089477988,9.82307763184697,2001
24.5823977499307,17.9079151889227,2022
26.8641185715943,10.6405445403957,2001
31.4814591319686,19.0218261412309,2003
22.525255749297,13.964311091638,2022
32.0563809138051,18.9858935298661,2011
28.3373556375503,18.2492749968881,2010
29.657879105206,10.5417298591426,2011
35.9820187054074,22.4623736794086,2007
24.9057912522137,19.16555658669,2022
23.998492815253,12.6348044711411,2004
23.1630596010219,12.3293772745404,2004
26.1454663442987,10.9998706540435,2001
28.4182040131211,15.8597563411302,2001
24.7890102652782,13.3175240870719,2011
34.1764049843272,10.1644374398124,2001
37.3205084787455,18.5726684991711,2002
30.807722668879,17.0545156690091,2000
34.2392870542156,15.1411041138345,2002
29.6219464938412,12.077848994987,2001
25.3639320471147,21.8605024390486,2006
30.8167058217202,9.85002709037055,2014
31.9665493853932,19.5518321588614,2006
30.0082220660126,10.5327467063014,2007
35.2454001724294,15.1500872666757,2004
26.5497082221525,10.9998706540435,2011
28.4541366244858,14.4763508035861,2001
35.7484567315364,18.4558875122356,2011
31.8587515512988,17.8450331190343,2011
28.2205746506148,17.4857070053865,2008
36.2065975264373,16.7041727082025,2011
31.4904422848098,18.9679272241837,2016
30.1699188171541,20.2794675389982,2013
30.5382280836431,13.6858333535609,2005
31.6162064245866,14.7997443058691,2008
34.0326745388681,16.9018020707088,2015
26.0466516630455,11.2783483921206,2013
33.6463989666967,17.9079151889227,2001
30.3316155682956,13.1917599472952,2022
27.6187034102547,15.6082280615767,2011
30.9424699614969,16.1023014678424,2004
30.1429693586305,11.7724217983863,2005
31.6611221887925,16.3987455116019,2001
34.7423436133225,20.4052316787749,2001
29.3165192972406,13.2636251700247,2018
31.8497683984576,21.4742268668772,2000
35.3891306178886,22.570171513503,2011
31.8318020927752,21.8245698276838,2001
32.4516396388177,21.3484627271004,2008
24.7440945010722,19.6865794514793,2008
35.7125241201716,16.2011161490956,2022
24.5644314442483,15.1321209609933,2010
29.2177046159874,21.698805687907,2001
34.4728490280866,15.4105986990704,2005
22.7049188061209,14.0451594672087,2001
32.5414711672297,14.611098096204,2010
25.6513929380329,16.9467178349148,2003
29.5680475767941,14.7997443058691,2004
33.1702918661133,21.4832100197184,2010
26.621573444882,15.760941659877,2011
29.3973676728113,12.3473435802228,2013
26.3341125539638,10.101555369924,2010
35.6676083559656,20.0908213293331,2013
36.143715456549,16.0753520093188,2001
25.0225722391493,15.4644976161176,2003
33.5386011326023,17.1533303502623,2011
31.8407852456164,17.8270668133519,2011
27.5019224233192,12.2485288989697,2011
33.3230054644137,11.709539728498,2022
24.9057912522137,10.4069825665247,2014
24.456633610154,11.3681799205325,2011
27.8792148426494,14.3775361223329,2014
32.5235048615473,13.5870186723078,2003
24.1422232607121,8.87984658352147,2008
28.4002377074387,19.1026745168016,2011
35.9101534826779,21.4832100197184,2001
28.8493953494984,20.638793652646,2002
27.8342990784434,18.9858935298661,2011
31.912650468346,10.8291907500608,2022
33.4038538399844,12.1676805233989,2011
35.2094675610646,15.7339922013534,2005
34.3650511939923,16.0933183150012,2013
25.4088478113207,14.9883905155342,2010
24.456633610154,15.2399187950877,2003
33.5925000496495,14.1799067598266,2007
25.3729151999559,10.559696164825,2005
35.3262485480002,18.9140283071365,2008
32.2270608177878,12.4820908728408,2024
25.6154603266682,19.4350511719258,2011
33.385887534302,19.9201414253504,2006
37.9672954833116,18.3031739139353,2015
27.4570066591132,11.6376745057684,2005
34.6165794735458,18.0246961758582,2001
35.272349630953,12.8953159035357,2022
29.1548225460991,10.1195216756064,2003
25.6603760908741,12.9132822092181,2022
35.8562545656307,17.73723528494,2010
31.176031935368,20.6567599583284,2022
25.9927527459984,15.3656829348644,2016
25.9927527459984,15.1231378081521,2013
31.1939982410504,10.2902015795891,2003
26.9000511829591,18.4648706650768,2005
38.4434025838949,17.9168983417639,2010
31.7509537172045,19.2823375736255,2001
34.0326745388681,14.2697382882386,2011
33.9248767047737,14.2966877467622,2010
28.5799007642626,16.1472172320484,2014
28.5439681528978,11.709539728498,2008
37.0240644349861,19.3452196435139,2006
36.8264350724798,16.8479031536616,2001
28.0498947466321,19.7314952156853,2022
33.6823315780615,14.3865192751741,2014
32.9906288092894,14.7278790831396,2011
36.9252497537329,21.1238839060705,2010
35.5508273690301,17.3329934070862,2011
24.824942876643,13.7307491177669,2011
34.535731097975,20.6657431111696,2016
24.3129031646949,14.5841486376804,2011
29.2805866858758,16.1651835377308,2002
31.131116171162,18.9589440713425,2001
27.0617479341006,18.384022289506,2011
27.35819197786,13.2007431001364,2001
29.7207611750944,13.5241366024194,2013
35.5508273690301,15.9316215638597,2013
36.143715456549,12.8054843751238,2011
28.5619344585802,18.2402918440469,2011
35.8652377184719,14.9704242098518,2003
34.7064110019577,14.197873065509,2007
30.8167058217202,17.3868923241333,2002
34.3021691241039,11.4849609074681,2004
23.2978068936398,12.8863327506945,2010
26.6125902920408,17.4946901582277,2013
36.2515132906433,14.6649970132512,2001
26.7832701960235,14.7188959302984,2009
26.0825842744103,12.2395457461285,2003
27.8432822312846,10.0386733000357,2010
29.0470247120047,14.9704242098518,2009
29.6758454108884,17.3060439485626,2000
30.5831438478491,18.0875782457466,2001
30.4304302495488,16.6592569439965,2013
30.7089079876258,20.0548887179683,2011
24.2230716362829,10.5237635534602,2011
32.2989260405174,21.5011763254007,2003
22.1749127884904,13.7127828120845,2022
35.0298045042407,20.1357370935391,2013
28.7326143625629,15.1950030308817,2001
32.2270608177878,16.2460319133015,2014
24.1512064135533,13.596001825149,2007
31.822818939934,14.4494013450625,2022
27.7085349386666,18.4558875122356,2010
35.6945578144892,19.0936913639604,2001
24.9776564749433,10.7034266102841,2007
36.1347323037078,13.9104121745908,2001
31.634172730269,12.2395457461285,2012
27.9241306068553,21.1149007532294,2020
34.8052256832109,14.0092268558439,2011
31.7689200228869,12.0239500779398,2005
34.490815333769,21.1238839060705,2006
26.3969946238521,12.7426023052354,2001
35.7484567315364,15.2848345592937,2013
29.1188899347343,10.3710499551599,2002
31.1939982410504,12.032933230781,2014
22.9654302385156,12.1047984535106,2002
32.9906288092894,21.2855806572121,2003
35.9730355525662,15.6441606729415,2016
26.9180174886415,14.934491598487,2003
28.2115914977736,17.2162124201506,2011
27.2414109909245,18.4558875122356,2011
23.720015077176,12.5449729427291,2011
25.6513929380329,20.3782822202513,2006
31.1131498654796,17.0275662104855,2022
32.4157070274529,17.8989320360815,2001
37.0689801991921,17.3329934070862,2001
29.8555084677123,20.8274398623111,2015
31.176031935368,11.988017466575,2000
25.0315553919905,12.769551763759,2011
30.8346721274026,12.3473435802228,2001
29.2177046159874,21.375412185624,2022
32.9097804337187,21.0699849890234,2011
27.6097202574135,10.3081678852715,2013
35.1735349496999,18.2492749968881,2010
30.3046661097721,12.1766636762401,2010
23.9176444396823,13.5151534495782,2001
24.9147744050549,13.4792208382134,2001
24.5195156800423,13.6858333535609,2010
35.3352317008414,17.1443471974211,2001
35.7125241201716,16.865869459344,2020
30.2956829569309,13.9104121745908,2001
27.6456528687783,17.7641847434635,2011
35.8472714127895,18.5816516520123,2005
29.3434687557642,12.9761642791065,2022
37.0240644349861,17.9438478002874,2015
29.244654074511,10.6585108460781,2012
25.9568201346336,18.9409777656601,2011
29.3165192972406,12.724635999553,2010
26.1185168857751,21.1867659759589,2011
25.2741005187027,14.8805926814399,2022
23.8367960641115,10.9908875012023,2022
32.2989260405174,19.0577587525956,2006
28.1936251920912,19.9291245781916,2006
28.3463387903915,12.5000571785231,2006
25.7232581607625,14.7817780001867,2005
35.0028550457172,19.2823375736255,2005
24.8518923351666,12.724635999553,2022
33.6284326610143,11.4310619904209,2010
31.4904422848098,10.3800331080011,2011
25.7951233834921,12.6617539296647,2005
23.4235710334165,12.5719224012527,2006
28.0049789824261,12.724635999553,2016
35.9101534826779,14.6380475547276,2002
23.9266275925235,14.1709236069855,2011
26.5676745278348,10.14647113413,2012
33.8709777877266,10.469864636413,2008
28.3463387903915,14.3775361223329,2001
34.5986131678634,10.9100391256316,2000
29.4333002841761,18.2941907610941,2001
32.8558815166715,18.4918201236003,2001
31.5173917433334,11.2693652392794,2009
31.3017960751447,16.2280656076192,2022
32.604353237118,15.9945036337481,2008
26.3520788596462,13.1019284188832,2001
33.5835168968083,11.1615674051851,2010
22.3006769282671,12.9312485149005,2011
28.2744735676619,15.760941659877,2005
30.5651775421667,14.3775361223329,2022
26.9988658642122,19.6955626043205,2000
35.2184507139058,20.360315914569,2006
26.6125902920408,9.85002709037055,2010
28.0858273579968,18.5457190406475,2001
33.1882581717957,21.9862665788253,2009
33.1972413246369,13.048029501836,2000
33.9338598576149,11.6017418944036,2005
36.0898165395018,21.2316817401649,2002
27.9959958295849,19.8392930497796,2001
31.4006107563979,12.0868321478282,2022
36.5030415701968,21.8694855918898,2016
36.5569404872439,21.3215132685768,2002
34.6884446962753,12.2754783574933,2011
33.0355445734954,14.2517719825562,2022
33.1972413246369,13.1558273359304,2004
37.4732220770458,18.7253820974714,2001
33.475719062714,20.0908213293331,2001
35.0387876570819,20.4591305958221,2011
30.3316155682956,12.679720235347,2011
28.5888839171038,15.9046721053361,2002
31.1221330183208,12.2305625932873,2005
29.8195758563475,16.7221390138849,2003
28.1037936636792,21.3484627271004,2020
34.6974278491165,14.2338056768738,2022
27.6366697159371,21.5910078538127,2006
30.9873857257029,21.4742268668772,2006
25.7951233834921,14.9524579041694,2011
29.6399127995236,17.692319520734,2002
35.9730355525662,21.9772834259841,2001
33.9967419275033,20.6028610412812,2022
25.4178309641619,21.7257551464306,2011
31.3197623808271,13.8924458689084,2022
28.1307431222028,15.6800932843062,2003
32.6582521541652,19.6775962986381,2013
28.6517659869921,12.6887033881882,2022
33.3679212286196,12.3383604273816,2011
29.4512665898585,13.1648104887716,2004
25.471729881209,11.8622533267983,2010
32.649269001324,21.0430355304998,2014
27.6097202574135,10.7752918330137,2012
29.1638056989403,18.4109717480296,2022
34.0775903030741,11.6017418944036,2022
32.0653640666463,18.8062304730422,2022
26.9629332528474,19.1296239753252,2009
33.9069103990913,15.9495878695421,2001
31.176031935368,21.3125301157356,2007
26.3790283181698,16.9018020707088,2011
26.9719164056886,18.4109717480296,2002
35.4520126877769,13.8565132575436,2005
29.6668622580472,10.424948872207,2014
36.4311763474672,20.4231979844573,2004
25.193252143132,13.6319344365137,2001
29.0380415591635,14.5212665677921,2010
23.9086612868411,12.8054843751238,2011
35.6226925917596,21.8066035220014,2022
25.2741005187027,17.8540162718755,2009
28.0319284409497,18.5906348048535,2012
25.7861402306509,17.8180836605107,2001
27.0976805454654,19.9830234952388,2009
32.002481996758,21.6179573123363,2001
30.2417840398837,21.1777828231177,2022
25.2022352959732,15.5902617558943,2022
34.4728490280866,15.7878911184006,2007
25.9478369817924,19.6775962986381,2001
29.8914410790771,10.3890162608423,2011
26.298179942599,16.0573857036364,2010
32.3528249575646,13.3983724626427,2003
29.0200752534811,20.8993050850407,2013
31.1670487825268,18.6175842633771,2006
37.0869465048744,19.4709837832906,2006
25.6693592437153,20.59387788844,2010
29.334485602923,19.3721691020375,2011
33.3050391587313,17.0275662104855,2001
28.2565072619796,9.5805325051347,2011
32.2989260405174,19.5158995474966,2022
24.4027346931068,15.5004302274823,2014
29.4871992012233,19.8482762026208,2006
29.0470247120047,16.3807792059195,2011
31.086200406956,20.1087876350155,2022
35.5148947576653,19.0577587525956,2005
24.7261281953898,19.1925060452136,2004
29.8555084677123,13.1648104887716,2016
26.989882711371,15.114154655311,2010
26.5856408335172,17.3779091712921,2005
33.0355445734954,20.0998044821743,2001
33.5835168968083,20.4142148316161,2014
24.8878249465313,13.7936311876553,2014
27.6097202574135,19.1745397395312,2008
28.9482100307516,17.647403756528,2024
34.7872593775285,15.7339922013534,2011
34.0775903030741,13.7756648819729,2005
24.9237575578961,19.2464049622607,2002
31.6611221887925,18.1684266213173,2006
27.6187034102547,14.4853339564273,2022
29.6219464938412,18.2582581497293,2001
31.1670487825268,14.5392328734745,2010
29.7566937864592,15.5094133803235,2010
34.9759055871936,15.6711101314651,2011
25.9388538289512,16.1472172320484,2011
30.2866998040897,11.9700511608926,2003
36.2604964434845,17.9977467173346,2001
27.8702316898082,21.2586311986885,2010
23.261874282275,11.709539728498,2015
25.3908815056383,18.2133423855233,2001
25.3639320471147,20.0818381764919,2011
35.0477708099231,11.5478429773564,2001
31.8048526342517,17.3060439485626,2011
32.0923135251699,16.91078522355,2001
33.754196800791,18.4469043593944,2010
35.8832040241543,20.9352376964054,2000
23.0283123084039,15.2129693365641,2003
30.5202617779607,14.9883905155342,2007
24.6452798198191,10.2273195097008,2006
30.0980535944246,14.242788829715,2010
34.0775903030741,19.2014891980548,2001
29.5321149654293,15.8417900354478,2020
31.8497683984576,14.8087274587103,2009
31.5712906603806,11.9341185495278,2005
35.7215072730128,18.7163989446302,2001
28.6876985983569,15.2489019479289,2022
28.4721029301682,21.8425361333662,2022
30.3675481796604,21.7347382992718,2014
28.9122774193868,11.6376745057684,2006
36.3413448190552,14.9973736683754,2010
33.6284326610143,20.9442208492466,2003
28.4092208602799,14.8716095285987,2001
34.3470848883099,14.3505866638094,2001
24.2051053306005,19.8662425083032,2013
32.2450271234702,15.7250090485122,2010
32.3348586518822,13.6499007421961,2006
23.7739139942231,13.6858333535609,2011
31.0502677955913,18.3031739139353,2011
35.227433866747,13.8205806461788,2001
33.3230054644137,16.6233243326317,2000
30.2866998040897,11.6556408114508,2001
33.6194495081731,14.6290644018864,2001
30.5022954722784,16.6323074854729,2011
38.2817058327534,18.1774097741585,2022
34.0596239973917,18.1504603156349,2003
35.7933724957423,19.6596299929557,2014
35.272349630953,15.1411041138345,2011
30.4753460137548,15.716025895671,2010
24.824942876643,10.6225782347133,2000
31.2838297694623,20.7915072509463,2000
24.9956227806257,14.197873065509,2022
35.407096923571,12.2215794404461,2010
25.8130896891745,17.9079151889227,2014
35.3352317008414,12.077848994987,2005
28.5709176114214,12.9941305847889,2011
25.3729151999559,14.5302497206333,2022
26.253264178393,13.4702376853722,2005
24.6183303612955,10.2363026625419,2005
25.2022352959732,11.6017418944036,2018
27.5558213403663,10.1195216756064,2022
27.9870126767437,18.6086011105359,2011
30.116019900107,19.5428490060202,2006
26.6305565977232,13.182776794454,2011
31.1041667126384,17.1263808917387,2011
36.0269344696134,22.6420367362325,2000
34.8142088360521,15.8956889524949,2011
33.0984266433838,20.0638718708095,2001
30.1519525114717,15.3746660877056,2002
27.1156468511478,15.2309356422465,2010
32.739100529736,14.6200812490452,2004
33.0355445734954,16.0304362451129,2001
23.720015077176,12.446158261476,2014
28.2475241091384,13.0120968904713,2014
35.3442148536826,17.5935048394808,2011
31.220947699574,17.3599428656098,2013
28.7056649040393,21.5550752424479,2020
25.2112184488144,16.0484025507953,2022
24.9686733221021,17.8629994247167,2013
31.0772172541148,10.4429151778894,2011
25.3549488942735,21.9952497316665,2000
31.6970548001573,10.2812184267479,2013
31.7779031757281,11.4400451432621,2022
25.6154603266682,18.6445337219007,2004
22.8666155572624,14.4853339564273,2009
24.0703580379826,9.70629664491143,2011
30.026188371695,15.0063568212166,2022
35.8832040241543,14.2966877467622,2010
36.8444013781622,21.6359236180187,2002
30.762806904673,21.4562605611948,2022
30.762806904673,17.6743532150516,2011
27.5378550346839,10.5507130119838,2011
26.5317419164701,16.587391721267,2002
36.8983002952094,17.4228249354981,2011
28.8943111137044,20.5489621242341,2011
27.0078490170534,21.330496421418,2002
25.1393532260848,12.8863327506945,2001
32.2180776649466,18.3031739139353,2013
30.9424699614969,10.0656227585592,2010
25.0764711561964,20.7915072509463,2006
24.4745999158364,16.8479031536616,2003
33.8709777877266,12.1946299819225,2011
35.1376023383351,15.850773188289,2005
34.9579392815112,18.7702978616774,2018
34.4279332638807,16.3268802888723,2004
25.0315553919905,16.9018020707088,2003
23.0642449197687,13.8834627160672,2004
29.4871992012233,20.9352376964054,2015
27.8881979954905,20.1267539406979,2002
35.8921871769955,22.1479633299668,2002
25.7861402306509,14.1349909956207,2014
33.888944093409,16.5784085684258,2004
30.0621209830598,15.0422894325814,2011
27.7624338557138,20.3064169975218,2011
27.9061643011729,16.0484025507953,2001
24.6273135141367,14.197873065509,2005
26.2891967897578,11.9071690910043,2022
30.3585650268192,14.3865192751741,2011
34.257253359898,11.6107250472448,2011
28.1936251920912,13.6049849779902,2010
23.585267784558,14.0361763143675,2002
26.666489209088,11.1346179466615,2001
33.430803298508,19.7853941327325,2004
25.8759717590628,16.3717960530783,2005
28.6427828341509,13.182776794454,2011
28.4810860830094,15.8238237297654,2000
29.0470247120047,9.90392600741772,2003
29.612963341,19.1026745168016,2013
30.3585650268192,11.1166516409791,2011
24.8878249465313,15.0063568212166,2022
30.7538237518318,15.302800864976,2005
24.5734145970895,12.356326733064,2013
31.6790884944749,11.6376745057684,2010
23.9805265095706,15.4016155462292,2022
32.6852016126888,19.4260680190847,2011
32.0294314552815,21.6718562293835,2003
32.1462124422171,18.752331555995,2001
30.807722668879,18.060628787223,2011
32.3528249575646,18.842163084407,2001
34.8411582945756,17.3329934070862,2007
30.3405987211368,12.2844615103345,2001
37.158811727604,20.1986191634274,2014
35.5059116048241,13.6948165064021,2015
26.1724158028223,21.6179573123363,2001
23.1091606839747,12.5270066370467,2011
30.9245036558145,21.5281257839243,2001
28.1217599693616,15.5812786030531,2022
22.7139019589621,14.0810920785735,2011
34.4099669581983,22.2288117055376,2008
36.1077828451842,15.6351775201003,2001
24.9057912522137,15.7250090485122,2006
34.8231919888933,14.3685529694917,2011
25.516645645415,15.6621269786239,2011
24.6452798198191,15.069238891105,2001
30.7538237518318,12.5270066370467,2013
26.0286853573631,18.060628787223,2011
22.5522052078206,14.2697382882386,2022
33.2691065473665,13.8924458689084,2004
28.7865132796101,18.6265674162183,2022
28.2115914977736,11.6107250472448,2013
34.1045397615976,15.9406047167009,2002
24.6632461255015,14.8985589871223,2012
29.8644916205535,20.1896360105862,2006
31.957566232552,21.1328670589117,2010
23.1271269896571,11.709539728498,2005
27.6366697159371,21.6808393822247,2005
27.3312425193364,11.8622533267983,2003
28.7326143625629,14.197873065509,2000
34.8411582945756,14.7188959302984,2011
26.5676745278348,19.4709837832906,2011
32.8019825996243,14.5931317905216,2010
29.9094073847595,15.4016155462292,2011
35.6137094389184,21.6179573123363,2001
31.8138357870929,15.437548157594,2020
33.0445277263366,12.8953159035357,2022
24.6093472084543,13.1558273359304,2005
33.2062244774781,12.5270066370467,2011
29.6668622580472,10.6944434574429,2003
33.4487696041904,13.2726083228659,2022
35.8562545656307,21.6359236180187,2010
32.2540102763114,18.105544551429,2011
24.5644314442483,19.3811522548787,2014
24.5644314442483,9.3829031426284,2011
27.5648044932075,10.3530836494775,2009
27.5827707988899,12.1317479120341,2002
30.0441546773774,14.4314350393801,2022
28.6697322926745,16.0933183150012,2022
35.4789621463005,21.3125301157356,2001
29.01109210064,14.5482160263157,2011
26.4688598465817,16.5334928042198,2005
27.5288718818427,17.3329934070862,2007
24.7890102652782,16.9467178349148,2001
29.7566937864592,20.360315914569,2011
35.3981137707298,19.5518321588614,2020
30.3855144853428,12.2305625932873,2001
30.8706047387674,19.99200664808,2011
24.5554482914071,17.3329934070862,2011
35.685574661648,18.752331555995,2014
30.8885710444498,13.9283784802732,2009
24.6722292783427,17.9168983417639,2011
31.7689200228869,21.7527046049542,2001
31.912650468346,21.1777828231177,2011
28.0768442051556,10.4159657193659,2011
33.1613087132721,21.5281257839243,2010
23.216958518069,10.6764771517605,2011
27.4659898119544,17.1173977388975,2015
24.4745999158364,10.6315613875545,2012
34.625562626387,15.0422894325814,2022
30.4304302495488,18.5547021934887,2011
29.5051655069057,16.0753520093188,2002
28.5709176114214,9.79612817332338,2015
35.4609958406181,17.6563869093692,2001
34.535731097975,18.1504603156349,2020
35.7484567315364,13.1468441830892,2020
27.9600632182201,12.5270066370467,2006
32.5774037785945,18.8062304730422,2011
26.2891967897578,20.1986191634274,2013
25.3459657414323,11.2873315449618,2011
32.0473977609639,17.4767238525453,2001
32.9007972808775,21.9503339674605,2011
27.8702316898082,11.7454723398627,2005
23.7289982300172,9.54459989376991,2015
35.5238779105065,20.0369224122859,2002
30.852638433085,16.8568863065028,2011
36.4042268889436,19.1835228923724,2013
26.711404973294,15.7250090485122,2002
25.0046059334669,21.2676143515297,2020
26.3161462482814,18.4379212065532,2001
31.4904422848098,18.4109717480296,2014
34.7243773076401,14.1709236069855,2010
30.9963688785441,11.3591967676913,2001
35.3082822423178,22.0491486487137,2011
24.043408579459,19.6955626043205,2018
25.0944374618788,15.3297503234996,2002
35.0028550457172,16.8389200008204,2001
27.6187034102547,16.129250926366,2002
35.5238779105065,12.6887033881882,2008
29.1099067818931,20.3872653730925,2007
35.964052399725,18.6175842633771,2011
28.0139621352673,19.0128429883897,2001
24.7171450425486,17.1533303502623,2018
27.0707310869418,16.8928189178676,2002
35.272349630953,12.4910740256819,2001
24.5554482914071,15.2129693365641,2010
35.2903159366354,18.707415791789,2006
28.7685469739277,14.9255084456458,2005
24.50154937436,10.2003700511772,2011
29.5500812711117,11.1346179466615,2001
33.3230054644137,21.0250692248174,2013
35.4609958406181,18.7613147088362,2011
35.6226925917596,16.7580716252497,2013
37.0689801991921,18.0516456343818,2011
36.0449007752958,21.0340523776586,2001
30.4663628609136,11.9610680080514,2000
25.238167907338,10.8741065142668,2011
25.1752858374496,15.1321209609933,2011
26.6305565977232,20.7376083338992,2014
33.017578267813,20.8004904037875,2003
29.4782160483821,19.0038598355485,2015
25.3010499772263,20.7645577924227,2002
30.5382280836431,17.7821510491459,2011
34.7962425303697,11.4669946017857,2014
26.6036071391996,21.42032794983,2011
33.2331739360017,19.3901354077199,2000
32.8379152109891,14.6829633189336,2001
26.3969946238521,16.6323074854729,2001
25.7322413136037,17.3779091712921,2011
24.9686733221021,17.8091005076695,2010
31.4185770620803,16.497560192855,2006
27.4120908949072,12.5000571785231,2011
24.0973074965062,16.3089139831899,2006
26.0286853573631,15.0422894325814,2013
32.1372292893759,19.2643712679431,2011
30.5561943893255,9.98477438298848,2014
36.008968163931,15.4734807689588,2003
21.8874518975721,12.9402316677417,2013
32.1731619007407,12.0149669250986,2008
25.92987067611,14.6021149433628,2002
33.340971770096,19.6416636872733,2009
32.5684206257533,20.8364230151523,2011
29.7297443279356,14.2158393711914,2007
34.9220066701464,11.9161522438455,2010
36.5838899457675,20.7016757225344,2020
31.1850150882092,17.4497743940217,2011
30.5382280836431,10.3171510381127,2001
26.0107190516807,16.452644428649,2005
30.1609356643129,17.6204542980044,2022
34.7962425303697,11.1166516409791,2000
28.7236312097217,9.58951565797589,2020
36.790502461115,17.368926018451,2003
34.2662365127392,10.7393592216489,2000
29.0021089477988,21.3484627271004,2001
27.35819197786,15.2309356422465,2006
29.8465253148711,19.8392930497796,2001
34.1404723729624,13.8834627160672,2007
26.2352978727106,20.4052316787749,2010
25.4447804226854,13.1558273359304,2008
31.4455265206039,15.0153399740578,2005
30.762806904673,15.3836492405468,2001
29.1907551574639,19.8931919668268,2003
26.5317419164701,15.2129693365641,2014
26.4239440823757,9.65239772786426,2006
35.6047262860772,17.9438478002874,2015
31.912650468346,11.3771630733737,2013
30.1789019699953,12.8414169864886,2024
35.8562545656307,15.1950030308817,2014
26.8461522659119,20.2974338446806,2014
25.3190162829087,16.542475957061,2002
28.0498947466321,17.8540162718755,2018
29.7207611750944,18.3211402196176,2014
28.4182040131211,11.4490282961033,2005
30.8975541972909,19.1026745168016,2008
34.0326745388681,19.5608153117026,2006
27.2683604494481,13.964311091638,2016
32.2450271234702,19.8842088139856,2010
34.8860740587816,13.8834627160672,2013
30.2328008870425,10.14647113413,2011
27.9331137596965,14.4224518865389,2022
31.9665493853932,11.4041125318973,2014
32.4696059445001,13.5780355194666,2015
29.6938117165708,10.3081678852715,2011
25.4896961868914,15.4195818519116,2013
30.4753460137548,21.1867659759589,2000
30.0531378302186,19.6416636872733,2001
25.148336378926,19.578781617385,2009
36.422193194626,18.1145277042702,2000
32.5504543200709,14.3775361223329,2008
32.7211342240536,14.0541426200499,2002
36.4850752645144,17.9887635644934,2022
25.8759717590628,13.092945266042,2014
31.499425437651,20.4231979844573,2009
35.7484567315364,15.5183965331647,2022
33.9877587746621,16.2550150661427,2006
33.7272473422674,15.0422894325814,2011
27.3312425193364,19.0487755997545,2005
32.69418476553,20.638793652646,2001
24.5464651385659,16.1831498434132,2001
28.7954964324513,9.7512124091174,2000
31.1850150882092,14.2787214410798,2011
35.317265395159,12.1766636762401,2011
29.4692328955409,20.2615012333158,2006
32.1911282064231,18.7253820974714,2022
34.3021691241039,21.7077888407482,2005
37.4103400071575,18.8870788486129,2007
37.4732220770458,18.1324940099525,2010
30.2417840398837,13.2456588643423,2011
30.349581873978,10.928005431314,2015
23.216958518069,15.0333062797402,2001
31.9306167740284,13.5421029081018,2001
31.1850150882092,21.6269404651775,2022
30.4214470967076,14.3775361223329,2005
34.7782762246873,11.7993712569099,2004
32.3348586518822,12.0688658421458,2013
34.8860740587816,21.6089741594951,2000
30.6909416819435,18.0246961758582,2005
26.4958093051053,17.5126564639101,2005
31.6431558831101,15.2309356422465,2011
28.1487094278852,20.1716697049039,2006
27.448023506272,9.83206078468816,2001
30.7089079876258,13.7127828120845,2022
30.5831438478491,21.3843953384652,2004
27.6995517858254,11.7364891870215,2022
25.840039147698,19.6865794514793,2000
33.6104663553319,17.8540162718755,2022
36.1976143735961,18.797247320201,2013
28.8943111137044,17.9438478002874,2001
31.5084085904922,15.7789079655594,2011
30.394497638184,14.1080415370971,2013
32.0563809138051,18.4648706650768,2011
22.5342389021382,12.4820908728408,2007
36.4940584173556,20.6298104998048,2011
30.717891140467,20.8274398623111,2000
25.0854543090376,19.3542027963551,2014
34.7513267661637,11.1795337108674,2016
26.6934386676116,12.2754783574933,2011
35.0208213513995,21.096934447547,2001
25.0405385448317,21.8515192862074,2010
22.7857671816917,13.4522713796898,2011
32.6402858484828,20.2884506918394,2011
24.9147744050549,10.2273195097008,2006
30.5112786251196,13.2187094058188,2014
28.3014230261855,21.9233845089369,2006
28.0409115937909,18.2223255383645,2013
31.1131498654796,17.7731678963047,2011
31.1131498654796,14.197873065509,2003
33.7901294121558,11.8892027853219,2002
35.8293051071071,16.2370487604604,2000
29.1368562404167,14.3146540524446,2000
28.3732882489151,13.1019284188832,2011
26.9270006414827,12.7515854580766,2011
34.7153941547989,17.4048586298157,2001
24.7261281953898,17.5036733110689,2007
28.5439681528978,9.64341457502306,2013
28.4002377074387,16.6682400968377,2014
24.9866396277845,16.3717960530783,2000
33.6014832024907,11.4130956847385,2002
24.366802081742,10.3890162608423,2007
24.1691727192357,17.2431618786742,2018
26.6036071391996,12.4551414143172,2001
23.7559476885407,13.1558273359304,2024
33.6823315780615,17.0455325161679,2002
30.116019900107,18.7702978616774,2011
31.5623075075394,14.9614410570106,2020
32.5684206257533,18.6535168747419,2011
28.8493953494984,17.9438478002874,2020
32.7929994467831,15.850773188289,2001
33.5116516740788,18.2313086912057,2013
34.2931859712627,12.769551763759,2011
32.7750331411007,13.3354903927543,2001
25.4447804226854,13.9283784802732,2013
29.0021089477988,11.6556408114508,2013
28.4271871659623,12.0598826893046,2011
34.1314892201212,11.251398933597,2018
33.52063482692,19.4979332418142,2015
24.1422232607121,16.0933183150012,2011
30.5741606950079,20.9442208492466,2013
33.9787756218209,19.4260680190847,2003
33.7182641894262,16.2639982189839,2010
30.0531378302186,18.5816516520123,2011
34.993871892876,17.602487992322,2011
22.983396544198,15.437548157594,2013
25.4178309641619,15.0333062797402,2015
26.0736011215691,14.6739801660924,2005
28.5260018472154,17.0724819746915,2013
29.8914410790771,19.9201414253504,2001
25.7412244664449,21.698805687907,2011
25.0944374618788,20.1537033992215,2014
29.0739741705283,17.2701113371978,2003
24.4476504573128,13.7307491177669,2005
25.1393532260848,20.8993050850407,2007
24.088324343665,9.48171782388155,2010
29.7656769393003,17.2072292673094,2007
33.9608093161385,9.5715493522935,2006
34.7513267661637,11.0897021824555,2022
30.1429693586305,17.0455325161679,2005
24.780027112437,11.5388598245153,2006
35.2813327837942,15.9406047167009,2011
31.3556949921919,12.1766636762401,2011
26.4149609295345,18.5187695821239,2014
29.2716035330346,15.5363628388471,2003
33.4667359098728,17.6743532150516,2011
23.4774699504637,15.4824639218,2013
35.640658897442,21.4113447969888,2011
27.6097202574135,20.5669284299164,2010
31.8857010098224,19.2553881151019,2006
27.4839561176368,10.5686793176662,2001
35.0837034212879,17.6833363678928,2013
26.7024218204528,11.9610680080514,2004
30.3765313325016,15.114154655311,2013
30.5112786251196,10.4339320250482,2013
34.6075963207046,14.6919464717748,2003
24.9596901692609,18.3031739139353,2010
26.9270006414827,18.7882641673598,2003
31.544341201857,14.0271931615263,2009
33.7811462593146,14.4494013450625,2000
28.4810860830094,10.2812184267479,2011
36.2065975264373,20.8903219321995,2001
25.6244434795094,12.6707370825059,2001
31.544341201857,20.7825240981051,2022
24.9237575578961,12.1137816063517,2001
34.6525120849105,18.384022289506,2000
33.3140223115725,17.4318080883393,2011
31.6162064245866,20.638793652646,2000
36.1706649150725,18.4828369707592,2000
26.5047924579465,20.3064169975218,2011
26.711404973294,11.3322473091678,2022
30.4304302495488,15.9316215638597,2011
31.4634928262862,20.0998044821743,2001
27.0437816284182,15.6980595899886,2003
30.2058514285189,18.1235108571113,2007
27.5648044932075,11.664623964292,2015
29.8644916205535,17.1443471974211,2001
30.5022954722784,13.7127828120845,2002
24.1242569550298,17.279094490039,2013
25.9388538289512,21.3933784913064,2022
30.0172052188538,17.9887635644934,2010
34.2303039013744,18.9050451542953,2010
27.1156468511478,19.9381077310328,2011
24.869858640849,12.5719224012527,2001
27.9510800653789,13.6948165064021,2006
29.8644916205535,11.4220788375797,2001
25.1663026846084,16.2370487604604,2011
33.1433424075897,21.7167719935894,2001
35.8921871769955,22.4444073737262,2014
31.3377286865095,13.7846480348141,2009
34.4009838053571,11.8353038682747,2001
25.6693592437153,15.4824639218,2022
32.2090945121054,17.4228249354981,2022
29.0470247120047,19.7674278270501,2011
27.0258153227358,10.9639380426788,2005
26.1544494971399,12.7965012222826,2011
26.1903821085047,17.0455325161679,2022
28.1307431222028,21.1957491288001,2007
32.6762184598476,19.947090883874,2001
32.2001113592643,20.5489621242341,2022
27.8432822312846,9.67036403354665,2011
35.2184507139058,14.6919464717748,2002
26.7024218204528,13.4882039910546,2001
29.1278730875755,10.2902015795891,2011
27.8702316898082,21.9593171203017,2006
35.7664230372188,13.2726083228659,2010
27.3132762136541,12.8234506808062,2010
34.3920006525159,12.3922593444288,2015
29.4063508256525,10.9908875012023,2022
36.4132100417848,19.4620006304494,2004
28.9841426421164,18.0875782457466,2001
34.1943712900096,10.9010559727904,2005
23.585267784558,12.9941305847889,2022
24.5554482914071,18.8691125429305,2022
35.2813327837942,21.1957491288001,2022
29.3255024500818,16.1651835377308,2004
32.4696059445001,20.270484386157,2011
27.0437816284182,11.2603820864382,2010
31.5533243546982,19.3811522548787,2001
32.604353237118,18.5367358878063,2001
34.3021691241039,10.9908875012023,2022
36.467108958832,22.1838959413316,2001
30.3136492626133,17.692319520734,2001
24.0973074965062,18.9679272241837,2001
29.4512665898585,17.7821510491459,2011
27.771417008555,17.234178725833,2000
27.034798475577,9.9578249244649,2011
26.6036071391996,19.1835228923724,2001
34.2752196655803,18.752331555995,2022
25.9208875232688,13.4882039910546,2000
24.9327407107373,17.4407912411805,2001
34.7603099190049,18.9230114599777,2001
32.7121510712124,11.9161522438455,2001
28.508035541533,12.5988718597763,2022
24.2230716362829,15.0422894325814,2001
33.9069103990913,13.3265072399131,2008
28.4451534716447,21.8425361333662,2011
32.5145217087061,15.7789079655594,2022
32.3528249575646,19.3272533378315,2001
34.0955566087564,16.5784085684258,2010
29.2626203801934,11.3232641563266,2011
33.475719062714,16.5514591099022,2001
30.9245036558145,16.4616275814902,2022
28.9841426421164,13.8924458689084,2014
33.4847022155552,21.5730415481303,2010
27.6366697159371,19.9381077310328,2020
28.463119777327,16.174166690572,2003
33.8709777877266,13.8924458689084,2006
31.2838297694623,13.7666817291317,2015
27.1785289210361,16.6233243326317,2011
26.3251294011226,20.4950632071869,2002
26.3969946238521,14.7548285416631,2015
27.9780295239025,13.9463447859556,2010
30.2687334984073,11.8892027853219,2010
24.1512064135533,14.9434747513282,2011
26.7832701960235,13.461254532531,2011
29.5949970353176,19.5697984645438,2001
30.3585650268192,15.8687394939713,2000
32.8468983638303,21.6089741594951,2010
35.7754061900599,19.8482762026208,2013
26.0376685102043,12.6527707768235,2022
34.3560680411511,19.6416636872733,2012
24.6362966669779,14.9434747513282,2002
32.8468983638303,14.9524579041694,2011
31.7958694814105,15.6800932843062,2010
24.3398526232184,15.3117840178172,2011
30.484329166596,19.6955626043205,2001
31.7329874115221,12.4731077199996,2001
28.8493953494984,21.2855806572121,2011
35.0028550457172,12.0239500779398,2014
27.9151474540141,21.5011763254007,2011
30.1699188171541,13.3983724626427,2001
27.5198887290015,14.9524579041694,2006
22.6779693475973,13.2007431001364,2022
30.3046661097721,19.812343591256,2002
37.1049128105568,18.0516456343818,2002
27.1875120738773,12.4910740256819,2001
35.5418442161889,21.7706709106366,2014
26.3161462482814,13.6678670478785,2011
29.3165192972406,11.5029272131505,2001
24.321886317536,11.5298766716741,2003
28.2385409562972,21.6808393822247,2013
31.3826444507155,11.7903881040687,2024
29.2985529915582,20.5759115827576,2011
29.4602497426997,18.6086011105359,2013
28.9751594892752,9.67036403354665,2005
32.2989260405174,19.1475902810076,2014
27.034798475577,18.1145277042702,2009
36.7096540855443,17.0724819746915,2000
30.026188371695,17.7911342019871,2011
35.5687936747125,12.859383292171,2010
35.4340463820945,19.3003038793079,2011
36.1077828451842,17.4318080883393,2010
32.1192629836935,11.9161522438455,2013
23.7110319243348,11.5029272131505,2010
27.9870126767437,14.7817780001867,2022
27.6995517858254,10.4069825665247,2001
34.5087816394514,11.6466576586096,2005
26.7024218204528,13.8026143404964,2002
32.0473977609639,21.6898225350658,2001
30.6999248347846,14.1619404541443,2001
33.52063482692,19.6955626043205,2009
22.6240704305502,12.2575120518109,2015
36.8444013781622,16.91078522355,2001
31.4724759791274,10.056639605718,2011
28.0498947466321,18.0875782457466,2011
26.4778429994229,14.1080415370971,2012
34.625562626387,15.1680535723581,2010
31.5084085904922,18.384022289506,2006
36.3682942775788,13.9373616331144,2001
34.8950572116228,19.3362364906727,2003
28.0768442051556,16.4795938871726,2001
35.5418442161889,21.375412185624,2001
30.1250030529482,12.8863327506945,2003
27.4120908949072,16.219082454778,2005
31.6790884944749,16.9467178349148,2011
26.5676745278348,21.9683002731429,2022
25.4896961868914,13.7756648819729,2003
31.589256966063,18.0696119400642,2005
35.4520126877769,15.7519585070358,2011
33.062494032019,15.2758514064525,2011
24.2679874004889,10.4788477892542,2022
26.9719164056886,10.1554542869712,2003
36.9432160594153,17.5306227695925,2011
36.0269344696134,22.0850812600784,2022
28.5349850000566,9.56256619945231,2011
34.1764049843272,21.0610018361822,2001
33.5745337439671,20.5309958185517,2005
27.4570066591132,18.7702978616774,2003
31.3646781450331,20.3962485259337,2002
26.1454663442987,20.3692990674102,2011
34.5536974036574,12.679720235347,2001
37.1947443389688,20.1626865520627,2022
28.9122774193868,18.6894494861066,2011
26.2442810255518,19.578781617385,2011
31.2838297694623,14.2338056768738,2011
34.9848887400348,19.8482762026208,2000
37.4462726185223,18.3930054423472,2010
26.1813989556635,20.2076023162686,2004
30.2238177342013,11.5208935188329,2001
31.0502677955913,13.1019284188832,2013
23.1181438368159,11.9700511608926,2009
34.3830174996747,14.7727948473455,2003
32.370791263247,18.2582581497293,2001
26.8461522659119,16.587391721267,2011
28.597867069945,11.8981859381631,2011
26.1544494971399,12.5539560955703,2022
32.4426564859765,15.347716629182,2001
31.6970548001573,21.9233845089369,2006
27.9061643011729,21.9503339674605,2015
30.3855144853428,11.206483169391,2001
28.3193893318679,16.7940042366145,2010
35.7394735786952,16.7131558610437,2004
26.3700451653286,11.4849609074681,2004
24.8788417936901,12.7515854580766,2004
37.7876324264877,18.0696119400642,2011
31.3107792279859,16.452644428649,2005
34.6884446962753,19.1835228923724,2022
31.4724759791274,16.8389200008204,2013
32.9187635865599,12.7515854580766,2009
31.0233183370677,15.7789079655594,2014
25.6963087022389,18.9589440713425,2013
24.1332401078709,8.88882973636266,2013
23.6391667016052,15.6351775201003,2011
23.9086612868411,9.52663358808753,2001
30.1250030529482,17.8899488832403,2006
36.4401595003084,19.1026745168016,2001
28.1037936636792,13.7397322706081,2003
26.3880114710109,12.4371751086348,2011
27.034798475577,10.1734205926536,2022
28.4092208602799,16.4885770400138,2010
24.5464651385659,15.3656829348644,2022
30.1519525114717,19.3811522548787,2011
33.6553821195379,19.5158995474966,2007
30.1250030529482,15.2219524894053,2013
30.116019900107,11.7275060341804,2011
30.5202617779607,13.0210800433125,2002
26.9270006414827,16.1023014678424,2010
24.4027346931068,14.9614410570106,2001
36.008968163931,14.4314350393801,2001
33.9428430104561,21.3933784913064,2002
30.1070367472658,17.234178725833,2014
35.5148947576653,21.3215132685768,2024
32.6852016126888,15.5543291445295,2001
25.1842689902908,21.7616877577954,2013
25.9478369817924,13.7037996592433,2001
32.370791263247,21.2226985873237,2010
35.7035409673304,15.392632393388,2014
24.0523917323002,10.6764771517605,2000
31.7329874115221,10.5327467063014,2011
29.8465253148711,10.2632521210655,2001
26.6395397505644,16.7940042366145,2005
31.1221330183208,16.3358634417135,2013
31.5173917433334,11.4849609074681,2010
27.0617479341006,15.1770367251993,2000
35.3981137707298,21.9233845089369,2022
29.5321149654293,10.883089667108,2001
34.9579392815112,14.0361763143675,2011
31.3017960751447,10.0746059114004,2009
35.2813327837942,20.6298104998048,2009
37.0150812821449,20.7106588753756,2010
29.8914410790771,19.99200664808,2006
27.771417008555,21.4742268668772,2005
25.5525782567798,11.988017466575,2011
27.6636191744607,17.279094490039,2001
27.0437816284182,22.0042328845077,2011
32.3887575689293,16.8479031536616,2011
24.2051053306005,18.0785950929054,2001
35.8113388014247,15.437548157594,2001
35.1825181025411,13.9283784802732,2001
36.008968163931,13.82956379902,2022
35.7215072730128,13.461254532531,2003
34.3381017354687,11.0627527239319,2001
28.3014230261855,14.8805926814399,2011
24.2859537061713,15.0512725854226,2013
24.0074759680942,18.428938053712,2022
23.216958518069,11.9520848552102,2007
25.4896961868914,15.6441606729415,2009
24.0613748851414,16.9377346820736,2001
30.7268742933082,11.7454723398627,2015
27.0617479341006,19.0487755997545,2010
24.6183303612955,9.42781890683438,2011
33.2331739360017,14.6739801660924,2011
35.9281197883603,16.587391721267,2002
34.7423436133225,21.1957491288001,2014
27.6995517858254,11.5927587415624,2007
31.26586346378,21.4832100197184,2011
33.0984266433838,15.6980595899886,2001
33.52063482692,20.683709416852,2005
30.9873857257029,16.4436612758078,2011
31.8497683984576,11.0178369597259,2006
31.1670487825268,21.2047322816413,2011
25.8939380647452,10.7663086801725,2011
34.8681077530992,14.8805926814399,2003
26.5497082221525,16.3897623587607,2013
27.8253159256022,15.4734807689588,2022
27.492939270478,16.7850210837733,2005
27.1964952267185,19.533865853179,2004
29.6039801881588,18.9230114599777,2001
29.4871992012233,12.2664952046521,2013
23.7739139942231,10.9010559727904,2004
29.5231318125881,14.3775361223329,2011
27.3222593664952,14.7458453888219,2000
35.8472714127895,16.1651835377308,2007
36.3054122076905,17.6653700622104,2012
26.5946239863584,14.0810920785735,2004
26.8731017244355,10.5507130119838,2011
26.1185168857751,21.8066035220014,2001
24.366802081742,16.9197683763912,2001
32.9457130450835,15.1500872666757,2001
26.5137756107877,21.7257551464306,2022
35.1196360326527,22.0850812600784,2022
23.2079753652278,10.8112244443784,2001
25.6873255493977,21.3843953384652,2010
25.1663026846084,20.8903219321995,2006
34.0596239973917,16.9826504462796,2009
32.1731619007407,20.180652857745,2011
26.9000511829591,15.8956889524949,2013
30.1250030529482,20.1896360105862,2005
26.4868261522641,18.1235108571113,2011
29.6039801881588,21.096934447547,2022
34.8231919888933,15.0422894325814,2011
34.1584386786448,16.1202677735248,2022
29.6848285637296,21.4113447969888,2001
28.9032942665456,16.9916335991207,2005
30.0172052188538,12.3024278160168,2011
30.9155205029733,12.1317479120341,2001
28.2565072619796,20.0189561066035,2011
34.257253359898,18.3301233724588,2022
28.5619344585802,11.943101702369,2011
37.0330475878273,20.7735409452639,2011
30.4034807910252,21.7257551464306,2020
27.1695457681949,16.9467178349148,2011
33.8260620235206,13.6499007421961,2000
26.1993652613458,20.5220126657105,2018
34.9759055871936,14.5392328734745,2010
29.4243171313349,20.6926925696932,2001
32.325875499041,15.1411041138345,2005
24.8608754880078,11.2873315449618,2001
30.6460259177375,15.6980595899886,2011
27.771417008555,17.602487992322,2009
37.1318622690804,18.8062304730422,2011
28.9122774193868,13.9104121745908,2002
27.1336131568302,19.9111582725092,2006
26.8820848772767,15.2309356422465,2001
29.2177046159874,12.5539560955703,2014
30.5651775421667,15.2309356422465,2001
29.9722894546478,20.7196420282168,2001
25.3908815056383,11.7275060341804,2014
31.6701053416337,11.9700511608926,2014
25.8310559948568,19.8392930497796,2001
36.467108958832,16.219082454778,2016
27.9870126767437,12.3653098859052,2004
31.912650468346,22.0042328845077,2006
24.2859537061713,18.1953760798409,2011
28.3912545545975,21.8425361333662,2004
25.0495216976729,10.3530836494775,2007
24.3129031646949,16.129250926366,2014
29.4063508256525,14.3416035109682,2009
26.1185168857751,12.3742930387464,2001
22.8576324044212,15.0422894325814,2003
24.4296841516304,13.6319344365137,2002
26.666489209088,13.2097262529776,2002
24.3847683874244,19.8033604384149,2013
34.12250606728,15.1860198780405,2015
32.9007972808775,14.8356769172339,2001
35.8382882599483,20.1357370935391,2001
31.6251895774278,14.4314350393801,2001
36.5659236400851,18.5906348048535,2022
30.3226324154544,12.4192088029524,2015
30.2058514285189,12.7605686109178,2022
30.1609356643129,14.5482160263157,2022
27.2324278380833,15.024323126899,2010
28.4810860830094,9.81409447900577,2010
33.9967419275033,15.5543291445295,2015
28.4810860830094,21.3843953384652,2010
31.9395999268696,14.3056708996034,2022
34.4458995695631,21.788637216319,2022
35.9910018582486,15.392632393388,2001
34.904040364464,19.9560740367152,2011
30.1699188171541,14.6649970132512,2011
33.062494032019,18.5367358878063,2022
36.3862605832612,21.9054182032545,2010
32.5504543200709,14.7278790831396,2011
27.8522653841258,17.3958754769745,2002
30.2328008870425,15.6890764371474,2002
25.3729151999559,18.4379212065532,2011
33.9877587746621,13.137861030248,2013
25.8669886062216,13.506170296737,2011
25.0944374618788,19.7853941327325,2018
27.5109055761603,17.1802798087858,2010
23.9445938982058,14.7278790831396,2002
29.5231318125881,17.3868923241333,2005
25.2112184488144,15.5004302274823,2011
33.9967419275033,17.8450331190343,2022
36.3054122076905,21.6179573123363,2012
34.2842028184215,16.91078522355,2001
33.0445277263366,14.4494013450625,2001
32.7211342240536,21.7976203691602,2007
27.8073496199198,20.8543893208347,2002
31.086200406956,10.1105385227652,2005
33.3140223115725,19.4081017134023,2010
28.8493953494984,18.428938053712,2022
24.5823977499307,12.6976865410294,2011
35.7843893429011,18.3750391366648,2022
34.94895612867,22.2108453998552,2004
23.6122172430816,13.0210800433125,2002
34.2033544428508,15.3836492405468,2005
34.9220066701464,16.3089139831899,2004
31.176031935368,19.3631859491963,2001
32.69418476553,12.3742930387464,2022
29.7836432449827,10.4339320250482,2011
24.411717845948,12.9222653620593,2011
28.6517659869921,20.4950632071869,2001
28.831429043816,9.81409447900577,2022
33.9338598576149,16.9018020707088,2005
25.8939380647452,20.7555746395815,2004
33.0714771848602,12.4281919557936,2011
25.0046059334669,13.6319344365137,2001
34.5447142508162,11.3232641563266,2001
30.7897563631966,18.6625000275831,2013
31.6431558831101,20.3872653730925,2006
34.5536974036574,14.7458453888219,2001
25.0315553919905,16.0394193979541,2005
27.492939270478,21.8245698276838,2024
24.5195156800423,11.9251353966866,2011
28.094810510838,17.1802798087858,2013
31.912650468346,21.7706709106366,2001
26.2173315670282,21.9413508146193,2013
36.3413448190552,21.5191426310831,2022
25.6244434795094,16.8119705422968,2005
34.0506408445505,14.65601386041,2005
29.2805866858758,21.1328670589117,2008
33.4397864513492,18.1414771627937,2011
24.3937515402656,16.6143411797906,2012
29.4153339784937,16.4616275814902,2010
27.3042930608129,17.647403756528,2022
28.876344808022,16.6592569439965,2011
24.9776564749433,14.8805926814399,2013
23.5313688675109,12.3203941216992,2001
27.9241306068553,16.5155264985374,2013
34.2033544428508,19.3542027963551,2018
33.754196800791,19.0847082111192,2022
28.7595638210865,16.4436612758078,2016
27.6905686329843,18.2133423855233,2010
30.0172052188538,10.2902015795891,2006
29.2716035330346,10.5866456233486,2011
25.0854543090376,13.2546420171835,2022
30.7987395160378,20.6298104998048,2022
30.1609356643129,19.7764109798913,2003
31.3017960751447,12.9222653620593,2001
36.7635530025914,20.2974338446806,2011
29.4153339784937,19.8482762026208,2004
34.5087816394514,12.0419163836222,2010
32.0473977609639,15.4285650047528,2011
25.9837695931572,13.0570126546772,2010
32.5235048615473,16.3628129002371,2001
32.6672353070064,14.2338056768738,2014
36.1077828451842,18.3391065253,2024
34.0057250803445,18.5187695821239,2011
27.861248536967,12.4102256501112,2000
35.1645517968587,20.8004904037875,2013
36.5030415701968,15.6890764371474,2005
34.1314892201212,14.8985589871223,2018
33.1433424075897,13.0749789603596,2001
31.0951835597972,17.9438478002874,2008
26.3341125539638,18.9499609185013,2002
26.5047924579465,12.4820908728408,2022
24.1961221777593,17.5845216866396,2011
33.6463989666967,21.0879512947058,2014
25.3459657414323,10.9908875012023,2009
32.0743472194875,12.40124249727,2005
22.435424220885,14.5751654848392,2006
27.7354843971902,10.7752918330137,2011
35.3891306178886,13.4343050740074,2011
35.272349630953,19.5608153117026,2001
32.2090945121054,13.2007431001364,2007
22.938480779992,12.6976865410294,2005
36.3323616662141,16.0484025507953,2009
24.9956227806257,16.2460319133015,2011
28.9931257949576,10.3171510381127,2011
26.4239440823757,15.2938177121349,2005
36.8713508366858,21.7527046049542,2001
32.4606227916589,16.1651835377308,2002
28.5619344585802,18.1594434684761,2001
28.9571931835928,17.8091005076695,2016
34.0686071502329,10.1554542869712,2010
33.754196800791,13.4432882268486,2020
33.1163929490662,12.3653098859052,2013
27.726501244349,12.1137816063517,2001
28.4092208602799,17.73723528494,2011
36.0718502338194,12.8054843751238,2002
23.7289982300172,9.73324610343501,2001
35.5508273690301,19.5428490060202,2001
28.966176336434,13.8834627160672,2010
35.8293051071071,19.8303098969384,2018
30.9963688785441,15.9226384110185,2001
35.8023556485835,20.1716697049039,2002
36.9072834480505,20.7645577924227,2016
29.7926263978239,10.5057972477778,2012
30.0351715245362,21.4832100197184,2004
37.0959296577156,18.8331799315658,2001
34.1853881371684,20.8813387793583,2001
33.888944093409,16.0124699394305,2001
27.6995517858254,21.1867659759589,2001
26.6305565977232,17.6653700622104,2010
29.3524519086054,13.8205806461788,2011
33.7452136479498,16.219082454778,2010
26.4778429994229,20.4231979844573,2003
28.8493953494984,16.2550150661427,2022
32.1282461365347,16.219082454778,2022
28.9751594892752,13.1917599472952,2008
33.5655505911259,21.6449067708599,2011
32.3528249575646,17.1443471974211,2011
34.8681077530992,17.5935048394808,2011
27.7804001613962,19.4081017134023,2024
27.0527647812594,18.9679272241837,2000
33.5925000496495,14.1619404541443,2005
28.7056649040393,17.7911342019871,2011
33.0535108791778,16.4616275814902,2006
33.5655505911259,19.444034324767,2022
35.0926865741291,22.24677801122,2013
24.7890102652782,17.7911342019871,2001
28.8404121966572,15.3836492405468,2011
36.4311763474672,14.0182100086851,2013
30.7897563631966,16.4706107343314,2011
29.657879105206,16.542475957061,2002
29.7656769393003,17.970797258811,2011
35.8113388014247,22.5432220549794,2001
26.5137756107877,14.0002437030027,2004
31.6072232717454,11.8622533267983,2011
26.621573444882,15.6351775201003,2010
31.1041667126384,18.2762244554117,2010
25.148336378926,13.0390463489949,2001
26.7563207375,17.9348646474462,2011
33.9787756218209,14.5033002621097,2001
30.3046661097721,20.0459055651271,2022
30.4034807910252,21.0340523776586,2005
26.8641185715943,9.70629664491143,2010
35.7215072730128,18.4558875122356,2022
29.9094073847595,11.3591967676913,2006
29.8465253148711,13.8205806461788,2006
29.4422834370173,16.6412906383141,2011
31.3287455336683,11.3502136148502,2010
25.606477173827,12.3203941216992,2022
30.071104135901,13.0390463489949,2001
32.8289320581479,14.0900752314147,2001
23.998492815253,15.5902617558943,2022
25.148336378926,18.9409777656601,2004
27.6636191744607,15.4824639218,2022
33.6553821195379,15.8597563411302,2011
35.2004844082235,17.9168983417639,2001
34.6525120849105,12.7965012222826,2022
23.2708574351162,11.5298766716741,2012
33.4487696041904,14.6739801660924,2003
30.4124639438664,19.1296239753252,2001
33.3140223115725,21.5550752424479,2003
32.5684206257533,20.8633724736759,2007
36.0718502338194,21.3843953384652,2013
27.726501244349,14.4134687336977,2015
30.0531378302186,14.0092268558439,2004
24.690195584025,17.3958754769745,2013
28.4541366244858,21.2945638100533,2000
28.3373556375503,11.709539728498,2014
25.2920668243851,18.6804663332654,2001
36.3054122076905,14.566182331998,2011
36.0898165395018,19.6955626043205,2008
26.0197022045219,17.7102858264164,2022
23.6661161601288,12.2125962876049,2024
24.6273135141367,14.9075421399635,2014
26.4868261522641,10.7752918330137,2002
34.1943712900096,18.1504603156349,2001
29.6039801881588,20.8903219321995,2005
33.3230054644137,14.7817780001867,2014
26.3610620124874,12.9581979734241,2001
26.1634326499811,20.4052316787749,2022
33.2062244774781,13.3175240870719,2002
25.7681739249685,20.1267539406979,2002
32.002481996758,17.0814651275327,2000
23.2259416709102,15.1950030308817,2001
29.0470247120047,10.5776624705074,2011
25.2202016016556,16.8389200008204,2011
36.835418225321,18.6175842633771,2018
35.7125241201716,21.5281257839243,2008
26.6305565977232,20.8813387793583,2004
23.6481498544464,13.9553279387968,2011
23.9715433567294,15.4734807689588,2006
34.9848887400348,14.8177106115515,2001
25.4357972698443,10.4518983307306,2005
24.1781558720769,10.604611929031,2004
27.7534507028726,13.4702376853722,2022
29.4692328955409,15.024323126899,2022
34.7513267661637,13.596001825149,2004
34.0057250803445,14.287704593921,2002
35.730490425854,20.1716697049039,2015
26.6754723619292,14.332620358127,2011
26.5047924579465,20.1896360105862,2002
30.2058514285189,12.5719224012527,2014
31.6162064245866,17.4407912411805,2004
28.0139621352673,13.6049849779902,2004
22.8306829458976,14.2697382882386,2003
28.5349850000566,15.5453459916883,2022
30.5292449308019,15.3207671706584,2009
29.5949970353176,15.4644976161176,2011
27.0617479341006,18.9230114599777,2007
32.2540102763114,12.0149669250986,2001
24.50154937436,19.4170848662435,2003
25.1752858374496,18.9409777656601,2011
31.3916276035567,21.5820247009715,2005
26.7832701960235,18.2043592326821,2011
23.9895096624118,11.4759777546269,2002
30.6999248347846,10.883089667108,2009
26.6036071391996,17.7641847434635,2001
29.6938117165708,10.9908875012023,2005
36.0449007752958,17.2611281843566,2001
35.4430295349357,19.6775962986381,2011
31.3556949921919,10.4608814835718,2005
28.7954964324513,12.9761642791065,2010
32.0294314552815,15.024323126899,2002
36.3503279718964,13.5600692137842,2001
31.7958694814105,13.6139681308313,2022
34.3381017354687,17.4767238525453,2010
25.1752858374496,11.6017418944036,2011
34.5177647922926,21.7347382992718,2007
29.8465253148711,17.2162124201506,2001
24.6542629726603,19.9830234952388,2009
34.0506408445505,9.63443142218187,2000
31.1221330183208,17.4228249354981,2022
33.4936853683964,20.2435349276334,2001
35.5148947576653,13.2007431001364,2001
34.1494555258036,21.2137154344825,2011
24.6362966669779,17.8450331190343,2001
36.8444013781622,20.7196420282168,2011
26.6934386676116,15.9765373280657,2000
32.9277467394011,19.7584446742089,2022
30.8706047387674,16.7940042366145,2011
30.1250030529482,17.2072292673094,2022
34.993871892876,21.052018683341,2022
24.2769705533301,16.7940042366145,2005
30.5741606950079,19.444034324767,2002
31.2478971580976,15.4734807689588,2001
25.2471510601792,14.0361763143675,2005
24.1062906493474,12.8683664450121,2015
29.5949970353176,14.7548285416631,2006
34.1045397615976,17.0275662104855,2011
29.4871992012233,16.7490884724085,2002
31.2748466166211,19.210472350896,2011
24.5284988328835,9.41883575399318,2022
29.2177046159874,11.2424157807558,2007
36.1976143735961,15.4734807689588,2003
33.9967419275033,14.8536432229163,2004
29.1278730875755,15.2758514064525,2001
30.7717900575142,14.4673676507449,2011
30.43941340239,19.444034324767,2004
33.7631799536322,17.4587575468629,2011
24.2230716362829,9.25713900285167,2022
35.1465854911763,12.5270066370467,2015
25.6873255493977,18.3031739139353,2001
32.3168923461998,19.902175119668,2009
23.2439079765926,11.2693652392794,2014
23.6032340902404,13.8026143404964,2004
24.7261281953898,10.1105385227652,2022
25.606477173827,20.7555746395815,2004
26.8192028073883,17.73723528494,2001
33.0265614206542,13.7666817291317,2013
34.3650511939923,10.7842749858549,2022
30.5921270006903,20.6118441941224,2010
28.8404121966572,16.8299368479792,2001
25.9837695931572,14.4763508035861,2013
31.3377286865095,11.3502136148502,2001
31.3467118393507,18.8241967787246,2009
24.2500210948065,9.17629062728091,2011
31.2568803109388,17.3419765599274,2011
24.1422232607121,16.8299368479792,2016
24.7261281953898,15.5722954502119,2011
30.43941340239,11.5927587415624,2013
33.7272473422674,21.2137154344825,2020
25.3549488942735,12.9581979734241,2001
30.7987395160378,16.91078522355,2018
35.0657371156055,14.0361763143675,2011
30.5472112364843,17.9618141059698,2002
27.7893833142374,12.5809055540939,2011
24.7890102652782,15.3387334763408,2007
30.2328008870425,11.6376745057684,2020
34.6614952377517,14.1888899126678,2004
23.1989922123866,12.1856468290813,2001
32.5594374729121,21.9413508146193,2002
24.2859537061713,14.3146540524446,2005
28.2924398733443,15.024323126899,2006
22.5162725964558,12.9671811262653,2000
24.5105325272011,16.7131558610437,2000
26.0915674272515,21.1418502117529,2024
29.0829573233695,17.5755385337984,2024
37.1767780332864,19.4709837832906,2022
24.3757852345832,16.8568863065028,2013
33.1792750189545,18.6625000275831,2001
35.9011703298367,21.096934447547,2007
33.7901294121558,20.0638718708095,2009
27.3222593664952,11.6017418944036,2002
36.2964290548493,19.0218261412309,2008
31.7060379529985,14.4314350393801,2006
29.8734747733947,16.4885770400138,2008
25.5705445624622,11.6915734228156,2001
31.7689200228869,10.9190222784728,2001
25.5256287982562,13.092945266042,2005
24.5374819857247,9.12239171023374,2002
33.9158935519325,18.2313086912057,2011
34.5267479451338,20.9801534606114,2015
29.8914410790771,19.533865853179,2001
30.0082220660126,15.5273796860059,2011
35.1645517968587,22.480339985091,2018
25.7951233834921,18.5457190406475,2013
34.9848887400348,18.2672413025705,2005
30.8256889745614,18.797247320201,2006
30.3046661097721,14.65601386041,2000
33.9338598576149,18.8331799315658,2022
27.3851414363836,12.0868321478282,2006
26.666489209088,21.743721452113,2011
32.1012966780111,17.8809657303991,2022
29.0200752534811,14.8716095285987,2016
33.1702918661133,19.8033604384149,2022
32.2899428876762,11.2693652392794,2013
26.9000511829591,14.0990583842559,2004
31.2748466166211,15.1231378081521,2011
31.634172730269,17.2970607957214,2011
27.1156468511478,11.9161522438455,2010
24.7620608067546,17.189262961627,2001
28.0678610523145,15.6890764371474,2004
24.2679874004889,14.2068562183502,2013
28.2385409562972,20.270484386157,2004
26.576657680676,19.3092870321491,2007
37.158811727604,17.1084145860563,2018
27.1964952267185,10.9819043483611,2006
26.4149609295345,20.8184567094699,2001
27.5198887290015,21.8245698276838,2011
31.5982401189042,11.7544554927039,2011
31.4904422848098,16.2819645246663,2022
26.7024218204528,16.9736672934384,2020
38.2098406100239,17.970797258811,2011
28.1127768165204,16.7760379309321,2011
32.8109657524655,16.542475957061,2011
33.3140223115725,15.0782220439462,2022
26.6844555147704,11.206483169391,2022
25.7322413136037,12.4820908728408,2002
33.1792750189545,18.6086011105359,2011
26.711404973294,10.2632521210655,2001
24.1332401078709,15.4644976161176,2010
26.8641185715943,21.4921931725596,2001
25.8130896891745,12.032933230781,2001
29.6668622580472,18.2133423855233,2011
32.8468983638303,17.7911342019871,2001
31.9036673155048,11.3681799205325,2011
27.6007371045723,10.1285048284476,2001
36.9162666008917,18.4469043593944,2011
26.9629332528474,21.2765975043709,2002
25.7951233834921,14.0361763143675,2001
28.1487094278852,12.4102256501112,2011
24.6812124311839,13.5151534495782,2015
31.5982401189042,15.4285650047528,2022
36.9521992122565,16.8928189178676,2011
28.6427828341509,21.6808393822247,2001
34.8411582945756,15.0063568212166,2011
29.7746600921415,10.9459717369964,2001
33.1433424075897,19.6147142287498,2013
26.6125902920408,21.4832100197184,2005
31.7958694814105,17.0904482803739,2004
33.9069103990913,19.4081017134023,2022
24.4207009987892,11.2424157807558,2002
32.6402858484828,19.0847082111192,2013
34.7782762246873,13.6499007421961,2003
23.8906949811587,9.83206078468816,2005
25.6244434795094,14.700929624616,2011
36.2245638321197,14.8895758342811,2013
27.4120908949072,10.6944434574429,2011
29.5231318125881,11.0537695710907,2001
33.7362304951086,11.0447864182495,2004
34.3021691241039,13.0390463489949,2005
37.8864471077408,18.5457190406475,2011
34.0596239973917,18.015713023017,2001
31.8048526342517,12.7785349166002,2022
26.6125902920408,12.4641245671584,2011
30.1250030529482,13.2456588643423,2011
34.4728490280866,20.2884506918394,2001
30.3316155682956,11.9251353966866,2024
28.8853279608632,16.2550150661427,2006
34.535731097975,17.5126564639101,2002
25.3279994357499,10.6854603046017,2005
29.6668622580472,15.0422894325814,2020
29.8734747733947,19.5697984645438,2022
34.7064110019577,21.5730415481303,2003
25.0046059334669,13.4163387683251,2001
26.3071630954402,19.8662425083032,2006
25.6693592437153,11.988017466575,2011
29.4782160483821,17.1173977388975,2002
34.0686071502329,20.5489621242341,2005
23.3966215748929,13.3265072399131,2013
34.6075963207046,17.5216396167513,2011
24.0793411908238,18.0875782457466,2015
31.2299308524152,18.2313086912057,2014
31.9845156910756,11.5208935188329,2002
30.9334868086557,17.5126564639101,2001
29.9543231489654,14.8805926814399,2005
27.034798475577,13.0749789603596,2020
24.7081618897074,9.53561674092872,2002
26.9629332528474,16.1023014678424,2010
25.8130896891745,10.5327467063014,2004
23.9715433567294,15.1680535723581,2005
36.8623676838446,17.0724819746915,2004
22.6600030419149,13.2456588643423,2022
34.0326745388681,11.9790343137338,2001
24.0973074965062,10.5057972477778,2001
26.3341125539638,12.1946299819225,2001
27.7893833142374,18.1684266213173,2022
28.3193893318679,13.5690523666254,2011
29.5321149654293,13.182776794454,2000
28.7595638210865,17.4587575468629,2022
25.2561342130203,20.8633724736759,2005
30.5382280836431,15.4824639218,2018
30.8167058217202,19.9740403423976,2011
33.4397864513492,21.7527046049542,2011
28.4092208602799,14.6380475547276,2011
28.8853279608632,19.2553881151019,2010
29.0560078648459,17.5485890752749,2003
25.9208875232688,21.2945638100533,2005
27.0976805454654,19.8033604384149,2022
23.8906949811587,10.5057972477778,2009
31.8497683984576,14.700929624616,2002
29.9992389131714,15.0782220439462,2002
36.2515132906433,22.5881378191854,2010
22.7588177231681,11.9520848552102,2010
34.5896300150222,18.5097864292827,2011
30.9694194200205,10.7842749858549,2011
25.92987067611,15.5633122973707,2003
23.2888237407986,11.619708200086,2015
36.7725361554326,16.2909476775075,2010
25.1752858374496,11.709539728498,2003
25.5705445624622,15.8238237297654,2007
30.2238177342013,16.4436612758078,2011
27.9780295239025,20.8454061679935,2022
32.9187635865599,17.9168983417639,2001
26.4239440823757,20.6926925696932,2011
24.2500210948065,12.9402316677417,2014
28.7326143625629,16.6772232496789,2022
31.8767178569812,17.7911342019871,2000
33.062494032019,15.2668682536113,2004
36.4850752645144,17.8450331190343,2003
26.4508935408993,18.5996179576947,2004
26.944966947165,14.0990583842559,2011
32.649269001324,13.4432882268486,2001
27.5827707988899,9.77816186764099,2011
26.4239440823757,16.2909476775075,2013
31.26586346378,16.4885770400138,2001
32.5774037785945,15.1411041138345,2008
23.4684867976225,13.4343050740074,2000
33.9338598576149,11.0088538068847,2004
28.4810860830094,20.638793652646,2001
31.8407852456164,13.5690523666254,2010
25.6963087022389,10.97292119552,2011
34.2931859712627,11.7724217983863,2007
30.3585650268192,21.0879512947058,2022
28.4271871659623,19.8392930497796,2011
27.5288718818427,16.8928189178676,2004
25.2202016016556,11.5927587415624,2004
35.5598105218713,17.8270668133519,2001
36.2694795963257,15.4465313104352,2022
32.6133363899592,21.1777828231177,2022
29.0200752534811,12.1856468290813,2011
26.9629332528474,21.5191426310831,2004
31.0143351842265,16.4795938871726,2022
23.6122172430816,14.332620358127,2011
34.1314892201212,13.9104121745908,2001
28.6607491398333,19.7045457571617,2013
34.6435289320694,22.0042328845077,2022
35.9281197883603,16.0034867865893,2022
26.1634326499811,14.4943171092685,2022
26.3251294011226,20.9172713907231,2011
24.0254422737766,19.2014891980548,2012
28.5619344585802,14.8626263757575,2008
31.0951835597972,17.8001173548283,2012
26.5407250693113,11.9700511608926,2001
25.10342061472,18.9409777656601,2001
37.158811727604,20.6926925696932,2015
25.6244434795094,20.0908213293331,2002
31.5802738132218,14.3595698166506,2014
23.3247563521634,13.8654964103848,2005
34.1314892201212,12.2664952046521,2001
34.8321751417345,11.7005565756568,2001
32.236043970629,14.2787214410798,2011
31.4006107563979,18.8870788486129,2001
31.6970548001573,13.6948165064021,2004
31.0951835597972,12.3293772745404,2011
35.4520126877769,21.3933784913064,2001
35.5508273690301,20.9711703077702,2011
28.1576925807264,13.9373616331144,2000
28.1756588864088,11.8173375625923,2014
31.6251895774278,20.5489621242341,2011
28.4182040131211,9.44578521251677,2001
34.8231919888933,14.8266937643927,2007
34.5626805564986,11.9251353966866,2004
36.2335469849609,22.24677801122,2010
29.3614350614466,13.7397322706081,2001
35.6316757446008,14.9524579041694,2011
30.717891140467,21.7257551464306,2014
30.3675481796604,12.0508995364634,2013
28.3553219432327,19.4620006304494,2010
28.7505806682453,19.947090883874,2011
32.5594374729121,21.3394795742592,2001
28.4002377074387,14.9973736683754,2001
30.7987395160378,11.2334326279146,2009
33.7452136479498,10.6764771517605,2011
36.2335469849609,20.360315914569,2001
36.6916877798619,16.1202677735248,2010
33.8530114820442,13.3983724626427,2006
23.3337395050046,15.1770367251993,2022
28.5619344585802,19.6057310759086,2010
28.876344808022,13.3983724626427,2001
29.0200752534811,10.1374879812888,2005
35.2094675610646,14.4044855808565,2011
32.1551955950583,19.9740403423976,2018
35.0926865741291,20.7735409452639,2011
24.0523917323002,14.6200812490452,2012
27.726501244349,19.0487755997545,2007
33.6643652723791,15.1411041138345,2013
25.3279994357499,16.5334928042198,2010
30.6639922234199,20.8813387793583,2010
35.8832040241543,14.7638116945043,2020
29.7297443279356,17.7102858264164,2001
32.3438418047234,17.6204542980044,2001
28.1307431222028,16.5065433456962,2011
30.484329166596,18.428938053712,2018
31.1850150882092,19.4620006304494,2008
24.9237575578961,12.0958153006694,2007
24.8608754880078,12.446158261476,2000
25.10342061472,13.4522713796898,2024
31.0772172541148,11.1885168637086,2014
34.2662365127392,11.0358032654083,2010
26.4149609295345,20.270484386157,2010
23.7739139942231,10.4968140949366,2022
25.6873255493977,21.0789681418646,2013
24.8608754880078,13.3354903927543,2020
37.9313628719468,18.2582581497293,2001
34.5716637093398,21.6089741594951,2001
26.944966947165,15.9765373280657,2006
32.5145217087061,18.2672413025705,2001
34.993871892876,21.0789681418646,2011
30.7717900575142,10.3171510381127,2002
28.0229452881085,16.7401053195673,2006
25.4357972698443,11.2693652392794,2011
33.2960560058901,17.8180836605107,2005
25.884954911904,10.7393592216489,2001
35.2813327837942,16.5963748741082,2011
25.1573195317672,16.542475957061,2015
25.4178309641619,19.210472350896,2004
35.0387876570819,12.9402316677417,2001
31.4006107563979,11.5927587415624,2011
32.5953700842768,21.8515192862074,2018
30.8256889745614,13.9553279387968,2003
27.2593772966069,18.5906348048535,2010
35.964052399725,15.0782220439462,2004
25.2112184488144,12.311410968858,2010
24.4386673044716,10.6225782347133,2003
28.2744735676619,21.4293111026712,2022
28.2385409562972,19.2823375736255,2013
26.4868261522641,18.0785950929054,2013
31.589256966063,17.0634988218503,2014
26.4149609295345,21.8155866748426,2020
25.8580054533804,13.0390463489949,2000
30.5292449308019,15.5992449087355,2005
27.0617479341006,17.6563869093692,2001
32.6852016126888,18.5547021934887,2009
32.3168923461998,16.8568863065028,2013
36.9881318236213,17.1443471974211,2005
23.7559476885407,13.0570126546772,2011
34.5536974036574,11.9161522438455,2016
30.5472112364843,16.3268802888723,2020
35.3352317008414,18.5277527349651,2011
31.6970548001573,12.8683664450121,2006
28.7146480568805,15.6172112144179,2015
26.2352978727106,18.3930054423472,2011
26.1275000386163,19.8842088139856,2003
27.0976805454654,11.0627527239319,2002
28.3643050960739,20.6118441941224,2014
29.7117780222532,16.8029873894556,2013
24.3398526232184,12.446158261476,2010
29.1817720046227,19.533865853179,2016
31.5173917433334,21.4742268668772,2001
34.8052256832109,17.0095999048031,2005
34.9579392815112,22.5072894436146,2011
33.7452136479498,12.8054843751238,2001
33.6823315780615,19.3811522548787,2004
25.6334266323505,11.8442870211159,2005
30.852638433085,13.3354903927543,2008
25.3818983527971,10.6225782347133,2022
31.0772172541148,13.506170296737,2001
37.940346024788,18.0875782457466,2022
29.9902557603302,17.7013026735752,2001
31.1221330183208,16.91078522355,2013
24.8339260294842,15.8777226468125,2011
30.1070367472658,16.2999308303487,2011
25.9837695931572,12.1586973705577,2015
32.5504543200709,18.9948766827073,2010
27.0078490170534,19.1386071281664,2020
30.0531378302186,11.1076684881379,2013
31.5353580490158,12.2664952046521,2002
34.1404723729624,18.4109717480296,2014
31.1580656296856,17.8450331190343,2022
28.1037936636792,11.2154663222322,2003
29.4782160483821,18.5457190406475,2004
26.3790283181698,14.7188959302984,2011
33.8619946348854,15.0422894325814,2006
28.3463387903915,9.93087546594131,2008
32.1192629836935,20.9711703077702,2022
26.5227587636289,10.6315613875545,2007
30.8885710444498,13.3624398512779,2005
24.8429091823254,12.9851474319477,2004
30.026188371695,12.5000571785231,2001
25.1573195317672,17.4677406997041,2010
37.1857611861276,20.0009898009211,2022
33.0085951149718,17.1084145860563,2001
30.3765313325016,12.6887033881882,2014
36.3593111247376,19.8303098969384,2003
29.9543231489654,14.6200812490452,2011
24.4296841516304,18.0246961758582,2001
33.9158935519325,12.3922593444288,2004
34.5087816394514,18.0785950929054,2020
27.0168321698946,20.225568621951,2006
29.5680475767941,12.2125962876049,2012
33.7362304951086,11.4939440603093,2001
23.3337395050046,11.7005565756568,2013
36.4850752645144,21.7077888407482,2010
32.7750331411007,13.4253219211662,2001
25.10342061472,17.6563869093692,2011
28.4002377074387,10.3800331080011,2010
34.6345457792282,16.5604422627434,2005
28.6068502227862,15.5722954502119,2010
28.8044795852925,11.3681799205325,2004
24.1242569550298,14.934491598487,2005
35.1645517968587,16.6323074854729,2011
32.6582521541652,13.7576985762905,2011
29.379401367129,11.7185228813392,2011
33.6104663553319,16.9197683763912,2011
34.535731097975,12.5898887069351,2001
23.8098466055879,10.97292119552,2020
24.8339260294842,15.2309356422465,2001
27.5109055761603,10.2003700511772,2010
32.5684206257533,20.5579452770752,2006
36.9971149764625,18.5367358878063,2010
28.3014230261855,11.7275060341804,2001
28.7415975154041,12.1766636762401,2002
32.280959734835,19.075725058278,2001
24.869858640849,12.4820908728408,2020
32.7840162939419,14.3056708996034,2011
31.9306167740284,14.0271931615263,2010
35.9371029412015,16.8119705422968,2002
24.1691727192357,12.8234506808062,2022
31.2299308524152,12.4641245671584,2010
29.3614350614466,20.6657431111696,2022
33.9787756218209,13.6409175893549,2011
31.220947699574,20.1087876350155,2006
36.7006709327031,19.5608153117026,2011
33.52063482692,16.2639982189839,2001
29.4692328955409,21.9593171203017,2011
33.8350451763618,15.0333062797402,2024
36.745586696909,19.0847082111192,2022
24.2320547891241,13.3804061569603,2011
23.2798405879574,15.5902617558943,2006
35.0208213513995,20.0099729537623,2005
33.8619946348854,15.716025895671,2001
33.5565674382847,17.1712966559447,2011
26.0107190516807,20.1177707878567,2005
27.8881979954905,17.0455325161679,2022
30.9694194200205,10.8651233614256,2000
25.0225722391493,10.8471570557432,2020
31.3467118393507,15.0961883496286,2011
29.4243171313349,19.6416636872733,2015
25.3549488942735,13.9014290217496,2001
24.0254422737766,13.4163387683251,2013
24.3129031646949,16.1921329962544,2004
32.8558815166715,17.6204542980044,2001
32.8558815166715,18.8152136258834,2011
36.3054122076905,16.2639982189839,2010
31.544341201857,21.5730415481303,2004
26.621573444882,20.8633724736759,2000
25.1842689902908,21.2226985873237,2001
31.454509673445,20.9352376964054,2011
28.8404121966572,11.8263207154335,2014
35.2184507139058,20.8364230151523,2024
32.4516396388177,17.8629994247167,2001
23.2708574351162,15.5992449087355,2022
28.3643050960739,14.2517719825562,2000
30.6999248347846,15.4734807689588,2011
28.6607491398333,12.0688658421458,2003
33.1702918661133,16.4885770400138,2005
33.2062244774781,15.0602557382638,2001
34.6884446962753,18.2133423855233,2003
27.0886973926242,18.8062304730422,2001
26.1275000386163,15.8687394939713,2002
32.5863869314356,13.0031137376301,2000
29.9722894546478,11.1975000165498,2005
34.1404723729624,21.833552980525,2005
33.9518261632973,12.446158261476,2013
37.4911883827282,17.2701113371978,2001
25.7052918550801,11.8263207154335,2010
36.1526986093901,17.8809657303991,2013
22.9474639328332,13.182776794454,2001
25.471729881209,20.2345517747922,2011
34.7513267661637,20.8184567094699,2002
36.7276203912266,21.1418502117529,2011
25.3998646584795,15.5722954502119,2001
25.3908815056383,19.1386071281664,2004
35.9371029412015,18.9140283071365,2011
31.3107792279859,12.9132822092181,2014
33.1163929490662,15.5902617558943,2000
27.5378550346839,20.7915072509463,2014
32.4157070274529,19.8752256611444,2001
30.8795878916086,18.2133423855233,2005
27.9510800653789,10.3171510381127,2011
36.0718502338194,18.8960620014541,2011
22.3815253038379,13.9373616331144,2022
27.8792148426494,17.925881494605,2002
24.6722292783427,15.5992449087355,2011
32.5774037785945,14.1619404541443,2011
28.8943111137044,17.7641847434635,2011
36.8893171423682,18.9409777656601,2011
28.2834567205031,14.9434747513282,2022
32.2540102763114,15.9316215638597,2005
30.8256889745614,15.0422894325814,2014
33.7721631064734,11.7724217983863,2011
31.0592509484325,20.4052316787749,2008
34.2392870542156,15.4105986990704,2015
26.9719164056886,18.7343652503126,2003
24.4476504573128,11.1436010995027,2009
34.0057250803445,14.5212665677921,2010
36.8893171423682,18.015713023017,2011
25.3100331300675,15.6980595899886,2011
34.4279332638807,17.3329934070862,2001
25.9478369817924,18.9858935298661,2001
29.0021089477988,17.2970607957214,2011
25.2202016016556,10.6225782347133,2001
25.4178309641619,17.5306227695925,2011
29.7926263978239,19.5428490060202,2001
26.1275000386163,15.5453459916883,2005
35.9550692468839,20.9801534606114,2015
25.6154603266682,16.7131558610437,2001
32.0473977609639,13.4522713796898,2006
36.9971149764625,19.8213267440972,2003
30.7807732103554,16.2819645246663,2020
28.4541366244858,16.0034867865893,2002
23.8637455226351,10.7663086801725,2009
32.8738478223539,21.3215132685768,2013
34.6704783905929,15.4465313104352,2011
31.4724759791274,10.5866456233486,2003
29.5949970353176,17.279094490039,2011
30.4573797080724,18.6355505690595,2002
32.5953700842768,12.8683664450121,2011
25.3549488942735,19.8033604384149,2002
25.561561409621,15.5363628388471,2001
26.9629332528474,16.6592569439965,2013
29.334485602923,12.311410968858,2004
34.0416576917093,15.5094133803235,2001
33.8170788706794,15.5722954502119,2001
33.9248767047737,21.0879512947058,2002
28.6248165284686,14.8985589871223,2020
24.5284988328835,17.1084145860563,2013
24.5554482914071,18.2402918440469,2011
33.6823315780615,19.8303098969384,2005
28.0229452881085,19.2014891980548,2005
30.4214470967076,18.9858935298661,2001
32.1551955950583,21.4562605611948,2011
24.5823977499307,19.1475902810076,2014
32.8558815166715,19.5428490060202,2024
29.7117780222532,17.2431618786742,2011
24.456633610154,14.1799067598266,2011
33.5116516740788,14.7278790831396,2012
33.8170788706794,15.1411041138345,2001
34.8770909059404,17.234178725833,2002
27.6187034102547,21.5550752424479,2001
37.2755927145395,19.2284386565784,2010
28.6787154455157,11.5478429773564,2007
25.0315553919905,18.8241967787246,2013
28.3912545545975,15.4555144632764,2010
24.3578189289008,12.6976865410294,2014
34.2482702070568,22.0401654958725,2022
25.7412244664449,12.3832761915876,2015
27.6366697159371,14.3056708996034,2011
31.544341201857,10.7483423744901,2011
28.2205746506148,11.5388598245153,2008
23.0193291555627,11.5208935188329,2004
25.0674880033553,17.3599428656098,2012
34.212337595692,15.9945036337481,2011
24.9596901692609,11.3502136148502,2002
34.1494555258036,14.5392328734745,2011
27.0078490170534,10.9908875012023,2003
25.6783423965565,13.5600692137842,2013
29.8016095506651,15.0063568212166,2013
36.4491426531496,14.0361763143675,2011
29.2985529915582,11.5568261301976,2014
30.852638433085,13.1468441830892,2007
32.6402858484828,13.9553279387968,2002
31.822818939934,20.638793652646,2002
27.1964952267185,20.728625181058,2011
26.7653038903411,21.2226985873237,2004
25.884954911904,21.7796540634778,2011
30.5921270006903,11.7993712569099,2011
28.3822714017563,13.0390463489949,2001
28.7505806682453,9.40086944831079,2001
26.7024218204528,14.0721089257323,2003
34.7243773076401,17.7821510491459,2014
34.9759055871936,17.2521450315154,2011
24.5464651385659,12.6168381654587,2011
24.0254422737766,11.9610680080514,2010
28.7595638210865,18.0965613985878,2000
31.7868863285693,15.9226384110185,2011
34.1584386786448,15.4465313104352,2015
33.8530114820442,11.9520848552102,2011
23.8008634527467,12.5180234842055,2001
31.9036673155048,12.679720235347,2001
30.8616215859262,13.506170296737,2003
32.002481996758,15.4465313104352,2011
36.4401595003084,20.7106588753756,2001
34.167421831486,15.5902617558943,2010
26.0736011215691,16.6502737911553,2014
26.7922533488647,19.4350511719258,2022
29.1278730875755,13.5870186723078,2014
24.8159597238018,14.1888899126678,2011
37.8055987321701,17.5036733110689,2011
37.9672954833116,18.5187695821239,2004
32.5055385558649,17.925881494605,2004
25.4986793397326,10.4788477892542,2001
34.1314892201212,16.9826504462796,2011
32.2540102763114,17.2970607957214,2010
26.208348414187,12.1137816063517,2010
26.5586913749937,19.533865853179,2011
37.1408454219216,18.9319946128189,2011
34.1853881371684,15.7339922013534,2022
32.2450271234702,16.7401053195673,2022
31.1670487825268,15.3387334763408,2011
22.8845818629448,13.6139681308313,2022
34.0236913860269,14.2068562183502,2009
33.9428430104561,19.4350511719258,2001
36.3054122076905,16.7311221667261,2008
33.5835168968083,17.0994314332151,2001
31.8497683984576,19.4709837832906,2011
24.50154937436,10.793258138696,2004
35.3352317008414,19.8392930497796,2013
31.086200406956,16.3358634417135,2004
32.2629934291526,17.1533303502623,2014
25.3010499772263,16.820953695138,2011
28.0498947466321,13.7936311876553,2011
32.3797744160882,12.3473435802228,2003
34.9220066701464,21.5550752424479,2001
28.9751594892752,20.1357370935391,2009
27.6007371045723,19.9650571895564,2014
33.4128369928256,18.5636853463299,2014
22.9025481686272,12.3293772745404,2004
23.7649308413819,9.64341457502306,2010
25.8580054533804,17.0095999048031,2001
32.8828309751951,19.2464049622607,2022
25.2561342130203,10.5956287761898,2010
28.7595638210865,9.64341457502306,2006
23.9086612868411,10.6135950818721,2011
36.3413448190552,16.9467178349148,2013
27.8342990784434,12.679720235347,2001
32.6223195428004,16.7760379309321,2001
36.6288057099735,16.1831498434132,2005
30.7717900575142,18.2582581497293,2011
30.43941340239,13.5600692137842,2007
34.4818321809278,21.1957491288001,2011
28.1037936636792,20.6567599583284,2013
24.411717845948,18.6265674162183,2001
31.4724759791274,21.8694855918898,2012
25.2920668243851,14.5302497206333,2011
25.9927527459984,19.7404783685265,2001
27.0527647812594,15.0782220439462,2003
32.236043970629,20.7376083338992,2000
25.4627467283678,18.1324940099525,2001
30.5831438478491,19.5877647702262,2011
33.3050391587313,14.4853339564273,2013
36.3952437361024,20.3064169975218,2005
34.1943712900096,21.2586311986885,2020
36.0628670809782,22.1210138714432,2005
35.6047262860772,13.4432882268486,2011
25.5974940209858,13.092945266042,2011
24.1512064135533,10.8741065142668,2001
35.0477708099231,11.5208935188329,2006
24.1242569550298,11.3681799205325,2007
35.2903159366354,22.2737274697435,2011
35.5418442161889,15.2848345592937,2010
24.9686733221021,13.5241366024194,2018
30.0890704415834,15.4105986990704,2013
29.5321149654293,11.2693652392794,2011
36.2245638321197,19.0577587525956,2011
32.649269001324,11.943101702369,2013
32.1731619007407,20.3782822202513,2002
35.595743133236,19.2014891980548,2011
29.2177046159874,16.8838357650264,2011
32.5504543200709,13.6588838950373,2001
35.3891306178886,14.0990583842559,2011
36.0808333866606,14.2158393711914,2022
34.6435289320694,11.5029272131505,2010
31.8857010098224,14.6021149433628,2022
28.8044795852925,21.375412185624,2022
32.5953700842768,19.7584446742089,2013
26.1724158028223,16.6502737911553,2022
35.2364170195882,15.7339922013534,2011
29.7297443279356,16.8029873894556,2011
33.9877587746621,19.6506468401145,2005
24.2679874004889,18.7253820974714,2014
33.3499549229372,16.4346781229666,2011
31.5623075075394,20.2884506918394,2009
28.1217599693616,20.4681137486633,2011
28.4990523886918,13.1198947245656,2006
25.4896961868914,19.4350511719258,2010
29.5141486597469,16.7401053195673,2011
33.0984266433838,18.3211402196176,2005
32.002481996758,11.9610680080514,2000
30.2328008870425,19.0936913639604,2003
34.6794615434341,13.964311091638,2010
30.0980535944246,10.2902015795891,2011
36.6018562514499,21.3933784913064,2011
30.6460259177375,15.5004302274823,2005
34.1404723729624,14.197873065509,2014
34.4009838053571,14.2787214410798,2022
28.8673616551808,18.3391065253,2008
31.7240042586809,10.7393592216489,2006
27.8971811483317,16.6592569439965,2003
31.9755325382344,16.8928189178676,2003
30.7089079876258,19.0847082111192,2013
33.9697924689797,18.707415791789,2011
28.3014230261855,11.8173375625923,2022
24.1601895663945,18.5277527349651,2004
32.8109657524655,15.850773188289,2014
28.9931257949576,13.092945266042,2005
36.1526986093901,19.9740403423976,2016
34.0596239973917,17.6833363678928,2004
27.4120908949072,18.0067298701758,2011
34.0416576917093,17.8450331190343,2006
26.9000511829591,16.1921329962544,2011
35.0567539627643,21.6628730765423,2006
28.0768442051556,19.3542027963551,2011
26.0736011215691,11.7454723398627,2001
29.7297443279356,21.1508333645941,2008
35.317265395159,18.9858935298661,2013
33.107409796225,15.0782220439462,2010
32.0114651495992,14.4583844979037,2003
31.4904422848098,19.9830234952388,2010
33.4038538399844,17.2072292673094,2004
27.6995517858254,11.9071690910043,2011
24.7440945010722,11.7005565756568,2022
30.9245036558145,10.0386733000357,2011
26.2802136369166,12.4731077199996,2005
28.18464203925,9.72426295059382,2022
25.3010499772263,10.7573255273313,2011
33.3679212286196,19.8303098969384,2004
34.0596239973917,15.5812786030531,2014
33.9428430104561,17.8270668133519,2005
29.7746600921415,17.0275662104855,2011
33.0804603377014,12.6348044711411,2006
34.0506408445505,14.8266937643927,2004
33.107409796225,20.1357370935391,2005
33.0984266433838,12.5719224012527,2007
23.5044194089873,12.6617539296647,2020
29.3704182142878,18.6804663332654,2011
22.9564470856744,12.1856468290813,2001
34.4728490280866,19.7853941327325,2010
26.1634326499811,12.9941305847889,2014
32.3168923461998,14.7368622359807,2022
31.4455265206039,19.0847082111192,2022
29.7566937864592,21.0610018361822,2008
29.702794869412,17.9438478002874,2010
32.3168923461998,11.2693652392794,2011
33.2691065473665,20.5399789713929,2011
28.4182040131211,19.0667419054368,2003
27.1425963096713,18.3031739139353,2014
24.5913809027719,19.3631859491963,2022
33.7272473422674,12.6527707768235,2022
29.2266877688286,12.6078550126175,2001
30.4483965552312,19.0397924469133,2007
37.2845758673807,18.5636853463299,2013
24.3937515402656,18.384022289506,2004
36.745586696909,18.9769103770249,2011
24.3308694703772,16.4706107343314,2011
28.3643050960739,20.5220126657105,2011
29.6848285637296,12.0149669250986,2007
24.6812124311839,17.7641847434635,2001
34.4458995695631,18.7613147088362,2011
33.430803298508,12.4641245671584,2004
35.7125241201716,12.859383292171,2001
26.4778429994229,13.6588838950373,2003
31.4006107563979,19.533865853179,2001
30.5472112364843,13.8385469518612,2001
26.8371691130707,13.7397322706081,2012
29.9902557603302,20.0459055651271,2005
25.8580054533804,17.0455325161679,2011
31.086200406956,13.4432882268486,2022
24.1781558720769,15.7519585070358,2008
33.9338598576149,11.619708200086,2015
32.5863869314356,13.506170296737,2011
34.8860740587816,18.2762244554117,2011
23.630183548764,15.7250090485122,2013
24.9507070164197,19.5877647702262,2011
25.6244434795094,15.6261943672591,2007
29.6219464938412,21.8874518975721,2010
26.5227587636289,14.7368622359807,2001
32.649269001324,19.4170848662435,2022
34.1764049843272,21.3664290327828,2011
34.5986131678634,15.9765373280657,2001
32.9007972808775,12.859383292171,2001
31.086200406956,16.8029873894556,2007
31.7958694814105,18.0516456343818,2011
27.1605626153537,12.356326733064,2010
30.3855144853428,18.8691125429305,2011
34.3021691241039,21.9413508146193,2013
30.1070367472658,12.8863327506945,2011
34.9848887400348,12.8054843751238,2022
36.9611823650977,20.8454061679935,2022
31.1850150882092,16.6323074854729,2002
33.7631799536322,11.3681799205325,2001
29.199738310305,19.2733544207843,2001
31.3916276035567,13.4432882268486,2001
28.5709176114214,10.7483423744901,2020
30.7268742933082,20.3513327617278,2002
26.7203881261352,19.902175119668,2022
33.4936853683964,14.7727948473455,2001
29.5680475767941,17.4677406997041,2001
32.5504543200709,17.4497743940217,2011
25.8580054533804,15.302800864976,2001
26.4059777766933,11.4669946017857,2006
28.2924398733443,18.1145277042702,2001
25.1213869204024,12.4371751086348,2003
33.5835168968083,13.9283784802732,2014
24.6542629726603,15.6711101314651,2014
27.0078490170534,9.7691787147998,2003
32.6672353070064,17.1443471974211,2011
35.3442148536826,18.9140283071365,2003
25.0585048505141,10.5686793176662,2011
35.362181159365,13.9912605501615,2011
33.475719062714,18.105544551429,2014
36.3323616662141,21.2765975043709,2009
35.8293051071071,13.5241366024194,2022
24.7261281953898,12.5449729427291,2001
28.552951305739,20.6926925696932,2022
36.6557551684971,18.9679272241837,2018
30.6280596120551,17.602487992322,2011
31.6880716473161,18.5008032764415,2011
24.7440945010722,12.0868321478282,2013
33.8619946348854,15.7878911184006,2001
25.840039147698,10.4878309420954,2003
28.2205746506148,11.664623964292,2013
29.1548225460991,21.7976203691602,2001
30.9155205029733,16.9287515292324,2012
24.4656167629952,9.43680205967557,2001
30.2328008870425,11.1885168637086,2001
25.6873255493977,19.7404783685265,2010
25.0046059334669,12.859383292171,2001
32.4606227916589,19.1745397395312,2011
23.4684867976225,12.9851474319477,2020
35.8203219542659,14.2697382882386,2003
31.8767178569812,20.7106588753756,2001
28.552951305739,11.7454723398627,2011
26.576657680676,10.6405445403957,2022
34.5986131678634,13.3175240870719,2018
26.5676745278348,12.5449729427291,2001
33.0894434905426,14.7368622359807,2020
32.3977407217705,11.1256347938203,2013
29.7746600921415,12.5000571785231,2011
24.6183303612955,17.8450331190343,2011
29.3614350614466,13.8654964103848,2010
27.3492088250188,18.2672413025705,2000
31.6701053416337,11.4400451432621,2001
28.0139621352673,21.5730415481303,2020
25.6783423965565,16.5245096513786,2011
26.944966947165,12.9312485149005,2005
34.6075963207046,12.4731077199996,2016
35.3801474650474,21.465243714036,2001
26.3071630954402,12.6707370825059,2001
34.3740343468335,18.2762244554117,2013
33.5565674382847,18.6445337219007,2001
24.9956227806257,17.0724819746915,2001
35.4160800764121,21.9413508146193,2002
30.5112786251196,19.3452196435139,2000
23.6571330072876,9.28408846137525,2011
29.3165192972406,12.1497142177165,2001
26.2802136369166,18.9679272241837,2001
27.8253159256022,15.0153399740578,2002
36.2604964434845,14.8805926814399,2013
24.2500210948065,13.2007431001364,2005
25.0225722391493,19.7135289100029,2011
32.7750331411007,21.9144013560957,2004
33.888944093409,11.5029272131505,2006
28.5619344585802,12.7336191523942,2003
33.6014832024907,19.2014891980548,2010
31.6251895774278,16.4346781229666,2011
25.9029212175864,17.970797258811,2020
37.8055987321701,18.2582581497293,2009
27.403107742066,17.0006167519619,2022
29.0560078648459,9.78714502048219,2001
36.37727743042,18.7613147088362,2011
33.9069103990913,18.7882641673598,2011
23.4595036447813,12.446158261476,2013
24.0164591209354,10.1824037454948,2022
30.7987395160378,13.8205806461788,2001
34.5447142508162,17.8989320360815,2004
32.9546961979246,14.5212665677921,2004
29.8914410790771,10.3800331080011,2004
32.002481996758,18.3480896781412,2011
30.9334868086557,13.1917599472952,2022
30.3226324154544,13.7846480348141,2011
27.8702316898082,16.4616275814902,2010
30.3316155682956,10.2902015795891,2004
28.7685469739277,13.0839621132008,2024
31.634172730269,20.1986191634274,2002
27.3132762136541,11.4669946017857,2007
27.5019224233192,11.0627527239319,2022
28.7236312097217,21.7077888407482,2000
34.8501414474168,20.3872653730925,2004
24.1062906493474,17.0545156690091,2005
28.0858273579968,17.0724819746915,2011
35.8832040241543,21.8066035220014,2004
26.6934386676116,14.9165252928047,2007
35.7215072730128,13.1648104887716,2001
35.8652377184719,22.6869525004385,2005
26.5137756107877,13.8475301047024,2001
27.5917539517311,14.5841486376804,2001
35.9281197883603,21.7706709106366,2003
35.0118381985584,14.1799067598266,2005
33.9967419275033,16.2819645246663,2004
33.4667359098728,15.1231378081521,2011
35.2633664781118,15.8597563411302,2013
26.3790283181698,9.9488417716237,2015
33.8080957178382,20.59387788844,2002
23.7649308413819,13.6319344365137,2000
23.8637455226351,13.2905746285483,2015
29.1278730875755,17.9887635644934,2001
34.3381017354687,11.206483169391,2010
30.2328008870425,19.2733544207843,2006
32.8199489053067,17.7013026735752,2003
26.2352978727106,12.6617539296647,2001
31.5623075075394,14.0002437030027,2002
26.944966947165,21.2406648930061,2002
27.7085349386666,15.3387334763408,2001
37.4193231599987,17.8989320360815,2010
37.0779633520333,18.3391065253,2020
33.8530114820442,20.638793652646,2013
24.8069765709606,10.6944434574429,2010
30.5921270006903,19.2643712679431,2006
24.2410379419653,10.7124097631253,2006
27.2144615324009,18.7433484031538,2011
27.9870126767437,20.5130295128693,2022
26.2352978727106,13.3175240870719,2011
32.1102798308523,16.0933183150012,2020
24.8339260294842,14.0451594672087,2013
27.034798475577,20.0818381764919,2022
28.8404121966572,15.3207671706584,2005
23.4864531033049,15.2848345592937,2001
25.2112184488144,12.1227647591929,2020
31.9306167740284,18.428938053712,2010
35.0477708099231,21.3484627271004,2001
33.7811462593146,18.0696119400642,2002
25.9119043704276,14.2158393711914,2022
23.1091606839747,12.724635999553,2013
28.9122774193868,17.3958754769745,2005
36.3054122076905,20.6567599583284,2001
35.1376023383351,21.007102919135,2011
33.1343592547486,19.5877647702262,2011
29.0021089477988,17.6114711451632,2003
26.7293712789764,16.8479031536616,2010
28.5799007642626,19.9291245781916,2011
27.4839561176368,15.9226384110185,2001
27.6726023273019,19.857259355462,2005
26.8910680301179,21.9862665788253,2014
34.4548827224042,12.5539560955703,2013
29.2177046159874,10.5776624705074,2001
30.4124639438664,13.7756648819729,2010
31.4365433677627,12.1137816063517,2002
36.008968163931,14.7368622359807,2011
28.6158333756274,21.5101594782419,2010
32.4157070274529,13.1468441830892,2010
26.711404973294,15.2039861837229,2003
31.957566232552,21.1149007532294,2011
26.9629332528474,10.4429151778894,2012
32.4516396388177,13.5600692137842,2011
33.6014832024907,14.2966877467622,2006
36.467108958832,14.0631257728911,2001
24.2140884834417,18.7613147088362,2022
29.8914410790771,17.1623135031035,2001
27.448023506272,20.4950632071869,2011
26.9719164056886,12.8234506808062,2014
37.0869465048744,18.2582581497293,2016
35.2992990894766,12.1047984535106,2011
35.9550692468839,13.4253219211662,2013
28.1217599693616,19.7494615213677,2001
27.9510800653789,10.7663086801725,2013
31.7689200228869,16.9018020707088,2011
30.0980535944246,21.4113447969888,2011
31.5173917433334,11.0268201125671,2011
26.0915674272515,15.8777226468125,2002
35.8832040241543,13.8475301047024,2022
30.807722668879,13.4432882268486,2011
35.2813327837942,16.7131558610437,2011
30.6190764592139,13.6948165064021,2010
36.1616817622313,17.2521450315154,2020
24.2859537061713,19.7584446742089,2001
29.2716035330346,11.7993712569099,2000
31.9216336211872,10.9908875012023,2016
31.499425437651,20.1267539406979,2022
26.8192028073883,14.4494013450625,2009
27.2144615324009,15.8328068826066,2008
36.422193194626,20.728625181058,2004
35.1645517968587,22.156946482808,2001
37.616952522505,18.4918201236003,2001
30.1878851228365,14.9075421399635,2013
24.5464651385659,18.0875782457466,2011
30.9963688785441,19.7225120628441,2010
30.8436552802438,16.9916335991207,2005
27.3941245892248,9.77816186764099,2014
34.4548827224042,13.0120968904713,2022
34.0686071502329,11.7724217983863,2001
33.107409796225,15.4824639218,2002
35.0028550457172,16.0663688564776,2002
23.6840824658112,12.5898887069351,2010
33.4487696041904,13.1288778774068,2001
35.317265395159,19.4260680190847,2007
33.7182641894262,16.7760379309321,2009
35.685574661648,17.8719825775579,2022
23.4954362561461,10.9998706540435,2011
34.8321751417345,13.9283784802732,2001
23.1900090595454,11.5837755887212,2004
26.6754723619292,20.4681137486633,2011
24.2320547891241,10.3710499551599,2004
30.1878851228365,21.2047322816413,2010
32.4606227916589,21.788637216319,2001
35.6047262860772,20.0908213293331,2006
28.7505806682453,19.7943772855737,2011
27.3042930608129,19.9560740367152,2020
24.3129031646949,14.0810920785735,2003
28.094810510838,13.82956379902,2022
34.3650511939923,17.9887635644934,2001
25.4537635755266,20.2345517747922,2003
32.6402858484828,14.1170246899383,2012
24.6991787368662,11.5029272131505,2000
33.1792750189545,21.9144013560957,2002
32.9367298922423,20.0908213293331,2014
35.8832040241543,14.4673676507449,2003
31.3017960751447,21.0789681418646,2005
23.4056047277341,10.8920728199492,2004
31.2299308524152,17.8001173548283,2013
32.4696059445001,14.0900752314147,2005
36.3143953605317,15.5722954502119,2009
24.2769705533301,11.943101702369,2014
23.7469645356996,13.6678670478785,2006
28.3643050960739,19.5608153117026,2014
26.8102196545471,11.2154663222322,2001
25.7322413136037,10.5417298591426,2008
31.0323014899089,14.9704242098518,2010
31.7150211058397,15.4195818519116,2011
24.3757852345832,15.2578851007701,2010
26.6844555147704,13.7846480348141,2010
35.9281197883603,20.5759115827576,2001
33.3050391587313,20.9352376964054,2010
23.998492815253,11.8353038682747,2012
28.6517659869921,10.4159657193659,2011
34.9399729758288,15.4824639218,2014
25.4268141170031,13.1019284188832,2001
32.7840162939419,14.1170246899383,2001
32.0204483024404,15.302800864976,2004
24.2230716362829,14.4673676507449,2011
28.8673616551808,19.1475902810076,2001
37.0060981293037,18.8780956957717,2010
22.9205144743096,13.8834627160672,2002
26.666489209088,16.2011161490956,2011
36.3233785133729,14.934491598487,2020
34.7872593775285,16.5065433456962,2001
33.4218201456668,19.857259355462,2001
28.6607491398333,18.0965613985878,2022
29.6039801881588,15.8956889524949,2006
29.4153339784937,10.7213929159665,2002
29.2805866858758,16.3628129002371,2006
34.212337595692,15.5004302274823,2000
26.711404973294,20.1986191634274,2010
27.5468381875251,16.587391721267,2011
24.0523917323002,11.5658092830388,2006
33.9697924689797,14.6919464717748,2001
37.572036758299,17.692319520734,2010
30.7897563631966,19.3991185605611,2015
28.2565072619796,13.2726083228659,2022
24.1242569550298,10.9549548898376,2002
26.5407250693113,11.1525842523439,2001
23.9356107453647,9.11340855739254,2022
27.8432822312846,20.2525180804746,2007
27.2054783795597,11.5029272131505,2001
32.9996119621306,14.9883905155342,2002
25.5974940209858,18.1324940099525,2016
33.9787756218209,18.5277527349651,2011
26.9180174886415,21.5820247009715,2022
31.4724759791274,18.9140283071365,2002
28.6158333756274,21.3215132685768,2001
32.604353237118,14.0092268558439,2014
24.7081618897074,10.9998706540435,2005
21.9503339674605,12.6707370825059,2022
33.8260620235206,12.6078550126175,2001
28.6517659869921,13.4432882268486,2022
37.0240644349861,20.270484386157,2020
34.5447142508162,12.5270066370467,2011
24.5105325272011,15.9855204809069,2001
29.244654074511,15.1680535723581,2022
24.6362966669779,18.0696119400642,2011
25.9568201346336,17.0994314332151,2016
33.0984266433838,19.1296239753252,2011
31.8318020927752,17.7192689792576,2005
33.6463989666967,20.2435349276334,2013
35.0747202684467,17.7282521320988,2002
36.0449007752958,21.4382942555124,2001
35.0657371156055,21.0789681418646,2001
27.5737876460487,16.6592569439965,2001
34.5267479451338,17.6294374508456,2001
28.2744735676619,16.1562003848896,2015
35.0028550457172,19.488950088973,2012
28.9571931835928,10.0656227585592,2011
28.6876985983569,10.2273195097008,2004
24.6362966669779,19.3092870321491,2011
29.7297443279356,17.4318080883393,2001
33.7901294121558,15.3746660877056,2009
34.4458995695631,18.4019885951884,2020
30.8256889745614,11.0358032654083,2001
34.94895612867,21.3035469628945,2011
29.2716035330346,16.6053580269494,2020
32.69418476553,18.0067298701758,2005
24.5464651385659,18.0426624815406,2009
32.6313026956416,14.4853339564273,2005
34.6704783905929,11.2154663222322,2007
37.4103400071575,17.925881494605,2022
26.1185168857751,13.6858333535609,2010
33.9518261632973,10.3620668023187,2014
25.8490223005392,16.7041727082025,2022
23.9895096624118,9.26612215569286,2010
27.6097202574135,11.57479243588,2010
35.6316757446008,22.1030475657608,2005
34.4458995695631,16.1562003848896,2022
26.3071630954402,15.5094133803235,2002
32.9996119621306,16.3538297473959,2010
31.5533243546982,14.2966877467622,2022
29.7746600921415,21.3394795742592,2006
35.2454001724294,13.3175240870719,2009
26.9270006414827,20.8543893208347,2001
23.6930656186524,14.0451594672087,2011
35.640658897442,12.9132822092181,2014
35.5867599803949,17.9977467173346,2022
34.859124600258,21.5550752424479,2012
29.1099067818931,15.3656829348644,2003
31.7060379529985,18.9769103770249,2006
25.1752858374496,16.5694254155846,2000
31.7329874115221,10.3979994136835,2001
27.5917539517311,21.7796540634778,2004
23.6122172430816,12.0598826893046,2011
35.0477708099231,12.5539560955703,2020
25.7322413136037,12.6707370825059,2000
35.2813327837942,20.8633724736759,2002
29.4063508256525,15.2668682536113,2007
28.3014230261855,20.7376083338992,2004
23.6930656186524,13.6229512836725,2000
25.3639320471147,13.8205806461788,2001
26.2173315670282,11.4759777546269,2000
25.7591907721273,13.6768502007197,2001
28.921260572228,11.3861462262149,2010
26.4508935408993,12.1766636762401,2011
35.0657371156055,20.8813387793583,2001
24.456633610154,19.5158995474966,2005
31.2748466166211,16.8568863065028,2003
29.7926263978239,11.3771630733737,2011
26.6934386676116,16.7041727082025,2010
23.8727286754763,12.8863327506945,2001
34.1404723729624,15.7789079655594,2001
27.1425963096713,10.2722352739067,2011
27.8253159256022,19.2374218094196,2013
26.8461522659119,15.0782220439462,2005
34.7423436133225,18.4019885951884,2011
30.116019900107,10.6674939989193,2011
34.257253359898,17.6653700622104,2008
34.7692930718461,18.0696119400642,2022
35.9999850110898,22.1030475657608,2011
31.9934988439168,14.6380475547276,2003
32.4875722501825,13.9104121745908,2011
37.1049128105568,17.9887635644934,2001
37.1228791162392,19.5248827003378,2000
25.4268141170031,19.9650571895564,2011
29.7746600921415,20.8094735566287,2001
33.0804603377014,16.9197683763912,2011
36.0718502338194,17.2880776428802,2022
28.5349850000566,11.1795337108674,2002
24.2320547891241,11.2603820864382,2011
34.904040364464,16.5694254155846,2011
27.9420969125377,14.1349909956207,2014
23.2079753652278,12.6168381654587,2001
29.9453399961243,18.384022289506,2006
25.606477173827,13.4792208382134,2011
27.1695457681949,13.6588838950373,2011
32.2180776649466,18.0785950929054,2001
34.6974278491165,17.0095999048031,2015
32.8289320581479,14.6021149433628,2011
23.0552617669275,13.7127828120845,2006
29.5500812711117,17.2701113371978,2011
24.2500210948065,18.4379212065532,2013
30.9424699614969,15.302800864976,2020
29.2087214631462,20.9442208492466,2001
35.9371029412015,13.7846480348141,2011
31.7958694814105,13.048029501836,2001
26.0107190516807,18.015713023017,2011
24.5554482914071,11.6017418944036,2015
33.4487696041904,18.9050451542953,2013
34.9309898229876,13.2187094058188,2003
30.5472112364843,13.2187094058188,2001
31.2029813938916,15.4824639218,2010
25.6963087022389,14.2787214410798,2011
29.8375421620299,12.9941305847889,2011
32.7031679183712,14.1529573013031,2010
24.9866396277845,11.296314697803,2001
33.2331739360017,16.8928189178676,2022
34.0775903030741,21.5730415481303,2011
28.4541366244858,10.5776624705074,2022
24.9776564749433,13.6588838950373,2020
28.2834567205031,14.4314350393801,2011
30.8706047387674,19.8662425083032,2011
22.9205144743096,13.7936311876553,2001
26.1724158028223,12.2485288989697,2001
33.0984266433838,20.0279392594447,2022
33.4577527570316,14.1439741484619,2012
32.8828309751951,16.5065433456962,2013
37.5450872997754,17.9168983417639,2013
36.9791486707801,18.5816516520123,2014
30.6639922234199,15.2039861837229,2020
32.69418476553,21.1687996702765,2024
30.6819585291023,19.3811522548787,2011
31.7329874115221,15.2399187950877,2011
26.5407250693113,18.2672413025705,2011
25.2202016016556,19.075725058278,2002
24.2590042476477,16.5963748741082,2002
29.6938117165708,12.7875180694414,2011
25.3818983527971,14.8177106115515,2003
31.0682341012737,21.6628730765423,2013
31.4904422848098,11.1795337108674,2022
25.3998646584795,15.9585710223833,2013
23.3157731993222,12.7336191523942,2001
33.2870728530489,13.919395327432,2022
22.8037334873741,11.5837755887212,2003
27.5558213403663,21.7527046049542,2013
31.7509537172045,15.2219524894053,2020
33.1163929490662,18.7792810145186,2007
27.4300572005896,16.0573857036364,2013
27.3761582835424,20.5309958185517,2011
28.5170186943742,18.8152136258834,2001
34.1853881371684,12.3742930387464,2009
33.8080957178382,13.4971871438958,2011
33.3230054644137,18.8601293900894,2013
24.5105325272011,12.5539560955703,2002
36.5389741815615,18.6714831804243,2005
35.5148947576653,16.1651835377308,2001
30.9065373501321,20.1447202463803,2006
34.6704783905929,14.700929624616,2011
25.1752858374496,21.3484627271004,2022
26.711404973294,15.760941659877,2011
33.5116516740788,11.9071690910043,2001
34.4638658752454,22.1928790941728,2022
29.6938117165708,10.6315613875545,2016
28.1127768165204,20.225568621951,2002
34.0147082331857,20.0908213293331,2013
27.8342990784434,13.1198947245656,2007
33.6374158138555,17.2880776428802,2015
36.053883928137,19.578781617385,2003
26.0825842744103,17.9438478002874,2022
24.4207009987892,13.0031137376301,2014
28.9392268779104,13.092945266042,2001
23.4505204919401,10.4788477892542,2011
33.9248767047737,17.8629994247167,2011
34.2033544428508,20.7915072509463,2014
28.9032942665456,15.2129693365641,2003
32.7570668354184,16.7221390138849,2011
34.0686071502329,17.5935048394808,2022
27.5378550346839,16.2909476775075,2007
24.5913809027719,17.0095999048031,2001
25.9478369817924,13.0390463489949,2010
24.5823977499307,12.40124249727,2012
29.2266877688286,20.6926925696932,2010
27.2503941437657,14.5751654848392,2011
24.4386673044716,16.9467178349148,2003
33.4847022155552,17.4048586298157,2011
26.5137756107877,20.8184567094699,2008
32.1641787478995,15.0602557382638,2001
34.7153941547989,17.6563869093692,2011
36.9252497537329,18.1145277042702,2001
35.1645517968587,18.5097864292827,2016
26.4419103880581,21.8066035220014,2022
23.4954362561461,12.5180234842055,2000
24.9776564749433,16.9377346820736,2011
36.143715456549,17.189262961627,2005
35.5687936747125,14.9883905155342,2010
28.6787154455157,11.9161522438455,2011
29.3434687557642,18.9858935298661,2005
24.1062906493474,9.60748196365828,2009
27.4839561176368,18.8960620014541,2002
35.9820187054074,19.8482762026208,2011
26.3341125539638,13.6229512836725,2013
25.8220728420156,21.096934447547,2006
36.7186372383854,21.3125301157356,2022
33.709281036585,17.9348646474462,2022
34.7603099190049,14.2158393711914,2011
26.8281859602295,17.2970607957214,2007
29.8555084677123,19.7674278270501,2011
25.3818983527971,17.7911342019871,2008
31.26586346378,17.0006167519619,2014
28.3643050960739,10.2991847324303,2010
32.8289320581479,17.5485890752749,2022
27.9870126767437,12.1586973705577,2011
25.9119043704276,15.0782220439462,2013
33.0085951149718,13.2187094058188,2005
31.3467118393507,11.8802196324807,2009
34.2033544428508,15.1590704195169,2000
31.3556949921919,16.6233243326317,2022
24.1152738021886,17.7102858264164,2011
25.8939380647452,18.060628787223,2011
29.9992389131714,20.6747262640108,2010
31.7958694814105,20.1087876350155,2002
34.7603099190049,21.3394795742592,2010
30.4663628609136,11.4310619904209,2001
35.4250632292533,16.2011161490956,2014
26.2802136369166,14.2966877467622,2011
24.1601895663945,18.8241967787246,2001
25.1124037675612,16.865869459344,2011
22.9474639328332,14.7548285416631,2015
33.2421570888429,17.279094490039,2016
26.6485229034056,16.7850210837733,2010
29.3165192972406,11.1166516409791,2001
36.2335469849609,19.7045457571617,2001
29.5949970353176,13.5421029081018,2000
36.3054122076905,18.1504603156349,2001
34.2842028184215,13.6588838950373,2011
28.6068502227862,13.8475301047024,2016
34.6614952377517,16.5245096513786,2001
37.0060981293037,18.8601293900894,2001
35.4609958406181,19.8931919668268,2015
33.0894434905426,19.5518321588614,2001
31.0502677955913,18.6175842633771,2008
26.8281859602295,13.2995577813895,2011
28.4002377074387,12.8414169864886,2011
37.9583123304704,18.3121570667764,2005
34.3920006525159,14.287704593921,2001
34.4099669581983,19.8931919668268,2001
25.5435951039386,14.3236372052858,2011
33.9697924689797,19.4170848662435,2006
35.8652377184719,13.8115974933376,2011
32.9546961979246,15.1860198780405,2001
34.3830174996747,11.4310619904209,2022
28.2565072619796,19.4709837832906,2022
32.7840162939419,12.9492148205829,2001
32.3887575689293,20.9172713907231,2010
25.6154603266682,12.3473435802228,2022
30.5112786251196,12.1047984535106,2011
32.7480836825772,14.2607551353974,2001
29.1009236290519,9.85002709037055,2010
24.2410379419653,19.7584446742089,2022
37.1228791162392,19.7584446742089,2012
30.3765313325016,10.1554542869712,2001
28.5709176114214,12.7875180694414,2005
25.6513929380329,11.6915734228156,2015
23.3876384220517,12.9581979734241,2020
24.2230716362829,11.4041125318973,2002
24.088324343665,19.3003038793079,2001
23.720015077176,9.42781890683438,2003
29.8465253148711,11.0088538068847,2024
23.0283123084039,15.1231378081521,2001
32.4606227916589,17.4318080883393,2002
35.730490425854,15.805857424083,2011
29.7656769393003,22.0042328845077,2011
28.9841426421164,11.296314697803,2013
23.1181438368159,11.9251353966866,2011
23.5493351731933,14.4673676507449,2011
32.4516396388177,14.0900752314147,2022
32.2899428876762,18.3750391366648,2001
31.3826444507155,18.1594434684761,2001
26.7563207375,17.1802798087858,2011
31.7689200228869,16.8389200008204,2022
26.5946239863584,11.6915734228156,2013
33.52063482692,11.7454723398627,2002
29.9183905376007,16.6143411797906,2010
32.8468983638303,17.0455325161679,2011
35.3262485480002,12.724635999553,2001
24.4476504573128,14.4224518865389,2011
31.7150211058397,17.2880776428802,2011
31.220947699574,12.1047984535106,2022
34.4369164167219,18.8780956957717,2005
31.0323014899089,20.1537033992215,2020
35.2992990894766,19.3272533378315,2006
26.1544494971399,21.5191426310831,2005
26.1185168857751,18.6894494861066,2005
24.3308694703772,10.8022412915372,2000
35.8023556485835,15.5633122973707,2011
29.9902557603302,20.4501474429809,2009
31.4814591319686,14.3865192751741,2001
26.2173315670282,17.1443471974211,2014
25.2112184488144,13.3444735455955,2022
37.9044134134232,18.428938053712,2011
37.0420307406685,21.1418502117529,2022
23.9715433567294,14.2787214410798,2001
26.5047924579465,13.9732942444792,2011
33.2331739360017,18.3121570667764,2020
32.4426564859765,13.137861030248,2011
30.5382280836431,17.4767238525453,2004
24.5823977499307,16.91078522355,2013
33.4577527570316,21.6718562293835,2011
31.3377286865095,20.59387788844,2004
27.5917539517311,21.3664290327828,2022
31.7240042586809,19.947090883874,2010
30.9065373501321,14.3865192751741,2001
37.3474579372691,18.4469043593944,2001
25.2202016016556,11.7544554927039,2005
27.4659898119544,11.1436010995027,2002
32.7570668354184,18.2402918440469,2024
31.2119645467328,12.1227647591929,2022
24.1601895663945,11.0897021824555,2013
28.6966817511981,14.2068562183502,2001
29.3883845199701,18.473853817918,2011
36.3952437361024,21.42032794983,2002
33.5386011326023,13.8834627160672,2000
27.3851414363836,10.4518983307306,2004
32.972662503607,20.6477768054872,2001
36.1706649150725,18.6445337219007,2015
30.5382280836431,19.9740403423976,2010
25.0944374618788,16.5155264985374,2008
35.9999850110898,21.3574458799416,2006
37.4462726185223,18.5726684991711,2011
26.9090343358003,13.7127828120845,2000
31.4904422848098,13.2726083228659,2002
34.8321751417345,21.8245698276838,2004
25.3459657414323,17.7552015906223,2022
25.148336378926,12.9492148205829,2011
35.3442148536826,21.0610018361822,2000
24.4296841516304,11.4400451432621,2011
27.5468381875251,19.6416636872733,2011
34.1853881371684,16.5963748741082,2022
29.1907551574639,10.4429151778894,2022
24.9417238635785,18.1414771627937,2011
26.621573444882,9.53561674092872,2011
28.9482100307516,20.7376083338992,2011
35.0837034212879,18.3211402196176,2010
33.0984266433838,18.2762244554117,2009
29.3255024500818,14.2607551353974,2004
31.3377286865095,12.814467527965,2011
24.5105325272011,19.812343591256,2004
25.7861402306509,19.7135289100029,2001
29.3973676728113,10.191386898336,2010
24.6003640556131,12.4551414143172,2000
26.7293712789764,14.3595698166506,2001
30.1519525114717,20.4681137486633,2001
34.6525120849105,15.8238237297654,2011
36.1616817622313,17.7911342019871,2011
28.1666757335676,17.0904482803739,2014
24.1781558720769,17.4497743940217,2007
24.9237575578961,10.4788477892542,2011
25.4807130340502,12.5180234842055,2016
31.2029813938916,15.7878911184006,2013
23.0822112254511,13.2546420171835,2011
34.9669224343524,20.8094735566287,2013
31.2568803109388,20.2794675389982,2011
26.5676745278348,14.979407362693,2003
28.1756588864088,17.9618141059698,2013
23.2079753652278,12.8953159035357,2024
32.9996119621306,13.8026143404964,2011
27.6636191744607,18.3301233724588,2011
27.1425963096713,17.1712966559447,2011
34.5177647922926,20.6208273469636,2002
33.0265614206542,21.1957491288001,2013
36.9072834480505,20.3064169975218,2006
34.3111522769451,14.1799067598266,2010
32.2270608177878,20.1537033992215,2001
26.4419103880581,10.4878309420954,2003
34.0775903030741,19.5967479230674,2001
28.5709176114214,18.7163989446302,2014
35.6765915088068,18.1863929269997,2001
25.4088478113207,16.2729813718251,2011
34.4548827224042,16.1831498434132,2011
31.5084085904922,12.9941305847889,2001
36.2065975264373,16.3807792059195,2013
30.6370427648963,13.1198947245656,2011
32.9097804337187,16.9467178349148,2022
31.86773470414,16.5155264985374,2011
33.0714771848602,21.5640583952891,2011
27.124630003989,15.7789079655594,2005
27.8432822312846,10.0656227585592,2006
29.2087214631462,16.4346781229666,2010
35.0747202684467,17.368926018451,2007
22.7947503345329,14.9883905155342,2001
31.5712906603806,19.5248827003378,2004
31.8407852456164,18.5726684991711,2004
28.463119777327,12.5359897898879,2002
24.4835830686776,12.2934446631757,2014
34.0955566087564,12.2036131347637,2013
25.606477173827,12.7156528467118,2011
26.7473375846588,9.69731349207023,2011
27.4390403534308,21.6538899237011,2008
24.1512064135533,14.1349909956207,2005
32.2899428876762,20.3064169975218,2005
23.6212003959228,10.7483423744901,2011
24.6632461255015,13.9014290217496,2004
27.7624338557138,19.120640822484,2022
31.6701053416337,11.5298766716741,2020
28.876344808022,13.9822773973204,2013
24.0973074965062,9.02357702898059,2002
33.6284326610143,16.5334928042198,2013
35.6765915088068,19.8213267440972,2011
31.0323014899089,12.5898887069351,2011
26.7742870431823,16.8928189178676,2015
34.535731097975,15.8867057996537,2009
34.7782762246873,17.7641847434635,2005
24.3757852345832,16.2370487604604,2011
26.5137756107877,16.8568863065028,2014
33.1433424075897,21.8066035220014,2006
28.2385409562972,15.6351775201003,2011
32.5863869314356,17.368926018451,2001
26.5407250693113,20.2794675389982,2006
34.3650511939923,21.9233845089369,2022
26.4149609295345,18.0246961758582,2015
35.6047262860772,21.2855806572121,2005
37.2666095616984,19.2014891980548,2001
30.2687334984073,12.5898887069351,2013
34.9399729758288,16.0304362451129,2011
23.998492815253,12.1407310648753,2011
27.5109055761603,19.2553881151019,2014
31.1221330183208,11.4130956847385,2001
28.3463387903915,17.6204542980044,2022
31.9395999268696,19.5967479230674,2001
29.657879105206,17.0095999048031,2022
24.8608754880078,13.5331197552606,2022
37.2576264088572,17.7013026735752,2015
25.5076624925738,10.559696164825,2008
27.2234446852421,19.4081017134023,2010
28.2026083449324,9.53561674092872,2002
35.0028550457172,11.6736071171332,2000
33.430803298508,18.8601293900894,2002
24.7261281953898,10.1824037454948,2002
26.4419103880581,16.8389200008204,2001
31.9036673155048,18.6086011105359,2008
27.861248536967,14.2966877467622,2002
30.0980535944246,14.5302497206333,2016
34.0416576917093,21.42032794983,2003
27.4749729647956,10.3710499551599,2011
34.3201354297863,14.0092268558439,2001
32.8558815166715,18.473853817918,2010
30.9155205029733,11.2693652392794,2005
33.0355445734954,13.2546420171835,2001
35.9460860940427,13.0839621132008,2001
24.1781558720769,19.2553881151019,2011
36.1706649150725,17.5665553809572,2002
32.7929994467831,17.7462184377811,2005
25.2920668243851,10.8741065142668,2006
32.0563809138051,19.3452196435139,2001
24.1781558720769,18.0696119400642,2003
29.0200752534811,10.2722352739067,2010
27.4839561176368,21.3843953384652,2014
32.0833303723287,11.5478429773564,2013
25.0674880033553,16.0034867865893,2011
26.4868261522641,19.9740403423976,2000
28.5439681528978,16.4436612758078,2011
35.5238779105065,15.0153399740578,2010
29.4063508256525,14.7188959302984,2011
26.6125902920408,21.7796540634778,2000
35.3082822423178,19.1026745168016,2003
22.938480779992,15.1680535723581,2004
34.1135229144388,13.2546420171835,2010
30.8706047387674,9.96680807730609,2002
36.1976143735961,20.4770969015045,2008
33.2062244774781,19.0397924469133,2011
25.884954911904,11.3142810034854,2014
33.1523255604309,12.7605686109178,2016
33.340971770096,17.6833363678928,2000
35.7484567315364,21.5371089367655,2011
36.008968163931,18.4199549008708,2010
25.7322413136037,21.6718562293835,2022
30.3226324154544,18.105544551429,2001
30.5741606950079,21.0340523776586,2006
23.2798405879574,13.0839621132008,2010
25.7502076192861,17.3599428656098,2013
33.6553821195379,12.9132822092181,2002
27.4120908949072,13.1019284188832,2010
34.9579392815112,13.8026143404964,2006
36.4940584173556,16.1382340792072,2022
30.6190764592139,19.0038598355485,2001
33.7002978837439,13.5780355194666,2016
25.1573195317672,11.1885168637086,2022
32.0204483024404,13.0390463489949,2013
30.7538237518318,15.5183965331647,2011
32.1641787478995,11.251398933597,2004
25.606477173827,17.1084145860563,2015
27.3222593664952,16.9377346820736,2000
25.8759717590628,20.9262545435643,2001
27.8881979954905,19.8752256611444,2010
35.7754061900599,14.1439741484619,2022
29.9633063018066,17.2880776428802,2001
30.1429693586305,18.7433484031538,2003
29.6668622580472,13.092945266042,2011
30.349581873978,12.7515854580766,2001
27.2144615324009,17.7641847434635,2013
24.9866396277845,12.1407310648753,2005
30.1609356643129,19.120640822484,2000
31.0502677955913,16.174166690572,2001
34.7153941547989,17.2611281843566,2004
31.8946841626636,15.6082280615767,2013
26.7473375846588,19.3991185605611,2005
35.3262485480002,13.9373616331144,2002
27.8342990784434,10.793258138696,2007
31.7419705643633,16.452644428649,2006
28.3553219432327,15.7250090485122,2006
35.1465854911763,15.8417900354478,2022
23.1091606839747,13.2905746285483,2000
30.9694194200205,15.8417900354478,2001
25.3459657414323,18.4558875122356,2003
29.6399127995236,20.5220126657105,2001
28.1756588864088,21.0430355304998,2004
32.4785890973413,17.4048586298157,2001
31.5712906603806,18.3031739139353,2007
36.0628670809782,15.0063568212166,2001
35.7394735786952,18.8780956957717,2011
25.1213869204024,21.0879512947058,2001
29.2266877688286,13.7397322706081,2011
36.6108394042911,21.4921931725596,2001
30.5741606950079,19.1026745168016,2011
24.3757852345832,10.97292119552,2005
29.7297443279356,14.7278790831396,2002
29.9183905376007,18.8691125429305,2018
22.3635589981555,13.7127828120845,2011
33.2780897002077,17.8450331190343,2003
24.1691727192357,16.3178971360311,2001
31.3646781450331,14.3955024280153,2010
35.2992990894766,14.0092268558439,2014
27.7085349386666,12.8953159035357,2001
29.01109210064,21.8874518975721,2004
32.6313026956416,20.1716697049039,2011
37.1677948804452,17.9887635644934,2011
35.6586252031244,17.3509597127686,2001
34.0236913860269,12.9851474319477,2015
25.561561409621,20.4231979844573,2014
28.094810510838,14.4494013450625,2000
25.2741005187027,12.5180234842055,2002
32.3887575689293,21.2137154344825,2010
31.1221330183208,16.9018020707088,2011
26.0376685102043,12.0688658421458,2004
26.3341125539638,11.8622533267983,2001
27.5198887290015,11.5119103659917,2022
27.7893833142374,15.805857424083,2005
36.5299910287203,17.8450331190343,2022
26.0466516630455,16.5784085684258,2003
26.1275000386163,20.1986191634274,2022
23.8996781339999,12.9222653620593,2022
29.1458393932579,10.0925722170828,2005
31.822818939934,12.2844615103345,2011
35.5418442161889,16.9467178349148,2001
24.9686733221021,16.91078522355,2011
27.6187034102547,21.9413508146193,2010
34.7962425303697,21.8964350504133,2000
30.9963688785441,17.647403756528,2011
27.7983664670786,9.9398586187825,2003
24.869858640849,19.6506468401145,2007
36.2425301378021,14.7907611530279,2011
27.9420969125377,16.2011161490956,2006
31.6162064245866,16.2819645246663,2004
26.0376685102043,13.2456588643423,2011
24.366802081742,15.4644976161176,2002
27.4570066591132,11.7903881040687,2001
24.9956227806257,12.3922593444288,2011
32.739100529736,13.1917599472952,2002
23.3427226578458,10.7842749858549,2011
30.7717900575142,11.1166516409791,2013
34.12250606728,21.4113447969888,2001
31.6611221887925,15.9226384110185,2002
35.6586252031244,13.0749789603596,2001
32.4875722501825,12.3742930387464,2007
30.0441546773774,11.0178369597259,2008
38.1649248458179,17.5755385337984,2015
25.5256287982562,21.9952497316665,2014
36.0269344696134,13.3534566984367,2014
30.807722668879,17.8450331190343,2001
27.4570066591132,13.3624398512779,2013
35.6496420502832,21.6269404651775,2013
27.9061643011729,19.4170848662435,2011
37.3294916315867,17.647403756528,2014
31.0323014899089,18.9858935298661,2001
30.9245036558145,19.533865853179,2008
30.7268742933082,21.9683002731429,2002
26.8910680301179,18.5636853463299,2001
35.9191366355191,16.2999308303487,2004
28.7146480568805,10.5237635534602,2001
27.0617479341006,10.3441004966363,2011
35.7215072730128,17.0904482803739,2014
30.6819585291023,12.1856468290813,2001
24.0973074965062,17.4587575468629,2010
28.7146480568805,18.797247320201,2013
30.2148345813601,17.557572228116,2011
33.4667359098728,15.4016155462292,2022
36.4042268889436,18.4019885951884,2011
29.981272607489,19.8752256611444,2022
27.5917539517311,10.8112244443784,2006
34.3830174996747,19.9740403423976,2002
22.6959356532797,11.9071690910043,2022
35.9371029412015,21.9233845089369,2001
33.0714771848602,16.3089139831899,2005
35.2903159366354,17.3779091712921,2005
35.2004844082235,20.0638718708095,2022
35.2094675610646,15.6441606729415,2006
25.9568201346336,14.6290644018864,2001
27.9420969125377,13.7756648819729,2014
27.7354843971902,12.7156528467118,2010
24.0254422737766,16.542475957061,2010
36.745586696909,19.4350511719258,2011
38.3176384441182,17.9528309531286,2011
35.3981137707298,20.5669284299164,2001
25.0225722391493,21.2855806572121,2022
30.5561943893255,21.4472774083536,2013
27.3671751307012,18.5457190406475,2020
32.8918141280363,15.5812786030531,2007
31.3646781450331,11.1705505580262,2001
30.9424699614969,14.4943171092685,2022
34.7243773076401,11.5298766716741,2005
23.0193291555627,12.0598826893046,2015
31.6970548001573,10.7303760688077,2006
30.5651775421667,16.7401053195673,2022
35.6226925917596,20.2165854691098,2013
27.2953099079717,10.0027406886709,2015
29.6488959523648,11.0178369597259,2014
29.8824579262359,12.7156528467118,2007
30.9155205029733,13.5151534495782,2011
28.8943111137044,14.8626263757575,2004
33.6553821195379,11.5029272131505,2022
38.2008574571827,18.1235108571113,2001
36.4042268889436,20.6028610412812,2011
35.8203219542659,13.1917599472952,2022
29.5860138824764,21.2765975043709,2004
25.4986793397326,12.6168381654587,2009
34.1584386786448,19.2733544207843,2011
24.690195584025,11.9341185495278,2015
30.4753460137548,12.2844615103345,2010
30.2417840398837,20.2435349276334,2001
32.5953700842768,14.6380475547276,2011
32.1641787478995,19.8662425083032,2013
36.4850752645144,17.2162124201506,2001
34.3830174996747,13.8654964103848,2003
32.8019825996243,16.955700987756,2011
30.7089079876258,12.6617539296647,2001
35.0477708099231,11.6017418944036,2011
35.9999850110898,14.3595698166506,2001
26.4958093051053,14.934491598487,2003
35.1286191854939,17.0994314332151,2013
36.2425301378021,20.7735409452639,2002
29.6309296466824,15.2309356422465,2009
30.6280596120551,11.943101702369,2016
23.7469645356996,15.5633122973707,2001
26.5586913749937,19.3272533378315,2010
29.2087214631462,19.4620006304494,2022
32.972662503607,14.3056708996034,2011
25.6244434795094,13.3444735455955,2001
35.407096923571,17.0724819746915,2005
24.1961221777593,18.3301233724588,2015
30.0980535944246,18.6355505690595,2005
28.2565072619796,19.2733544207843,2007
26.6754723619292,16.6772232496789,2010
25.4986793397326,21.1059176003882,2011
29.0649910176871,21.2945638100533,2004
25.0405385448317,20.9801534606114,2007
27.0707310869418,10.9369885841552,2011
23.3157731993222,12.4192088029524,2004
33.6194495081731,17.3509597127686,2011
34.9759055871936,15.6800932843062,2011
36.0179513167722,19.0487755997545,2012
29.2266877688286,21.465243714036,2002
33.2152076303193,15.9406047167009,2001
35.7394735786952,21.5910078538127,2001
27.6995517858254,13.182776794454,2000
24.8518923351666,13.2097262529776,2010
35.1915012553823,21.743721452113,2022
34.6704783905929,12.9312485149005,2007
33.1792750189545,19.8931919668268,2002
26.1724158028223,16.6053580269494,2011
28.7326143625629,20.1986191634274,2015
26.8551354187531,10.3979994136835,2009
28.9032942665456,11.6556408114508,2011
35.7125241201716,13.8475301047024,2003
22.3815253038379,13.9463447859556,2000
25.4896961868914,19.1835228923724,2003
26.0736011215691,10.0746059114004,2011
30.3136492626133,17.7821510491459,2024
27.079714239783,17.5935048394808,2011
24.869858640849,18.8331799315658,2011
33.8799609405678,10.424948872207,2007
24.0254422737766,9.07747594602776,2011
30.9514531143381,10.1734205926536,2001
29.8285590091887,19.3991185605611,2022
33.3230054644137,18.4918201236003,2011
26.298179942599,11.57479243588,2013
25.3369825885911,10.7124097631253,2011
25.2112184488144,19.3272533378315,2011
31.2119645467328,14.0361763143675,2003
30.5382280836431,11.9790343137338,2005
33.2421570888429,17.7282521320988,2006
27.6726023273019,11.2783483921206,2005
35.1555686440175,15.5453459916883,2003
26.1724158028223,10.7034266102841,2003
35.7843893429011,19.120640822484,2014
32.4426564859765,19.5428490060202,2013
30.4933123194372,12.5988718597763,2022
27.6366697159371,17.3509597127686,2005
28.921260572228,14.0900752314147,2018
33.6643652723791,17.5126564639101,2014
33.9518261632973,11.2603820864382,2011
28.9302437250692,21.8964350504133,2013
32.280959734835,11.0358032654083,2002
24.9237575578961,13.9283784802732,2013
29.6938117165708,15.8328068826066,2011
26.2352978727106,19.9381077310328,2006
26.5497082221525,14.1709236069855,2014
26.2622473312342,11.8981859381631,2002
33.6553821195379,18.6535168747419,2002
35.3711643122062,17.189262961627,2005
28.4361703188035,11.9251353966866,2016
34.2033544428508,10.1285048284476,2013
29.747710633618,13.6229512836725,2020
30.026188371695,12.2485288989697,2013
27.771417008555,21.9683002731429,2022
35.8382882599483,12.9132822092181,2012
31.5263748961746,17.5845216866396,2014
31.6251895774278,18.7882641673598,2015
29.0290584063223,18.1145277042702,2013
27.5917539517311,13.551086060943,2001
27.6636191744607,12.077848994987,2007
31.9216336211872,15.6351775201003,2001
29.4602497426997,21.8066035220014,2011
35.2184507139058,15.2489019479289,2001
31.3556949921919,20.2345517747922,2014
32.6852016126888,17.7552015906223,2022
31.1670487825268,21.0879512947058,2001
29.4692328955409,14.2338056768738,2009
34.8950572116228,19.3811522548787,2011
26.0736011215691,11.3861462262149,2012
34.6884446962753,15.5273796860059,2001
33.3769043814608,14.7548285416631,2011
23.351705810687,13.5331197552606,2011
31.822818939934,21.7616877577954,2004
32.5863869314356,12.5898887069351,2015
34.0686071502329,21.6898225350658,2004
37.6439019810286,17.8629994247167,2020
29.9902557603302,19.1475902810076,2006
26.9090343358003,13.3085409342307,2003
38.2008574571827,17.9797804116522,2001
31.8318020927752,17.0006167519619,2011
33.5386011326023,17.0904482803739,2013
33.5296179797611,16.6592569439965,2013
24.6003640556131,14.0182100086851,2001
30.6909416819435,18.0516456343818,2011
27.0437816284182,21.9772834259841,2001
36.4311763474672,14.8985589871223,2014
25.9119043704276,16.8748526121852,2008
35.9550692468839,16.9916335991207,2011
23.6032340902404,12.8234506808062,2011
25.9658032874748,12.6707370825059,2001
29.3524519086054,12.7066696938706,2001
26.3071630954402,12.3293772745404,2020
29.9633063018066,12.0508995364634,2011
35.6316757446008,14.5482160263157,2001
25.5974940209858,18.797247320201,2013
28.2026083449324,12.1497142177165,2007
34.5986131678634,16.5334928042198,2007
35.317265395159,17.0724819746915,2005
32.3618081104058,14.6649970132512,2004
34.0955566087564,21.2765975043709,2013
31.6611221887925,20.5759115827576,2022
35.3442148536826,15.2668682536113,2018
33.4397864513492,17.9618141059698,2005
28.7056649040393,17.9618141059698,2012
30.8975541972909,19.5877647702262,2010
32.370791263247,12.6527707768235,2002
25.4627467283678,10.8741065142668,2010
36.37727743042,19.3542027963551,2011
35.8472714127895,17.9528309531286,2002
34.3201354297863,15.7250090485122,2011
25.2022352959732,14.7458453888219,2001
24.3308694703772,9.63443142218187,2001
24.9417238635785,15.9226384110185,2011
34.0506408445505,18.0516456343818,2018
26.3161462482814,13.506170296737,2003
31.3736612978743,18.842163084407,2011
31.8946841626636,17.1802798087858,2013
26.6125902920408,18.2223255383645,2011
24.1871390249181,14.611098096204,2006
33.2421570888429,15.8956889524949,2001
33.9608093161385,14.5212665677921,2001
32.6223195428004,18.5187695821239,2011
26.5946239863584,16.4077286644431,2011
28.1037936636792,15.5902617558943,2001
27.3222593664952,20.2345517747922,2004
35.1016697269703,19.9291245781916,2013
23.9805265095706,9.0145938761394,2011
34.0865734559153,11.4759777546269,2009
25.7232581607625,13.8385469518612,2002
32.8648646695127,19.1386071281664,2001
29.3704182142878,11.6915734228156,2006
30.5472112364843,18.0965613985878,2011
23.0103460027215,11.7634386455451,2007
36.37727743042,19.0577587525956,2013
30.8885710444498,21.052018683341,2013
23.9625602038882,14.9165252928047,2009
26.9629332528474,18.9858935298661,2001
35.4520126877769,17.6563869093692,2004
26.9180174886415,19.1745397395312,2002
28.3463387903915,18.5996179576947,2011
26.5497082221525,14.0361763143675,2010
29.8375421620299,16.3268802888723,2014
36.7815193082738,18.6984326389478,2002
26.989882711371,11.1705505580262,2001
32.4696059445001,15.0063568212166,2000
36.0179513167722,18.3211402196176,2011
35.227433866747,12.724635999553,2012
22.3545758453143,13.4971871438958,2011
33.1613087132721,12.7156528467118,2000
25.193252143132,11.2244494750734,2003
26.6036071391996,15.7250090485122,2022
34.2931859712627,18.8691125429305,2008
30.3765313325016,17.6563869093692,2010
32.9187635865599,21.1777828231177,2022
35.3801474650474,12.1946299819225,2008
27.6995517858254,16.5245096513786,2000
26.7383544318176,12.2664952046521,2002
29.7566937864592,19.3092870321491,2011
24.9237575578961,14.7458453888219,2013
30.7089079876258,14.0990583842559,2010
29.5860138824764,19.9740403423976,2012
30.4483965552312,14.8356769172339,2010
29.7836432449827,21.4113447969888,2011
25.561561409621,20.4142148316161,2022
28.3283724847091,17.234178725833,2001
23.0013628498804,14.566182331998,2010
30.1789019699953,21.7706709106366,2014
30.4663628609136,18.9858935298661,2013
27.2054783795597,13.9283784802732,2013
22.9474639328332,13.4792208382134,2001
34.212337595692,20.0908213293331,2003
30.0800872887422,17.0185830576443,2002
26.4239440823757,17.3060439485626,2022
27.0617479341006,21.9862665788253,2013
35.1735349496999,21.0160860719762,2011
32.1462124422171,20.1177707878567,2006
33.3319886172549,18.7702978616774,2008
30.8795878916086,21.8066035220014,2000
33.9338598576149,15.0872051967874,2018
32.5235048615473,21.4382942555124,2001
29.2266877688286,15.2578851007701,2001
28.3283724847091,18.8331799315658,2011
30.5202617779607,21.6628730765423,2001
23.0193291555627,11.664623964292,2014
25.6513929380329,17.2162124201506,2000
31.3017960751447,18.3031739139353,2011
23.8727286754763,11.8263207154335,2011
29.5860138824764,16.2011161490956,2002
38.4344194310537,18.015713023017,2006
27.816332772761,12.4102256501112,2022
24.2410379419653,16.2639982189839,2013
28.0409115937909,10.3171510381127,2005
33.3589380757784,17.6294374508456,2013
23.2888237407986,10.604611929031,2007
31.5982401189042,17.7911342019871,2004
23.8727286754763,14.8446600700751,2015
33.1792750189545,13.2097262529776,2014
27.9690463710613,19.6955626043205,2011
23.4864531033049,13.4073556154839,2001
27.8342990784434,9.81409447900577,2011
33.2780897002077,16.1112846206836,2008
28.3643050960739,20.5130295128693,2013
31.7599368700457,20.5489621242341,2022
26.3700451653286,10.3081678852715,2007
29.6309296466824,16.3358634417135,2001
24.4925662215188,14.4853339564273,2004
30.1519525114717,18.0875782457466,2005
36.2784627491669,20.4770969015045,2011
35.9191366355191,13.9463447859556,2011
32.1282461365347,19.2194555037372,2005
27.492939270478,21.0160860719762,2003
32.4965554030237,17.2431618786742,2020
30.2417840398837,19.7853941327325,2000
28.6787154455157,15.9406047167009,2008
23.4235710334165,11.0178369597259,2001
36.6467720156559,17.8450331190343,2020
27.2953099079717,16.9287515292324,2011
35.2184507139058,14.2517719825562,2011
32.4785890973413,15.8148405769242,2013
34.2033544428508,15.7519585070358,2006
29.0021089477988,18.1145277042702,2007
36.4940584173556,16.0573857036364,2011
35.3442148536826,18.4648706650768,2001
33.340971770096,21.3394795742592,2011
33.4487696041904,10.7213929159665,2011
35.8293051071071,20.5759115827576,2001
25.1213869204024,10.6405445403957,2011
25.3190162829087,19.9740403423976,2005
32.2001113592643,16.1382340792072,2011
28.3822714017563,18.0516456343818,2015
33.340971770096,12.2664952046521,2000
26.298179942599,18.3031739139353,2001
26.3700451653286,15.1500872666757,2000
34.7603099190049,19.6416636872733,2020
35.8113388014247,17.5935048394808,2011
34.2033544428508,18.1863929269997,2011
24.411717845948,9.45476836535796,2010
26.1364831914575,14.2248225240326,2022
23.7020487714936,9.63443142218187,2010
36.8444013781622,19.9201414253504,2022
36.1526986093901,21.1418502117529,2011
32.9187635865599,18.4828369707592,2001
30.6100933063727,10.9908875012023,2013
32.3618081104058,13.874479563226,2001
31.7868863285693,14.3595698166506,2001
34.4189501110395,14.332620358127,2010
38.0391607060411,18.0875782457466,2015
26.5856408335172,12.3024278160168,2013
34.7872593775285,12.7066696938706,2011
30.4483965552312,10.8022412915372,2011
33.9967419275033,15.392632393388,2014
23.3876384220517,14.5212665677921,2022
32.325875499041,13.4432882268486,2001
29.8644916205535,19.6147142287498,2003
27.6905686329843,21.2137154344825,2022
32.3528249575646,21.2047322816413,2014
29.747710633618,18.3480896781412,2001
28.3822714017563,18.6894494861066,2002
24.6722292783427,19.947090883874,2011
29.9094073847595,19.6147142287498,2001
30.5112786251196,21.833552980525,2001
26.208348414187,12.8953159035357,2014
36.1526986093901,15.7519585070358,2001
32.0563809138051,10.8561402085844,2022
29.4422834370173,21.7976203691602,2005
29.9992389131714,13.964311091638,2011
25.884954911904,13.7936311876553,2010
29.8016095506651,16.7850210837733,2004
29.6219464938412,14.1439741484619,2011
29.5590644239529,14.1799067598266,2001
28.1217599693616,15.347716629182,2011
30.0441546773774,20.1267539406979,2011
29.4153339784937,15.5183965331647,2024
29.8734747733947,17.8989320360815,2011
32.7301173768948,13.461254532531,2011
29.4512665898585,13.3534566984367,2001
28.6966817511981,21.5460920896067,2011
35.5238779105065,21.1328670589117,2011
31.8407852456164,17.1712966559447,2005
31.1490824768444,13.1648104887716,2011
25.6963087022389,19.1475902810076,2011
31.7060379529985,11.4669946017857,2001
30.9065373501321,21.3664290327828,2001
26.208348414187,17.1533303502623,2011
31.8138357870929,15.5183965331647,2011
25.9388538289512,18.015713023017,2013
23.4684867976225,14.0631257728911,2001
30.4753460137548,10.5057972477778,2022
32.6133363899592,18.2852076082529,2005
29.1727888517815,15.6890764371474,2004
33.5925000496495,12.9042990563769,2022
28.9392268779104,10.3710499551599,2011
24.690195584025,12.3742930387464,2011
33.709281036585,16.7760379309321,2014
31.6072232717454,15.4734807689588,2022
23.5583183260345,15.0512725854226,2009
32.9187635865599,21.6898225350658,2009
35.1286191854939,13.5870186723078,2007
33.6014832024907,12.4551414143172,2013
25.8220728420156,11.8981859381631,2007
34.3830174996747,16.6053580269494,2014
32.9816456564482,15.2668682536113,2004
26.5586913749937,13.4971871438958,2011
25.8580054533804,11.9700511608926,2001
29.1638056989403,17.5036733110689,2013
35.3082822423178,21.2765975043709,2006
31.7060379529985,11.4130956847385,2001
36.5838899457675,18.9858935298661,2011
33.2960560058901,10.9908875012023,2011
35.5238779105065,21.6179573123363,2000
25.4357972698443,19.2913207264667,2014
25.1393532260848,17.9079151889227,2000
32.5863869314356,15.5183965331647,2011
27.4390403534308,19.3631859491963,2022
35.2094675610646,12.3203941216992,2006
35.6586252031244,22.3635589981555,2018
26.4688598465817,17.8001173548283,2011
29.1368562404167,10.5057972477778,2014
30.2238177342013,20.1177707878567,2005
29.0649910176871,9.9398586187825,2003
31.0592509484325,18.8601293900894,2011
30.8795878916086,11.9610680080514,2022
29.5410981182705,21.6269404651775,2001
32.7121510712124,20.0638718708095,2004
30.1878851228365,17.9079151889227,2010
30.9424699614969,11.0268201125671,2014
34.1404723729624,13.7487154234493,2011
34.7962425303697,21.4921931725596,2001
30.1878851228365,12.7875180694414,2001
31.6970548001573,20.8993050850407,2006
35.4340463820945,17.8899488832403,2011
32.9816456564482,22.0042328845077,2011
26.2352978727106,19.488950088973,2001
23.998492815253,10.0027406886709,2015
34.9220066701464,14.4224518865389,2015
33.888944093409,12.40124249727,2011
23.7739139942231,14.0631257728911,2020
36.8983002952094,19.444034324767,2020
30.2956829569309,18.0875782457466,2001
23.4684867976225,15.5183965331647,2006
33.385887534302,13.3804061569603,2000
24.6183303612955,19.6775962986381,2011
26.343095706805,19.7404783685265,2003
28.1487094278852,11.8173375625923,2011
35.6586252031244,19.2913207264667,2003
30.1609356643129,18.1145277042702,2003
34.212337595692,10.2183363568596,2000
30.4483965552312,16.6682400968377,2011
29.4782160483821,20.7196420282168,2007
35.4430295349357,16.6053580269494,2001
34.8052256832109,15.760941659877,2015
33.709281036585,20.7645577924227,2007
29.7117780222532,12.7426023052354,2022
24.8788417936901,13.7037996592433,2020
25.7412244664449,12.859383292171,2007
37.2127106446512,17.6653700622104,2011
35.1376023383351,12.2036131347637,2011
29.1817720046227,11.3322473091678,2020
29.8555084677123,15.114154655311,2009
36.4760921116732,15.2758514064525,2014
33.4128369928256,10.7124097631253,2001
26.1724158028223,10.5507130119838,2005
28.7146480568805,15.6980595899886,2003
24.1152738021886,13.2007431001364,2001
27.8342990784434,14.6200812490452,2001
35.0208213513995,16.4167118172843,2001
25.8580054533804,11.1525842523439,2001
30.3046661097721,19.8213267440972,2011
27.9780295239025,14.1260078427795,2007
25.471729881209,14.6290644018864,2011
25.0585048505141,11.1795337108674,2013
24.9147744050549,16.2999308303487,2011
30.4124639438664,20.4321811372985,2007
34.212337595692,20.2615012333158,2002
31.7329874115221,17.3060439485626,2001
23.1271269896571,10.6854603046017,2016
29.5770307296352,21.1508333645941,2002
30.7987395160378,15.9406047167009,2001
33.8799609405678,20.2435349276334,2020
27.0437816284182,15.8687394939713,2011
30.3855144853428,11.4130956847385,2005
27.771417008555,20.360315914569,2010
33.6284326610143,17.2431618786742,2014
27.4570066591132,15.805857424083,2001
26.1634326499811,17.8540162718755,2001
29.5680475767941,12.4731077199996,2015
36.1167659980254,21.1238839060705,2013
30.1968682756777,10.2093532040184,2022
28.5799007642626,13.2366757115011,2011
30.4304302495488,13.2815914757071,2001
30.1339862057894,16.6862064025201,2001
33.475719062714,20.5489621242341,2009
35.4969284519829,18.6984326389478,2014
36.7366035440678,21.7796540634778,2002
24.735111348231,16.3628129002371,2011
33.888944093409,21.0789681418646,2007
34.9759055871936,20.1896360105862,2001
33.799112564997,12.6168381654587,2013
26.5317419164701,20.2345517747922,2000
31.3287455336683,16.1651835377308,2012
30.7538237518318,13.82956379902,2011
26.7742870431823,20.0009898009211,2006
29.5410981182705,11.8263207154335,2011
25.5795277153034,14.0631257728911,2011
37.2845758673807,19.1745397395312,2020
25.8310559948568,12.3473435802228,2006
36.9971149764625,18.3211402196176,2011
26.7742870431823,15.716025895671,2001
27.3851414363836,18.2313086912057,2003
23.7649308413819,12.2664952046521,2005
27.8253159256022,18.6086011105359,2010
31.0412846427501,10.5776624705074,2005
24.5195156800423,17.3150271014038,2001
28.094810510838,12.4641245671584,2003
32.7301173768948,18.0246961758582,2001
32.0833303723287,21.1598165174353,2018
26.9988658642122,14.8626263757575,2001
35.5867599803949,19.3901354077199,2011
22.9923796970392,13.5780355194666,2024
26.208348414187,17.4407912411805,2001
29.4422834370173,9.9398586187825,2024
23.6571330072876,15.2219524894053,2015
28.3014230261855,15.4555144632764,2011
31.5623075075394,13.9283784802732,2011
30.7717900575142,15.716025895671,2007
28.5349850000566,15.4734807689588,2010
25.9927527459984,20.8004904037875,2002
31.2389140052564,17.2251955729918,2014
28.1576925807264,17.2970607957214,2005
27.9331137596965,21.6628730765423,2011
31.6880716473161,16.2460319133015,2011
30.7358574461494,16.6592569439965,2007
27.403107742066,9.85002709037055,2020
30.1429693586305,15.5902617558943,2001
31.5084085904922,15.6172112144179,2011
34.0147082331857,17.9348646474462,2020
29.8465253148711,14.7727948473455,2009
33.2870728530489,20.4231979844573,2022
36.5659236400851,18.2492749968881,2011
35.1735349496999,21.4293111026712,2006
35.0657371156055,15.302800864976,2011
25.4896961868914,18.1414771627937,2011
25.1124037675612,19.5248827003378,2007
24.9417238635785,12.8683664450121,2000
30.071104135901,12.1317479120341,2014
35.8652377184719,18.0336793286994,2005
31.6701053416337,21.9413508146193,2013
29.9543231489654,15.8238237297654,2006
28.1127768165204,19.2733544207843,2010
26.6844555147704,13.1198947245656,2001
33.2331739360017,18.6535168747419,2011
33.8979272462501,11.0717358767731,2001
24.9147744050549,10.2722352739067,2011
29.4333002841761,19.533865853179,2001
34.0236913860269,10.7573255273313,2011
27.9061643011729,19.2553881151019,2013
28.8673616551808,12.9851474319477,2001
30.2956829569309,16.0124699394305,2022
27.9331137596965,21.0340523776586,2010
24.3488357760596,13.0031137376301,2014
33.6374158138555,21.5910078538127,2000
30.8256889745614,14.7638116945043,2011
26.8012365017059,14.4763508035861,2013
29.0021089477988,12.1407310648753,2013
27.7085349386666,10.4429151778894,2006
26.7293712789764,13.551086060943,2001
29.1817720046227,13.2007431001364,2011
28.6517659869921,15.4914470746411,2022
25.8669886062216,14.0900752314147,2022
27.4749729647956,16.3628129002371,2005
35.2992990894766,22.0760981072372,2002
29.01109210064,15.6890764371474,2011
28.8224458909749,9.81409447900577,2003
28.0049789824261,18.5816516520123,2013
24.2769705533301,18.6714831804243,2001
24.0613748851414,9.70629664491143,2013
29.3165192972406,11.9341185495278,2010
29.3973676728113,21.8964350504133,2004
31.8587515512988,17.6294374508456,2001
25.148336378926,21.6628730765423,2006
28.0768442051556,18.2402918440469,2000
35.3711643122062,18.015713023017,2022
28.6158333756274,14.5841486376804,2006
32.370791263247,11.0268201125671,2001
27.861248536967,15.5363628388471,2004
26.2173315670282,19.3182701849903,2022
24.3129031646949,17.3868923241333,2011
26.298179942599,9.66138088070545,2022
27.1336131568302,13.4432882268486,2003
31.8407852456164,21.0879512947058,2011
24.2949368590125,11.7364891870215,2020
31.3916276035567,19.8392930497796,2002
32.2629934291526,20.2525180804746,2011
27.9600632182201,11.1795337108674,2013
35.5777768275537,14.9704242098518,2001
24.6452798198191,19.0847082111192,2002
34.212337595692,10.3530836494775,2008
25.1213869204024,15.5812786030531,2007
25.0135890863081,17.324010254245,2008
25.0585048505141,16.8568863065028,2001
34.7872593775285,13.9104121745908,2007
23.0911943782923,14.9883905155342,2011
35.5508273690301,13.3175240870719,2016
31.9755325382344,17.324010254245,2006
35.7035409673304,18.9230114599777,2022
34.6345457792282,20.2076023162686,2022
28.3912545545975,19.5608153117026,2001
29.8914410790771,12.7965012222826,2004
33.0355445734954,15.8238237297654,2002
24.1601895663945,8.91577919488625,2001
33.0085951149718,18.0336793286994,2022
34.1764049843272,21.4382942555124,2020
35.227433866747,16.6143411797906,2007
24.6542629726603,10.0296901471945,2006
32.8918141280363,13.551086060943,2012
29.3075361443994,18.0875782457466,2001
30.071104135901,14.1260078427795,2001
34.4099669581983,16.219082454778,2010
28.3732882489151,18.9230114599777,2005
35.1376023383351,17.6743532150516,2022
25.7861402306509,15.8867057996537,2011
30.5292449308019,20.5220126657105,2022
26.5497082221525,10.514780400619,2013
29.2536372273522,16.0663688564776,2011
32.9457130450835,18.1414771627937,2011
36.4760921116732,18.0785950929054,2004
36.467108958832,16.6682400968377,2020
24.2679874004889,12.2125962876049,2001
36.1257491508666,13.4343050740074,2020
26.8461522659119,17.1263808917387,2011
30.7268742933082,12.8773495978533,2001
36.5030415701968,15.6351775201003,2011
27.8432822312846,14.6919464717748,2011
25.193252143132,18.9589440713425,2003
23.7649308413819,9.9578249244649,2022
26.1275000386163,19.2733544207843,2003
26.7653038903411,21.788637216319,2002
33.6643652723791,14.3955024280153,2014
27.8253159256022,16.1921329962544,2016
27.5558213403663,11.341230462009,2020
31.1221330183208,15.6711101314651,2011
27.3941245892248,11.5837755887212,2001
29.7836432449827,18.8960620014541,2001
24.5284988328835,12.6258213182999,2014
33.6463989666967,13.3624398512779,2020
24.1422232607121,17.1443471974211,2000
27.5288718818427,20.8993050850407,2003
25.5885108681446,12.9042990563769,2022
26.0915674272515,13.3893893098015,2006
31.7060379529985,16.5155264985374,2011
26.0197022045219,12.1497142177165,2014
25.3369825885911,20.5399789713929,2002
25.8580054533804,15.6441606729415,2011
34.2842028184215,13.9104121745908,2011
33.8350451763618,15.5363628388471,2007
35.2094675610646,18.8960620014541,2004
30.1519525114717,19.5158995474966,2022
22.9025481686272,15.0872051967874,2003
34.3021691241039,19.6147142287498,2011
25.7681739249685,14.3685529694917,2022
24.2769705533301,11.9790343137338,2022
25.0405385448317,13.9283784802732,2011
33.9608093161385,16.865869459344,2007
25.7861402306509,16.2639982189839,2009
30.0890704415834,17.6294374508456,2011
26.2622473312342,13.8565132575436,2001
31.7240042586809,12.5809055540939,2007
27.3941245892248,20.1986191634274,2011
35.5598105218713,19.0038598355485,2005
26.576657680676,15.8867057996537,2001
28.1127768165204,9.84104393752936,2009
28.4810860830094,18.8331799315658,2011
24.411717845948,14.7278790831396,2001
36.0898165395018,21.3843953384652,2001
30.5561943893255,19.0936913639604,2013
37.9133965662644,18.2941907610941,2020
31.3107792279859,21.743721452113,2011
23.7649308413819,10.7303760688077,2002
35.2364170195882,14.3056708996034,2024
33.9967419275033,11.3142810034854,2013
28.3463387903915,15.1500872666757,2011
30.2238177342013,14.3056708996034,2011
34.4279332638807,20.0818381764919,2011
25.5795277153034,19.6506468401145,2005
25.5346119510974,19.578781617385,2006
35.272349630953,14.5571991791568,2011
30.7717900575142,14.6739801660924,2010
29.747710633618,14.6470307075688,2011
27.0168321698946,10.4968140949366,2006
30.6729753762611,18.0426624815406,2022
27.0168321698946,21.2226985873237,2014
24.8339260294842,16.2370487604604,2011
33.6643652723791,21.5640583952891,2011
34.6345457792282,16.1112846206836,2001
28.831429043816,15.302800864976,2013
36.0718502338194,14.9973736683754,2004
30.6460259177375,11.3142810034854,2011
36.6827046270207,20.3243833032042,2010
35.0028550457172,21.7077888407482,2006
33.3948706871432,15.6261943672591,2016
24.6273135141367,15.302800864976,2015
33.7452136479498,17.557572228116,2005
25.10342061472,18.1684266213173,2011
30.3136492626133,18.2313086912057,2007
24.9057912522137,19.8842088139856,2010
26.1813989556635,17.5396059224337,2010
26.4688598465817,11.8622533267983,2010
24.5464651385659,17.4318080883393,2003
25.1663026846084,14.8356769172339,2003
31.3826444507155,11.9341185495278,2022
24.9327407107373,12.8953159035357,2001
26.989882711371,21.9683002731429,2002
23.4774699504637,14.242788829715,2022
36.6647383213383,18.3211402196176,2013
28.6158333756274,18.4648706650768,2011
33.8709777877266,11.4490282961033,2011
30.6819585291023,21.7527046049542,2014
29.4871992012233,21.42032794983,2003
27.0527647812594,18.8062304730422,2022
35.0837034212879,14.9255084456458,2010
24.2590042476477,12.077848994987,2005
31.6162064245866,21.1687996702765,2018
23.8996781339999,10.7573255273313,2022
27.0168321698946,19.902175119668,2001
25.7232581607625,20.0279392594447,2001
30.717891140467,14.700929624616,2011
25.3010499772263,14.5302497206333,2010
26.7653038903411,16.2999308303487,2011
31.3377286865095,14.979407362693,2001
28.1127768165204,12.769551763759,2008
29.747710633618,20.8364230151523,2013
28.7146480568805,10.1644374398124,2001
25.9658032874748,18.1145277042702,2012
29.3973676728113,12.4820908728408,2005
29.8734747733947,21.0340523776586,2014
33.5835168968083,16.3089139831899,2001
28.3193893318679,18.2941907610941,2002
32.7660499882596,14.4044855808565,2011
35.9101534826779,19.8931919668268,2009
27.9241306068553,19.1386071281664,2005
33.2780897002077,19.7135289100029,2014
24.1242569550298,14.5571991791568,2008
26.5407250693113,9.58951565797589,2001
27.6546360216195,11.664623964292,2011
28.1487094278852,17.0904482803739,2011
28.9032942665456,12.5449729427291,2003
34.3650511939923,11.5298766716741,2004
26.3341125539638,9.64341457502306,2024
27.5468381875251,12.6258213182999,2020
30.2777166512485,19.6147142287498,2013
35.2813327837942,12.9761642791065,2001
29.1817720046227,18.2672413025705,2022
34.6525120849105,14.3595698166506,2011
32.1641787478995,17.189262961627,2011
32.1012966780111,21.6089741594951,2002
29.3614350614466,16.6053580269494,2009
31.0502677955913,21.698805687907,2022
30.8616215859262,17.8450331190343,2001
35.9730355525662,13.7936311876553,2001
34.0596239973917,13.2905746285483,2022
30.6550090705787,21.8515192862074,2015
33.3140223115725,11.1885168637086,2011
33.2960560058901,18.9858935298661,2008
35.6047262860772,16.2909476775075,2011
32.370791263247,12.724635999553,2002
24.3398526232184,13.8205806461788,2014
26.7203881261352,20.3782822202513,2011
34.2482702070568,18.0965613985878,2007
26.6305565977232,21.7167719935894,2004
29.2716035330346,18.9679272241837,2003
29.9183905376007,19.5428490060202,2001
25.4088478113207,11.57479243588,2016
35.2543833252706,12.1856468290813,2011
26.7024218204528,10.7303760688077,2000
27.4659898119544,15.5273796860059,2011
36.0359176224546,20.7645577924227,2004
31.0682341012737,14.7907611530279,2008
34.0057250803445,11.5298766716741,2001
31.0233183370677,12.4551414143172,2013
31.7689200228869,11.6376745057684,2018
32.0833303723287,12.6348044711411,2014
24.0074759680942,16.0214530922717,2011
36.4760921116732,20.8633724736759,2011
27.2414109909245,11.1166516409791,2016
31.9485830797108,16.2370487604604,2002
31.5802738132218,17.7462184377811,2020
25.4357972698443,11.8353038682747,2001
23.3786552692105,12.8773495978533,2001
25.561561409621,15.2309356422465,2001
31.3467118393507,20.8903219321995,2022
28.7326143625629,12.5629392484115,2016
29.6039801881588,10.7393592216489,2010
25.840039147698,18.4828369707592,2009
25.9388538289512,19.120640822484,2011
25.1752858374496,18.2672413025705,2011
27.8432822312846,14.197873065509,2022
36.0269344696134,21.6898225350658,2001
25.7142750079213,21.8694855918898,2022
32.3977407217705,12.2485288989697,2011
23.261874282275,14.0361763143675,2014
34.1764049843272,13.2007431001364,2005
32.7121510712124,11.9520848552102,2001
26.8820848772767,11.8263207154335,2014
22.8396660987388,13.5151534495782,2010
28.7236312097217,17.8989320360815,2001
35.0387876570819,16.2639982189839,2011
29.5500812711117,17.9168983417639,2002
23.8367960641115,14.9883905155342,2020
35.9730355525662,16.3987455116019,2002
33.1702918661133,13.1737936416128,2022
25.238167907338,11.7454723398627,2000
32.4067238746117,15.5453459916883,2011
31.2568803109388,21.5460920896067,2011
31.9306167740284,16.7760379309321,2006
34.0416576917093,15.1950030308817,2011
24.3937515402656,9.56256619945231,2011
25.9119043704276,19.5428490060202,2007
25.1663026846084,10.6944434574429,2001
25.7322413136037,10.9459717369964,2005
26.9000511829591,10.5507130119838,2002
28.1666757335676,20.6567599583284,2005
26.1813989556635,19.4350511719258,2022
33.6463989666967,19.1296239753252,2005
34.6075963207046,14.7727948473455,2020
36.6557551684971,16.5245096513786,2001
28.5260018472154,15.0153399740578,2001
31.8497683984576,17.6294374508456,2006
28.6337996813097,21.1508333645941,2011
32.5235048615473,20.638793652646,2013
34.4189501110395,11.7454723398627,2001
35.6765915088068,15.7699248127182,2005
26.208348414187,21.9054182032545,2008
29.9453399961243,17.4587575468629,2001
28.5799007642626,14.8356769172339,2024
26.298179942599,11.664623964292,2000
26.8731017244355,10.9190222784728,2008
33.4038538399844,12.1227647591929,2011
25.238167907338,12.40124249727,2011
23.8727286754763,11.4580114489445,2015
30.394497638184,14.6739801660924,2015
36.5928730986087,17.7462184377811,2022
24.5644314442483,18.4469043593944,2011
24.4476504573128,19.9111582725092,2001
23.5942509373992,14.934491598487,2011
35.1915012553823,13.6678670478785,2022
25.9119043704276,12.446158261476,2005
28.4271871659623,14.0451594672087,2011
24.2320547891241,11.8353038682747,2011
33.6463989666967,11.3861462262149,2010
26.1634326499811,18.9409777656601,2003
35.0028550457172,18.4648706650768,2002
33.2511402416841,15.4285650047528,2022
24.9956227806257,16.6772232496789,2002
36.9072834480505,17.3958754769745,2011
32.3618081104058,18.7613147088362,2003
29.2266877688286,15.2219524894053,2011
29.4602497426997,13.9822773973204,2006
25.1124037675612,10.883089667108,2013
36.9521992122565,17.557572228116,2022
25.8580054533804,20.0099729537623,2011
33.8799609405678,12.4192088029524,2002
30.1429693586305,16.5694254155846,2007
32.8199489053067,17.3779091712921,2001
25.4807130340502,21.2676143515297,2000
35.9281197883603,22.4174579152027,2006
29.6399127995236,21.5550752424479,2005
34.3650511939923,16.1831498434132,2007
31.544341201857,16.7221390138849,2002
31.86773470414,11.4580114489445,2014
26.1275000386163,14.8805926814399,2015
32.7660499882596,16.1921329962544,2006
27.9690463710613,9.49070097672274,2001
34.3021691241039,15.7250090485122,2011
30.8795878916086,15.9406047167009,2011
27.6456528687783,16.8119705422968,2009
34.6345457792282,15.302800864976,2007
31.0592509484325,16.7850210837733,2013
27.4570066591132,21.1238839060705,2006
33.3050391587313,13.9912605501615,2018
31.0682341012737,13.3804061569603,2005
26.0646179687279,15.3566997820232,2013
28.094810510838,20.3333664560454,2011
26.6934386676116,20.8903219321995,2001
35.3711643122062,13.0031137376301,2022
27.9780295239025,18.5906348048535,2022
28.0858273579968,14.2158393711914,2010
36.37727743042,14.6739801660924,2001
34.0686071502329,17.368926018451,2014
24.2140884834417,10.5507130119838,2022
30.9604362671793,19.3811522548787,2011
35.9371029412015,18.707415791789,2020
25.4627467283678,15.2578851007701,2005
32.6672353070064,15.5902617558943,2011
27.0437816284182,20.2435349276334,2018
24.2590042476477,17.2431618786742,2001
35.3352317008414,21.3933784913064,2013
28.0229452881085,16.7221390138849,2011
28.597867069945,14.8805926814399,2011
34.904040364464,19.9291245781916,2022
29.9094073847595,11.6017418944036,2013
24.7171450425486,9.9488417716237,2011
25.2202016016556,15.6261943672591,2014
27.5558213403663,14.8446600700751,2011
30.6819585291023,20.0908213293331,2014
28.7775301267689,11.1076684881379,2004
27.726501244349,13.4522713796898,2020
23.0372954612451,12.7066696938706,2001
27.3402256721776,16.2550150661427,2003
30.3136492626133,13.7307491177669,2013
32.649269001324,18.6086011105359,2011
36.422193194626,17.5036733110689,2011
32.6672353070064,14.7099127774572,2001
29.1907551574639,13.2456588643423,2011
29.1907551574639,13.1558273359304,2003
34.2303039013744,12.3024278160168,2013
30.6909416819435,15.024323126899,2003
27.2953099079717,12.9132822092181,2007
36.1347323037078,19.533865853179,2005
29.1817720046227,17.0185830576443,2013
27.6276865630959,10.8291907500608,2011
33.7362304951086,12.40124249727,2014
32.972662503607,12.356326733064,2001
22.84864925158,13.3444735455955,2022
26.4149609295345,12.8773495978533,2011
28.8134627381337,13.874479563226,2015
31.6790884944749,11.0088538068847,2020
35.595743133236,20.6298104998048,2011
32.8648646695127,13.048029501836,2003
28.6607491398333,11.5478429773564,2014
35.0028550457172,22.3006769282671,2007
24.2859537061713,16.5065433456962,2014
29.1817720046227,11.3951293790561,2002
31.7958694814105,10.4788477892542,2007
28.7415975154041,10.883089667108,2014
30.6639922234199,20.2974338446806,2011
34.0686071502329,11.6915734228156,2015
31.1400993240032,12.3203941216992,2002
23.5942509373992,13.82956379902,2001
34.6435289320694,15.5992449087355,2007
31.1400993240032,11.0358032654083,2022
31.1131498654796,10.3351173437951,2005
29.981272607489,19.5248827003378,2011
26.4059777766933,15.3656829348644,2001
31.7509537172045,15.2129693365641,2001
26.9988658642122,10.4788477892542,2022
24.4476504573128,10.7842749858549,2015
27.1695457681949,19.6865794514793,2015
27.1515794625125,13.0390463489949,2013
23.8547623697939,15.1950030308817,2011
22.938480779992,14.8446600700751,2001
33.52063482692,20.2165854691098,2011
28.9482100307516,16.4616275814902,2011
31.9395999268696,19.6326805344321,2006
30.5022954722784,20.1447202463803,2011
35.4340463820945,16.2729813718251,2011
30.6460259177375,15.0602557382638,2022
36.3682942775788,15.6261943672591,2022
23.1001775311335,10.6585108460781,2001
33.6104663553319,19.488950088973,2002
33.0085951149718,18.0067298701758,2011
24.3129031646949,14.5122834149509,2020
34.9669224343524,13.6588838950373,2011
24.1332401078709,9.93087546594131,2012
30.0082220660126,11.7724217983863,2011
33.9248767047737,13.1737936416128,2011
31.3197623808271,20.4231979844573,2010
25.3010499772263,19.8303098969384,2007
25.9029212175864,11.988017466575,2001
24.0254422737766,13.7576985762905,2018
30.2058514285189,20.5130295128693,2006
28.4271871659623,11.8622533267983,2007
36.0179513167722,15.2848345592937,2010
34.212337595692,13.9822773973204,2011
28.7685469739277,19.8662425083032,2001
35.2094675610646,16.08433516216,2016
35.4879452991417,19.1386071281664,2005
34.6884446962753,15.1231378081521,2010
28.552951305739,15.0782220439462,2013
33.1972413246369,12.2934446631757,2011
25.7951233834921,21.8066035220014,2011
32.8109657524655,20.9532040020878,2011
31.8497683984576,18.5457190406475,2002
34.535731097975,17.1623135031035,2022
35.2454001724294,13.1917599472952,2022
25.606477173827,16.6862064025201,2011
28.7056649040393,15.024323126899,2015
26.8192028073883,14.7907611530279,2011
30.6639922234199,15.1231378081521,2024
34.3470848883099,12.8683664450121,2006
32.4336733331353,20.8993050850407,2011
33.888944093409,19.2464049622607,2005
33.8799609405678,20.8184567094699,2005
29.6668622580472,17.0545156690091,2000
29.8285590091887,21.2676143515297,2024
32.4785890973413,13.0570126546772,2011
29.3883845199701,21.7527046049542,2010
24.5644314442483,13.82956379902,2005
34.1314892201212,17.5126564639101,2011
30.762806904673,21.1238839060705,2011
36.6467720156559,16.4436612758078,2020
33.8080957178382,12.5629392484115,2000
25.3639320471147,20.1716697049039,2011
31.7240042586809,20.59387788844,2022
36.1257491508666,18.797247320201,2009
31.5623075075394,13.3804061569603,2001
34.7782762246873,18.8870788486129,2003
25.0764711561964,12.0419163836222,2012
29.8914410790771,15.347716629182,2005
34.1943712900096,16.1651835377308,2001
34.9309898229876,20.8543893208347,2001
35.2992990894766,16.2729813718251,2022
24.088324343665,18.6265674162183,2005
35.7843893429011,13.6678670478785,2008
25.1303700732436,20.180652857745,2011
29.4422834370173,18.9679272241837,2013
25.3100331300675,15.4644976161176,2000
23.216958518069,13.2636251700247,2002
24.5105325272011,16.0034867865893,2012
33.2691065473665,14.2517719825562,2001
25.516645645415,12.40124249727,2009
27.1066636983066,14.1799067598266,2010
28.0588778994733,19.5877647702262,2014
31.9755325382344,14.0631257728911,2013
23.0822112254511,11.341230462009,2003
33.6913147309027,13.3354903927543,2011
34.6435289320694,11.1436010995027,2011
28.876344808022,18.2582581497293,2022
33.6823315780615,20.7645577924227,2006
28.4541366244858,13.7217659649257,2011
23.67509931297,9.23917269716928,2007
30.3136492626133,17.6294374508456,2022
34.0686071502329,18.6625000275831,2004
32.325875499041,12.6617539296647,2006
26.1454663442987,11.5208935188329,2005
27.2414109909245,14.0182100086851,2004
28.9482100307516,20.1986191634274,2011
29.4422834370173,14.3595698166506,2015
32.2540102763114,17.4497743940217,2015
32.7660499882596,18.1235108571113,2011
33.5386011326023,16.3987455116019,2011
29.289569838717,13.2456588643423,2001
34.6075963207046,18.5008032764415,2011
27.6187034102547,18.7882641673598,2022
24.4296841516304,17.1982461144682,2022
33.4487696041904,16.6412906383141,2001
25.1393532260848,13.6768502007197,2001
27.9959958295849,18.9769103770249,2004
33.9518261632973,11.6017418944036,2022
27.4390403534308,11.1885168637086,2001
33.062494032019,16.6951895553613,2011
33.9069103990913,16.174166690572,2001
29.5770307296352,13.7756648819729,2006
25.4807130340502,16.2011161490956,2022
30.0890704415834,18.707415791789,2002
26.4688598465817,18.752331555995,2009
35.0387876570819,11.7814049512275,2001
29.1278730875755,21.2765975043709,2010
28.9751594892752,10.6225782347133,2022
30.7538237518318,16.9377346820736,2011
25.8310559948568,18.0516456343818,2011
27.4300572005896,13.5421029081018,2001
26.343095706805,20.9082882378819,2011
30.9694194200205,14.8716095285987,2013
29.289569838717,17.3060439485626,2006
33.9158935519325,19.3811522548787,2020
24.9237575578961,14.65601386041,2001
26.0556348158867,17.3599428656098,2011
35.0567539627643,15.9226384110185,2011
31.4904422848098,16.9736672934384,2010
25.2022352959732,20.5399789713929,2013
36.053883928137,17.8899488832403,2008
32.6313026956416,13.5690523666254,2013
33.2241907831605,19.4260680190847,2008
25.2741005187027,16.2999308303487,2003
31.7868863285693,16.6323074854729,2006
29.7656769393003,15.7878911184006,2010
38.2727226799122,18.1414771627937,2002
28.6427828341509,16.4436612758078,2011
33.9877587746621,16.587391721267,2022
31.5982401189042,20.2794675389982,2000
36.9432160594153,17.3150271014038,2001
37.2935590202219,18.0246961758582,2001
27.8432822312846,21.3394795742592,2001
29.1727888517815,16.7221390138849,2002
28.6337996813097,16.7311221667261,2011
30.9873857257029,10.6944434574429,2001
35.9011703298367,15.0422894325814,2011
30.5292449308019,15.7699248127182,2005
24.5913809027719,10.8471570557432,2013
25.9837695931572,18.6086011105359,2001
35.8472714127895,20.8184567094699,2010
36.835418225321,17.4946901582277,2002
26.5676745278348,13.2726083228659,2006
29.2626203801934,12.2575120518109,2004
33.4487696041904,12.9671811262653,2011
30.7358574461494,13.2456588643423,2013
35.5598105218713,17.2970607957214,2011
24.2949368590125,13.0570126546772,2008
24.9776564749433,13.4882039910546,2022
31.634172730269,12.1227647591929,2011
25.5525782567798,14.7458453888219,2005
25.0046059334669,19.8033604384149,2015
33.8260620235206,11.8353038682747,2014
36.8084687667974,19.7674278270501,2005
26.9539501000062,20.9172713907231,2001
33.7452136479498,19.4799669361318,2022
35.6137094389184,22.4264410680439,2011
28.9571931835928,13.4343050740074,2010
24.0793411908238,9.50866728240513,2011
35.8472714127895,15.2489019479289,2020
27.7354843971902,16.3358634417135,2010
25.1124037675612,18.0336793286994,2011
32.6582521541652,16.2550150661427,2002
34.7782762246873,19.7494615213677,2022
30.9424699614969,20.6926925696932,2001
36.1616817622313,15.8777226468125,2001
34.0686071502329,18.9858935298661,2009
31.9485830797108,14.5212665677921,2015
34.5896300150222,13.6768502007197,2010
26.6036071391996,9.70629664491143,2011
29.9273736904419,16.1472172320484,2001
23.5134025618285,15.069238891105,2010
25.6963087022389,18.5187695821239,2003
35.2094675610646,12.7875180694414,2006
26.1903821085047,10.559696164825,2013
26.8461522659119,18.0516456343818,2008
34.8860740587816,16.2819645246663,2001
24.5374819857247,13.964311091638,2007
26.253264178393,15.5902617558943,2022
31.9395999268696,18.6984326389478,2011
28.2205746506148,20.4411642901397,2011
36.1796480679137,14.934491598487,2011
26.208348414187,18.2313086912057,2006
27.6815854801431,12.7066696938706,2011
33.9338598576149,13.3804061569603,2013
24.1242569550298,9.89494285457653,2011
29.6758454108884,19.4350511719258,2011
35.3801474650474,12.5000571785231,2011
29.6668622580472,11.8263207154335,2011
35.2094675610646,17.8989320360815,2011
27.7624338557138,20.1537033992215,2022
23.5403520203521,13.9463447859556,2022
34.993871892876,21.743721452113,2014
35.4699789934593,17.7102858264164,2013
32.236043970629,20.6208273469636,2001
24.4296841516304,9.50866728240513,2004
30.6909416819435,19.8842088139856,2002
26.3700451653286,16.6862064025201,2004
31.2389140052564,17.2970607957214,2007
33.8709777877266,14.9434747513282,2015
22.5432220549794,13.874479563226,2015
28.8134627381337,14.6290644018864,2001
27.9151474540141,14.1888899126678,2013
37.0959296577156,20.2525180804746,2011
29.7387274807768,12.7426023052354,2010
37.0959296577156,17.5935048394808,2006
30.6550090705787,11.4580114489445,2002
33.3679212286196,16.91078522355,2020
26.8731017244355,11.4310619904209,2014
36.3323616662141,21.8245698276838,2011
35.7394735786952,16.3089139831899,2013
35.5598105218713,15.0333062797402,2008
26.9629332528474,10.1554542869712,2022
28.1127768165204,19.0308092940721,2013
32.9906288092894,16.4795938871726,2011
34.6165794735458,14.4404181922213,2010
28.2026083449324,12.0958153006694,2014
34.5267479451338,13.6678670478785,2001
31.8767178569812,16.1023014678424,2022
27.0078490170534,19.5428490060202,2011
26.1095337329339,20.9352376964054,2002
25.0046059334669,15.3117840178172,2001
29.5141486597469,13.2456588643423,2007
29.3165192972406,12.9761642791065,2009
36.008968163931,18.9050451542953,2001
36.1706649150725,14.5212665677921,2005
32.1012966780111,17.2970607957214,2022
27.9510800653789,15.1590704195169,2003
25.2741005187027,20.6567599583284,2000
25.8220728420156,18.1863929269997,2014
26.6395397505644,11.2424157807558,2011
28.6517659869921,16.08433516216,2001
22.8666155572624,11.9970006194162,2001
36.7096540855443,16.6233243326317,2016
34.9130235173052,11.9700511608926,2001
35.7035409673304,21.6718562293835,2022
31.9216336211872,19.0487755997545,2010
26.7653038903411,10.3979994136835,2011
31.8946841626636,21.2855806572121,2001
35.7574398843776,14.3775361223329,2002
22.7947503345329,14.566182331998,2011
36.1976143735961,15.5183965331647,2010
29.244654074511,11.7544554927039,2007
28.9392268779104,11.0897021824555,2022
25.6334266323505,17.7911342019871,2011
35.4340463820945,22.2557611640611,2011
36.0628670809782,15.6531438257827,2004
32.5953700842768,13.7127828120845,2001
24.2140884834417,17.925881494605,2010
28.1936251920912,20.1087876350155,2011
28.597867069945,15.4105986990704,2010
32.972662503607,13.6768502007197,2001
28.5888839171038,17.7821510491459,2004
22.6779693475973,12.8324338336474,2008
32.6313026956416,17.0994314332151,2001
24.8878249465313,12.0958153006694,2007
33.4397864513492,11.7364891870215,2010
28.9931257949576,11.9341185495278,2001
25.1303700732436,20.4681137486633,2024
23.7469645356996,9.32002107274003,2005
26.8102196545471,10.101555369924,2020
24.1512064135533,19.3272533378315,2011
35.4520126877769,22.5791546663442,2022
29.2985529915582,14.0990583842559,2010
30.4034807910252,11.2603820864382,2001
34.8321751417345,16.9018020707088,2008
33.2870728530489,16.1831498434132,2011
31.4904422848098,14.6470307075688,2009
27.7444675500314,10.5776624705074,2014
26.7563207375,17.0185830576443,2011
27.2773436022893,14.0002437030027,2001
29.244654074511,12.3742930387464,2000
29.7746600921415,19.9740403423976,2016
27.816332772761,14.9704242098518,2011
30.116019900107,13.7397322706081,2022
33.5565674382847,18.1774097741585,2018
28.5170186943742,18.0336793286994,2002
28.1666757335676,18.0426624815406,2009
31.4365433677627,21.9683002731429,2006
35.8023556485835,15.7519585070358,2010
33.7901294121558,19.4081017134023,2015
28.7236312097217,10.604611929031,2010
28.8493953494984,17.7102858264164,2001
29.7387274807768,18.6804663332654,2011
25.7232581607625,20.8543893208347,2014
24.411717845948,18.7882641673598,2004
30.7358574461494,19.5967479230674,2011
31.86773470414,21.5191426310831,2007
31.8946841626636,15.437548157594,2001
33.8170788706794,10.5237635534602,2004
24.7890102652782,15.4105986990704,2001
31.1400993240032,17.4677406997041,2012
32.0294314552815,17.7821510491459,2005
31.4904422848098,15.437548157594,2011
27.7175180915078,14.5931317905216,2011
29.5770307296352,20.6926925696932,2006
34.7692930718461,17.8989320360815,2013
32.6133363899592,16.8928189178676,2013
25.561561409621,18.0785950929054,2003
25.0764711561964,11.4310619904209,2022
30.6370427648963,19.3811522548787,2011
25.8220728420156,13.0839621132008,2022
29.2266877688286,14.0810920785735,2014
26.3790283181698,18.4828369707592,2009
37.0689801991921,17.3958754769745,2011
24.5464651385659,12.4910740256819,2001
25.9927527459984,16.3897623587607,2004
28.4182040131211,9.7601955619586,2008
23.7110319243348,15.3746660877056,2001
29.01109210064,21.6898225350658,2005
28.2924398733443,14.0541426200499,2007
32.8468983638303,17.6294374508456,2014
35.7035409673304,15.5453459916883,2001
33.430803298508,19.3362364906727,2011
31.3556949921919,10.2093532040184,2002
22.6689861947561,12.8324338336474,2014
27.9420969125377,20.7106588753756,2005
29.8105927035063,14.5212665677921,2001
25.2022352959732,13.5331197552606,2002
28.3104061790267,9.92189231310011,2010
32.1911282064231,18.3660559838236,2011
30.7538237518318,21.465243714036,2013
27.034798475577,9.71527979775262,2013
33.2062244774781,19.2014891980548,2008
35.2454001724294,15.6172112144179,2002
24.3308694703772,12.2125962876049,2002
32.739100529736,17.8540162718755,2006
32.3618081104058,17.1982461144682,2010
24.3129031646949,11.2424157807558,2011
36.1167659980254,18.5547021934887,2005
27.2953099079717,13.1737936416128,2001
27.7534507028726,12.1227647591929,2000
24.2500210948065,9.21222323864569,2010
27.4659898119544,12.2036131347637,2002
33.8709777877266,14.3416035109682,2005
37.113895963398,18.6894494861066,2004
32.9546961979246,19.7764109798913,2011
30.3046661097721,18.0336793286994,2022
26.8910680301179,21.6089741594951,2001
36.1616817622313,19.4081017134023,2002
29.747710633618,19.0577587525956,2009
32.0653640666463,14.8536432229163,2011
23.7918802999055,13.461254532531,2024
31.4634928262862,13.9104121745908,2022
25.5525782567798,21.5371089367655,2004
31.4455265206039,20.0009898009211,2011
25.2112184488144,21.8784687447309,2011
37.7247503565993,18.1953760798409,2014
30.8346721274026,13.1198947245656,2004
36.1257491508666,18.428938053712,2001
24.5195156800423,18.6445337219007,2002
24.1781558720769,9.82307763184697,2011
24.1152738021886,16.3358634417135,2022
24.7261281953898,10.2991847324303,2003
26.944966947165,14.0900752314147,2001
27.8792148426494,13.9283784802732,2001
31.131116171162,10.8112244443784,2013
34.0236913860269,15.1321209609933,2001
25.8759717590628,21.6179573123363,2000
36.9971149764625,19.7314952156853,2006
28.4271871659623,12.5359897898879,2001
35.9191366355191,17.0006167519619,2022
34.6435289320694,18.9948766827073,2011
22.5791546663442,13.1917599472952,2022
29.0649910176871,13.4073556154839,2002
24.8069765709606,12.032933230781,2008
23.953577051047,14.8356769172339,2010
28.1037936636792,22.0042328845077,2014
24.6003640556131,17.5036733110689,2011
30.1519525114717,19.7314952156853,2018
25.1663026846084,12.6617539296647,2001
38.2008574571827,18.1324940099525,2012
25.3459657414323,16.3987455116019,2013
26.2622473312342,20.0099729537623,2001
34.904040364464,15.0333062797402,2002
28.5799007642626,15.3566997820232,2009
31.6611221887925,16.2460319133015,2011
28.3822714017563,11.8622533267983,2000
26.253264178393,14.3236372052858,2001
24.8339260294842,13.0210800433125,2014
23.1450932953395,13.6139681308313,2011
26.0915674272515,11.9071690910043,2011
26.9539501000062,15.5094133803235,2010
36.4850752645144,22.2557611640611,2005
34.5896300150222,19.5428490060202,2022
23.6840824658112,11.619708200086,2001
34.12250606728,18.752331555995,2013
26.2352978727106,12.9671811262653,2003
31.3107792279859,13.092945266042,2009
28.0768442051556,18.060628787223,2011
34.0236913860269,16.4167118172843,2010
35.0747202684467,14.6739801660924,2001
30.9245036558145,16.4795938871726,2013
25.6603760908741,10.5057972477778,2011
27.2144615324009,15.9585710223833,2009
37.1857611861276,17.1982461144682,2008
34.4458995695631,21.3664290327828,2022
28.7865132796101,12.0149669250986,2010
34.580646862181,18.7613147088362,2016
23.2349248237514,11.2603820864382,2020
24.8518923351666,19.7135289100029,2013
29.3255024500818,11.7544554927039,2002
31.8407852456164,18.3301233724588,2015
32.7211342240536,20.6747262640108,2013
35.272349630953,13.5870186723078,2020
27.2054783795597,15.2758514064525,2006
33.6733484252203,19.8213267440972,2009
27.3941245892248,18.3480896781412,2010
24.8518923351666,17.5665553809572,2014
33.4487696041904,13.5870186723078,2007
27.0078490170534,15.6351775201003,2024
29.5051655069057,15.6441606729415,2024
32.6223195428004,12.7336191523942,2011
34.4279332638807,15.1231378081521,2022
27.6995517858254,14.0810920785735,2014
27.2593772966069,21.7077888407482,2004
35.0926865741291,21.3933784913064,2022
35.8652377184719,22.5791546663442,2020
31.0772172541148,13.9553279387968,2004
28.4002377074387,18.707415791789,2001
32.739100529736,17.7731678963047,2001
29.7566937864592,11.7005565756568,2001
34.6525120849105,16.6323074854729,2022
26.253264178393,14.1349909956207,2022
31.4275602149215,15.6441606729415,2022
27.4570066591132,15.9495878695421,2001
31.2119645467328,11.0627527239319,2001
27.2593772966069,17.4946901582277,2001
36.6737214741795,22.067114954396,2011
35.1106528798115,12.3024278160168,2016
28.8134627381337,19.2464049622607,2022
35.7035409673304,18.105544551429,2013
32.8738478223539,19.1565734338488,2013
27.4210740477484,18.5008032764415,2011
25.0495216976729,13.1917599472952,2011
23.3696721163694,14.5482160263157,2011
30.2507671927249,13.964311091638,2013
25.3998646584795,17.9168983417639,2001
26.0107190516807,15.8687394939713,2001
26.9359837943239,10.2632521210655,2011
32.2180776649466,21.0610018361822,2006
26.4059777766933,16.4256949701255,2013
24.1601895663945,16.2011161490956,2010
33.3948706871432,19.0308092940721,2009
30.3226324154544,18.428938053712,2024
28.3014230261855,13.8924458689084,2000
24.7171450425486,15.5812786030531,2001
28.1756588864088,13.2546420171835,2002
33.2331739360017,18.5547021934887,2011
26.9719164056886,14.8536432229163,2001
29.289569838717,10.4968140949366,2007
28.5260018472154,21.6179573123363,2006
32.2989260405174,18.6535168747419,2002
23.67509931297,14.3865192751741,2001
32.002481996758,21.3843953384652,2022
23.4505204919401,15.4644976161176,2002
26.989882711371,11.664623964292,2013
30.807722668879,11.1975000165498,2013
24.366802081742,19.6416636872733,2011
29.6938117165708,19.9740403423976,2009
23.5673014788756,10.4968140949366,2010
33.8170788706794,13.8834627160672,2006
30.2597503455661,12.769551763759,2011
33.8799609405678,21.2855806572121,2011
33.475719062714,16.4795938871726,2010
31.8767178569812,11.6107250472448,2008
25.4447804226854,15.4105986990704,2022
37.7337335094405,18.2043592326821,2001
24.6273135141367,19.4620006304494,2022
33.4936853683964,10.6405445403957,2009
30.0800872887422,18.384022289506,2009
28.4990523886918,21.052018683341,2022
23.5493351731933,8.83493081931549,2022
37.0689801991921,17.4407912411805,2011
37.3654242429515,18.6535168747419,2006
25.10342061472,20.1716697049039,2011
29.0919404762107,11.7814049512275,2013
36.9072834480505,18.7433484031538,2013
35.1825181025411,21.2676143515297,2011
28.4092208602799,21.6808393822247,2011
33.4577527570316,13.1648104887716,2022
26.3251294011226,21.7616877577954,2010
26.7832701960235,20.0279392594447,2022
26.7653038903411,11.5298766716741,2011
24.8159597238018,11.341230462009,2011
29.6219464938412,18.8691125429305,2001
34.6165794735458,11.0268201125671,2011
26.576657680676,12.814467527965,2000
29.6399127995236,14.4853339564273,2001
26.9359837943239,15.024323126899,2007
30.1250030529482,10.9908875012023,2001
25.3279994357499,11.2244494750734,2011
28.8044795852925,14.6380475547276,2011
30.5831438478491,16.2460319133015,2006
36.2155806792785,16.497560192855,2006
23.720015077176,11.0627527239319,2011
26.5676745278348,14.0810920785735,2011
25.974786440316,13.092945266042,2022
33.107409796225,13.8385469518612,2014
35.6586252031244,15.9765373280657,2004
23.9445938982058,14.7458453888219,2011
23.1989922123866,12.9671811262653,2001
25.5435951039386,19.0847082111192,2006
32.8648646695127,16.0484025507953,2001
24.0703580379826,16.955700987756,2016
29.5500812711117,20.0099729537623,2003
35.8742208713131,16.3089139831899,2001
34.9759055871936,13.9104121745908,2005
34.1494555258036,12.032933230781,2007
36.5928730986087,17.8180836605107,2011
29.3255024500818,13.6768502007197,2012
35.0028550457172,14.6739801660924,2022
24.2320547891241,17.5755385337984,2002
24.7081618897074,17.2251955729918,2002
25.0495216976729,20.2525180804746,2001
31.4185770620803,17.234178725833,2001
26.4239440823757,11.4849609074681,2011
32.4785890973413,18.9319946128189,2022
24.7261281953898,19.6147142287498,2014
25.6154603266682,17.368926018451,2001
36.8713508366858,16.2999308303487,2002
27.3671751307012,10.6225782347133,2000
25.0135890863081,18.2223255383645,2002
34.1045397615976,11.1975000165498,2022
31.6880716473161,14.6200812490452,2011
29.4422834370173,20.5759115827576,2011
32.3168923461998,10.9459717369964,2011
29.8375421620299,12.9132822092181,2024
35.8293051071071,19.0847082111192,2011
29.4871992012233,17.3060439485626,2022
27.7175180915078,20.7645577924227,2010
23.9625602038882,15.5094133803235,2010
35.5238779105065,22.3186432339495,2013
30.717891140467,16.7041727082025,2011
32.1911282064231,20.0459055651271,2010
28.6607491398333,21.7616877577954,2004
36.3682942775788,19.6416636872733,2022
31.5623075075394,11.0807190296143,2001
34.3381017354687,16.9018020707088,2022
35.1645517968587,20.8633724736759,2003
34.0236913860269,13.7936311876553,2001
34.8142088360521,17.8540162718755,2013
29.2266877688286,11.7005565756568,2001
34.12250606728,16.8479031536616,2001
25.3639320471147,19.6057310759086,2020
31.4904422848098,13.0300631961537,2009
32.0563809138051,19.075725058278,2022
26.8461522659119,19.8303098969384,2011
25.5346119510974,13.7037996592433,2001
27.124630003989,17.970797258811,2022
28.18464203925,10.97292119552,2014
36.5569404872439,16.9197683763912,2011
27.5917539517311,20.0279392594447,2011
25.0046059334669,12.0149669250986,2022
35.362181159365,17.7102858264164,2011
31.0592509484325,19.7764109798913,2011
33.8799609405678,16.0573857036364,2011
29.4243171313349,14.4763508035861,2011
22.6689861947561,13.9283784802732,2011
34.0147082331857,14.3146540524446,2002
23.6481498544464,11.0627527239319,2005
34.0506408445505,20.4770969015045,2010
31.6162064245866,18.2762244554117,2007
36.3503279718964,18.8780956957717,2006
25.6513929380329,21.7527046049542,2022
32.0653640666463,13.5151534495782,2011
26.7024218204528,20.3782822202513,2011
29.5680475767941,18.4469043593944,2001
34.212337595692,21.4742268668772,2013
22.6240704305502,12.5359897898879,2011
34.5896300150222,13.5690523666254,2022
36.6737214741795,19.2643712679431,2011
25.6603760908741,21.8605024390486,2001
29.7387274807768,12.7156528467118,2001
25.7412244664449,15.069238891105,2011
28.7954964324513,10.3261341909539,2006
26.3790283181698,13.4253219211662,2001
31.0682341012737,21.5191426310831,2011
29.6668622580472,14.1349909956207,2022
27.034798475577,14.2697382882386,2005
26.5676745278348,15.1590704195169,2010
28.1576925807264,18.8870788486129,2013
29.6309296466824,20.8454061679935,2004
23.9625602038882,11.7005565756568,2001
33.430803298508,10.6585108460781,2004
25.0944374618788,15.347716629182,2007
24.1512064135533,15.6711101314651,2001
31.2928129223035,18.8780956957717,2006
33.7272473422674,21.1957491288001,2022
33.5655505911259,20.0369224122859,2001
23.3606889635282,15.5183965331647,2011
30.8795878916086,18.9140283071365,2011
24.5823977499307,12.5090403313643,2000
34.6525120849105,18.5816516520123,2013
29.9004242319183,17.234178725833,2022
34.6525120849105,14.934491598487,2014
36.467108958832,16.3178971360311,2010
29.4692328955409,17.7821510491459,2006
30.8975541972909,14.5212665677921,2011
36.2874459020081,19.210472350896,2022
32.9007972808775,12.3922593444288,2010
28.9841426421164,11.1705505580262,2001
28.1666757335676,11.2244494750734,2004
35.685574661648,15.1051715024698,2013
23.4595036447813,11.8532701739571,2011
25.2741005187027,13.0659958075184,2011
33.8350451763618,15.5722954502119,2001
24.1152738021886,11.1166516409791,2011
28.5709176114214,17.970797258811,2005
36.6377888628147,20.5579452770752,2006
31.2389140052564,16.0573857036364,2011
34.7423436133225,20.4142148316161,2022
31.4904422848098,15.302800864976,2007
26.0107190516807,14.6919464717748,2016
34.4369164167219,13.048029501836,2011
36.143715456549,13.1198947245656,2005
26.4059777766933,13.2636251700247,2014
30.5741606950079,20.225568621951,2001
28.1037936636792,13.4163387683251,2011
35.5598105218713,16.2370487604604,2000
33.2062244774781,18.2762244554117,2013
24.3308694703772,12.8863327506945,2010
31.0502677955913,20.3692990674102,2002
27.8073496199198,13.9912605501615,2004
36.9072834480505,18.2672413025705,2007
29.334485602923,9.92189231310011,2007
35.5598105218713,20.5040463600281,2001
33.7721631064734,14.4404181922213,2004
31.7060379529985,18.1235108571113,2001
25.0854543090376,21.9593171203017,2014
29.3165192972406,13.551086060943,2004
34.7782762246873,14.5482160263157,2013
25.8310559948568,15.6351775201003,2005
32.3977407217705,12.5539560955703,2011
33.9967419275033,19.902175119668,2006
27.2054783795597,19.5877647702262,2011
24.869858640849,10.5327467063014,2004
34.4728490280866,17.7911342019871,2010
30.4034807910252,10.1285048284476,2008
28.3373556375503,17.9618141059698,2011
25.0225722391493,17.0634988218503,2011
25.6424097851917,13.5241366024194,2011
30.5292449308019,21.8066035220014,2022
28.3104061790267,14.5302497206333,2009
24.1781558720769,19.857259355462,2010
25.3369825885911,18.2762244554117,2013
32.6402858484828,19.1925060452136,2011
23.5223857146697,11.8622533267983,2013
25.5346119510974,17.4857070053865,2001
33.0445277263366,18.9230114599777,2001
33.7901294121558,21.0699849890234,2001
33.8530114820442,18.1145277042702,2009
29.7836432449827,15.2578851007701,2009
25.2022352959732,12.2395457461285,2002
32.2989260405174,12.5090403313643,2011
35.5238779105065,17.3329934070862,2009
32.1282461365347,17.8989320360815,2001
24.4386673044716,12.5719224012527,2011
28.6337996813097,21.3394795742592,2011
28.2654904148207,16.3268802888723,2011
24.6722292783427,11.8981859381631,2004
34.535731097975,17.1353640445799,2005
34.9399729758288,22.4174579152027,2002
30.8706047387674,13.3354903927543,2011
30.2148345813601,19.5069163946554,2010
26.343095706805,11.9790343137338,2009
29.6309296466824,18.0067298701758,2014
22.3366095396319,13.2546420171835,2011
28.3283724847091,12.5359897898879,2001
24.9507070164197,14.1170246899383,2022
31.2838297694623,16.5694254155846,2005
30.2777166512485,14.8446600700751,2010
30.3046661097721,14.700929624616,2022
27.7444675500314,13.6049849779902,2013
27.1066636983066,17.4497743940217,2010
32.649269001324,13.1019284188832,2014
30.4753460137548,10.5866456233486,2014
25.3010499772263,19.210472350896,2010
30.6819585291023,9.85901024321175,2001
26.1544494971399,11.4400451432621,2005
35.8921871769955,15.9316215638597,2016
26.1185168857751,19.533865853179,2011
35.4250632292533,19.4620006304494,2013
24.2679874004889,18.6445337219007,2001
30.8616215859262,19.1296239753252,2011
33.1972413246369,13.2456588643423,2010
36.9971149764625,20.3243833032042,2006
36.5299910287203,20.4231979844573,2001
26.2263147198694,12.4641245671584,2006
28.0049789824261,15.2578851007701,2022
29.3614350614466,15.1500872666757,2010
34.7692930718461,14.8266937643927,2011
32.3168923461998,20.8903219321995,2013
23.3247563521634,14.2068562183502,2011
25.8939380647452,16.2460319133015,2013
24.9057912522137,16.5963748741082,2011
29.2716035330346,20.8184567094699,2011
24.3039200118537,13.506170296737,2011
27.2144615324009,11.9970006194162,2005
27.2773436022893,10.1374879812888,2011
26.944966947165,17.1263808917387,2001
23.0462786140863,12.0598826893046,2022
29.3524519086054,19.9830234952388,2013
34.9669224343524,16.7760379309321,2006
34.6704783905929,17.8719825775579,2002
34.5267479451338,21.3215132685768,2010
28.1576925807264,20.9532040020878,2001
30.2956829569309,19.1386071281664,2022
27.1066636983066,13.7127828120845,2005
31.3287455336683,19.8303098969384,2010
31.7329874115221,19.7764109798913,2001
36.2694795963257,18.1235108571113,2020
32.1821450535819,13.6139681308313,2011
36.7006709327031,19.5428490060202,2007
33.0804603377014,13.0659958075184,2003
31.1939982410504,21.1149007532294,2013
31.7329874115221,20.6657431111696,2011
22.8216997930564,11.9790343137338,2022
27.8522653841258,10.3171510381127,2001
33.7002978837439,10.604611929031,2006
30.1878851228365,17.7911342019871,2000
32.1731619007407,15.7429753541946,2013
29.5860138824764,19.7314952156853,2010
31.9485830797108,12.1407310648753,2001
30.0980535944246,16.9018020707088,2011
28.3463387903915,10.469864636413,2006
29.2626203801934,10.8022412915372,2003
28.9122774193868,17.692319520734,2011
27.3042930608129,18.3301233724588,2001
27.2773436022893,11.2334326279146,2003
36.2245638321197,13.596001825149,2011
35.7035409673304,22.6240704305501,2001
30.9604362671793,11.3142810034854,2011
31.7060379529985,16.2999308303487,2003
29.1009236290519,21.1508333645941,2003
26.8731017244355,19.1386071281664,2018
35.8742208713131,17.5216396167513,2005
28.6876985983569,19.2374218094196,2004
25.1213869204024,14.7907611530279,2006
31.822818939934,12.1407310648753,2006
28.6787154455157,14.8536432229163,2002
25.4357972698443,15.7250090485122,2011
30.2956829569309,11.664623964292,2002
29.5500812711117,11.8532701739571,2011
34.5536974036574,22.201862247014,2020
27.2144615324009,17.8540162718755,2005
24.8878249465313,9.96680807730609,2001
27.1156468511478,19.3631859491963,2011
33.475719062714,16.129250926366,2003
30.7717900575142,15.3836492405468,2002
36.3143953605317,18.6894494861066,2011
24.3129031646949,9.60748196365828,2010
37.0779633520333,20.4770969015045,2003
24.0973074965062,19.6596299929557,2011
35.2992990894766,18.9499609185013,2010
26.5317419164701,13.5600692137842,2011
34.6614952377517,16.5694254155846,2011
29.3883845199701,21.2676143515297,2013
27.079714239783,18.2941907610941,2009
24.8608754880078,17.5126564639101,2002
35.1106528798115,12.3653098859052,2012
29.8555084677123,13.82956379902,2013
27.2234446852421,16.2639982189839,2003
30.5741606950079,12.6437876239823,2010
29.3434687557642,22.0042328845077,2011
32.9636793507658,16.9377346820736,2005
30.071104135901,13.7217659649257,2013
30.6011101535315,11.5478429773564,2007
26.1634326499811,16.1472172320484,2003
33.0265614206542,18.7882641673598,2022
32.9457130450835,18.0516456343818,2001
33.1163929490662,18.473853817918,2001
32.2001113592643,16.6143411797906,2007
26.6395397505644,16.9467178349148,2002
25.840039147698,14.6470307075688,2015
36.1257491508666,20.1087876350155,2011
34.12250606728,9.96680807730609,2000
30.762806904673,12.1497142177165,2007
25.7322413136037,19.9291245781916,2009
33.4936853683964,12.3024278160168,2022
32.8289320581479,15.8148405769242,2011
31.822818939934,12.2125962876049,2022
27.2234446852421,15.5902617558943,2022
32.3528249575646,12.6887033881882,2007
25.840039147698,19.1475902810076,2018
35.3442148536826,15.1051715024698,2011
36.2425301378021,19.5518321588614,2022
35.1555686440175,21.743721452113,2020
30.0172052188538,20.3064169975218,2005
32.5504543200709,19.0308092940721,2004
32.002481996758,13.1198947245656,2010
25.4447804226854,19.9291245781916,2002
28.9751594892752,14.4763508035861,2011
23.8906949811587,15.4016155462292,2018
32.4696059445001,15.5543291445295,2020
33.754196800791,11.0537695710907,2001
34.7692930718461,14.8716095285987,2022
35.3442148536826,19.0577587525956,2014
37.8594976492172,18.3930054423472,2013
30.4573797080724,15.0512725854226,2011
26.5407250693113,15.2399187950877,2003
24.0703580379826,17.3150271014038,2009
24.2590042476477,9.15832432159852,2013
34.580646862181,19.9201414253504,2003
24.9776564749433,18.4109717480296,2013
28.3104061790267,18.9769103770249,2011
36.2964290548493,15.8328068826066,2024
24.8878249465313,9.97579123014729,2013
26.4508935408993,13.4702376853722,2010
24.2769705533301,9.86799339605294,2000
25.3279994357499,11.296314697803,2001
30.7268742933082,21.5191426310831,2004
33.0535108791778,19.4709837832906,2001
25.7232581607625,11.7364891870215,2012
24.3398526232184,11.6466576586096,2010
23.998492815253,12.1227647591929,2005
30.1250030529482,20.8184567094699,2022
30.6280596120551,11.7454723398627,2001
34.9759055871936,12.6168381654587,2010
27.0976805454654,13.4343050740074,2010
31.0682341012737,10.6315613875545,2011
34.7064110019577,13.2366757115011,2007
25.0405385448317,13.1019284188832,2010
29.379401367129,13.1558273359304,2001
26.5946239863584,13.4073556154839,2024
30.026188371695,12.1766636762401,2013
27.4570066591132,14.2517719825562,2001
29.2805866858758,21.1238839060705,2013
31.2838297694623,17.6114711451632,2011
25.3010499772263,19.8842088139856,2014
25.193252143132,13.0210800433125,2001
24.6632461255015,18.8780956957717,2011
29.244654074511,16.4795938871726,2009
27.8881979954905,13.551086060943,2022
33.5296179797611,12.8683664450121,2001
30.8795878916086,13.9104121745908,2007
34.0596239973917,12.032933230781,2004
29.4871992012233,13.9463447859556,2011
37.0599970463509,19.7404783685265,2011
28.4451534716447,15.8417900354478,2007
26.7203881261352,11.4490282961033,2009
34.6884446962753,13.8385469518612,2001
33.799112564997,13.3804061569603,2006
34.7513267661637,21.0340523776586,2014
33.9069103990913,20.1267539406979,2022
34.212337595692,12.0149669250986,2014
31.4814591319686,15.7339922013534,2009
35.6047262860772,16.9377346820736,2001
36.467108958832,15.2129693365641,2001
33.4218201456668,19.0936913639604,2014
24.456633610154,18.6086011105359,2014
34.7603099190049,16.0573857036364,2022
25.0315553919905,12.8863327506945,2001
34.5536974036574,22.1479633299668,2013
28.0588778994733,9.65239772786426,2001
30.4304302495488,15.2129693365641,2011
34.1045397615976,19.2733544207843,2015
24.0973074965062,10.9639380426788,2022
34.1943712900096,20.8813387793583,2005
27.0078490170534,12.7156528467118,2022
33.2421570888429,18.707415791789,2010
24.2410379419653,19.99200664808,2001
34.7064110019577,14.934491598487,2016
36.5210078758791,20.9262545435643,2001
27.8881979954905,19.3092870321491,2011
30.1429693586305,14.197873065509,2011
36.0179513167722,16.5784085684258,2010
27.4839561176368,10.793258138696,2001
34.4009838053571,20.3692990674102,2011
31.4006107563979,21.0160860719762,2011
26.7653038903411,17.9438478002874,2011
34.0506408445505,16.2819645246663,2007
29.9992389131714,19.444034324767,2001
24.3129031646949,15.7070427428298,2007
35.2543833252706,12.356326733064,2011
31.5802738132218,12.0508995364634,2013
33.2870728530489,12.5719224012527,2010
27.816332772761,15.9316215638597,2002
35.2813327837942,18.8780956957717,2005
25.193252143132,18.015713023017,2010
35.8113388014247,15.5453459916883,2005
28.4182040131211,20.3782822202513,2001
25.1213869204024,19.1386071281664,2011
34.7962425303697,17.1173977388975,2005
36.8623676838446,16.3089139831899,2014
27.034798475577,17.4497743940217,2011
23.7379813828584,10.2183363568596,2001
30.43941340239,20.8633724736759,2014
36.5569404872439,22.0940644129196,2009
30.3046661097721,13.182776794454,2003
28.2744735676619,13.5241366024194,2003
35.6765915088068,13.092945266042,2004
26.3520788596462,10.0925722170828,2013
29.1638056989403,13.6768502007197,2003
28.4451534716447,21.6898225350658,2007
31.4275602149215,16.6502737911553,2011
30.0890704415834,10.97292119552,2013
34.4548827224042,17.0455325161679,2001
28.5170186943742,13.1288778774068,2024
26.2891967897578,16.5963748741082,2011
31.3826444507155,17.7462184377811,2014
31.912650468346,21.2586311986885,2011
26.1364831914575,14.8087274587103,2005
34.0596239973917,16.0484025507953,2011
27.8522653841258,19.9560740367152,2008
26.3790283181698,18.0067298701758,2013
30.5921270006903,12.5000571785231,2013
28.1127768165204,17.557572228116,2010
33.4936853683964,13.6319344365137,2008
33.2780897002077,15.850773188289,2002
30.4573797080724,10.7483423744901,2000
34.9220066701464,18.9499609185013,2013
25.1393532260848,13.3354903927543,2001
29.8285590091887,16.0663688564776,2001
30.1968682756777,16.0933183150012,2011
34.7423436133225,21.5820247009715,2010
29.4782160483821,14.6290644018864,2001
29.9094073847595,13.1558273359304,2022
30.9963688785441,9.96680807730609,2001
29.6219464938412,18.6445337219007,2011
26.9988658642122,11.4759777546269,2022
36.0718502338194,20.1986191634274,2011
24.3308694703772,15.5363628388471,2007
27.0886973926242,13.4702376853722,2014
28.2115914977736,9.9398586187825,2022
22.615087277709,13.7307491177669,2001
34.257253359898,21.3035469628945,2011
27.7624338557138,19.0397924469133,2001
32.8558815166715,17.3419765599274,2010
29.4153339784937,15.5363628388471,2010
29.4063508256525,17.8540162718755,2013
26.9359837943239,12.8414169864886,2004
29.6039801881588,20.5040463600281,2011
36.3682942775788,20.8094735566287,2004
26.6395397505644,11.3861462262149,2008
28.229557803456,11.1346179466615,2001
29.7656769393003,12.1946299819225,2011
24.2140884834417,14.4404181922213,2001
35.0837034212879,20.7555746395815,2013
36.2065975264373,17.1712966559447,2022
27.771417008555,16.6233243326317,2013
27.6815854801431,9.97579123014729,2001
32.3977407217705,14.242788829715,2005
27.8792148426494,19.1386071281664,2005
31.3736612978743,12.9941305847889,2020
25.3010499772263,18.8511462372482,2008
34.167421831486,17.9977467173346,2004
34.4009838053571,18.2941907610941,2011
36.2604964434845,16.0034867865893,2011
26.9000511829591,12.6258213182999,2006
24.0613748851414,15.3297503234996,2014
26.666489209088,20.3782822202513,2014
29.1188899347343,18.7702978616774,2001
32.9906288092894,18.5187695821239,2010
36.2155806792785,16.7490884724085,2010
32.5504543200709,18.6714831804243,2002
32.7121510712124,13.1468441830892,2011
26.6036071391996,21.3664290327828,2005
32.0743472194875,19.812343591256,2008
25.884954911904,15.1950030308817,2010
25.3639320471147,11.2154663222322,2001
35.8382882599483,21.5550752424479,2005
32.3618081104058,12.9761642791065,2011
28.0409115937909,14.6649970132512,2011
27.6366697159371,12.5988718597763,2005
25.2741005187027,19.7764109798913,2005
28.2565072619796,10.3979994136835,2006
26.9629332528474,18.1324940099525,2013
30.7717900575142,12.724635999553,2011
35.9191366355191,15.5902617558943,2001
34.1584386786448,20.6208273469636,2004
31.8138357870929,13.9822773973204,2018
28.7775301267689,15.3656829348644,2018
25.6244434795094,14.8716095285987,2002
26.4239440823757,20.2435349276334,2014
28.0049789824261,12.1137816063517,2008
33.7002978837439,12.6437876239823,2013
26.8192028073883,17.2611281843566,2011
30.43941340239,21.4382942555124,2011
32.5324880143885,17.9977467173346,2022
27.7354843971902,12.3293772745404,2008
32.6223195428004,21.833552980525,2001
29.3704182142878,19.1745397395312,2011
35.8203219542659,12.8683664450121,2024
23.4415373390989,12.6078550126175,2010
24.1691727192357,15.7429753541946,2003
29.9273736904419,11.5927587415624,2001
29.0200752534811,12.2844615103345,2020
25.3010499772263,21.7796540634778,2022
25.238167907338,13.0120968904713,2003
32.0473977609639,15.2489019479289,2020
31.4365433677627,12.8324338336474,2011
35.7394735786952,20.5579452770752,2002
33.3948706871432,14.6739801660924,2011
26.1275000386163,14.2607551353974,2020
32.4336733331353,21.9233845089369,2003
25.5076624925738,11.2154663222322,2001
35.8921871769955,20.0818381764919,2002
28.6607491398333,16.6951895553613,2011
26.4419103880581,19.3901354077199,2004
36.2694795963257,16.4616275814902,2004
22.435424220885,12.724635999553,2011
36.7186372383854,19.6506468401145,2003
26.9539501000062,21.7077888407482,2020
35.3711643122062,12.4551414143172,2013
32.5504543200709,21.8155866748426,2013
28.7595638210865,21.9952497316665,2024
32.2989260405174,12.6078550126175,2004
34.6884446962753,14.4943171092685,2004
36.3323616662141,17.0185830576443,2003
26.7832701960235,17.3419765599274,2020
27.5198887290015,17.2162124201506,2002
27.0258153227358,19.3811522548787,2022
24.6003640556131,9.92189231310011,2010
30.9155205029733,9.87697654889414,2013
26.2891967897578,19.6236973815909,2022
36.5210078758791,16.3089139831899,2005
30.6729753762611,12.5988718597763,2015
31.4365433677627,10.0925722170828,2013
32.3797744160882,19.444034324767,2011
36.4760921116732,19.2464049622607,2008
32.3797744160882,18.2313086912057,2005
27.2054783795597,17.9977467173346,2024
36.7725361554326,17.925881494605,2007
36.0269344696134,16.2639982189839,2013
30.1789019699953,18.842163084407,2022
25.0674880033553,15.2668682536113,2011
27.0886973926242,19.3272533378315,2010
25.6603760908741,12.8863327506945,2015
33.5565674382847,17.7013026735752,2011
26.9719164056886,17.8270668133519,2005
23.3427226578458,12.4910740256819,2004
29.0470247120047,10.7752918330137,2011
33.5386011326023,12.5090403313643,2011
24.2949368590125,18.5008032764415,2013
29.8105927035063,12.4910740256819,2011
23.3337395050046,12.1497142177165,2007
35.6765915088068,14.7817780001867,2001
34.9220066701464,19.533865853179,2011
29.1368562404167,16.9916335991207,2011
23.4595036447813,13.9553279387968,2011
26.9180174886415,13.6678670478785,2011
33.8260620235206,11.9610680080514,2005
30.1339862057894,19.5428490060202,2010
30.6819585291023,15.0961883496286,2010
23.9356107453647,15.2039861837229,2010
26.7742870431823,17.3599428656098,2020
34.2752196655803,10.2632521210655,2011
33.4847022155552,13.3893893098015,2001
27.2683604494481,21.7167719935894,2018
25.0764711561964,14.7188959302984,2013
36.1616817622313,20.9262545435643,2011
30.9245036558145,18.1235108571113,2011
28.6248165284686,21.6449067708599,2003
32.1731619007407,17.9348646474462,2007
28.9571931835928,19.9560740367152,2002
23.5942509373992,14.2338056768738,2000
26.3610620124874,10.3710499551599,2011
27.9600632182201,16.3448465945547,2013
27.2054783795597,15.7429753541946,2011
33.5565674382847,10.7842749858549,2022
30.4663628609136,18.4648706650768,2001
35.272349630953,13.3624398512779,2001
25.4986793397326,17.9977467173346,2011
32.2001113592643,16.5784085684258,2003
36.1796480679137,19.1386071281664,2022
23.8367960641115,14.6919464717748,2010
29.0021089477988,18.4558875122356,2005
26.9090343358003,20.1537033992215,2022
31.4724759791274,10.2632521210655,2005
26.1724158028223,21.3035469628945,2003
26.5137756107877,15.7250090485122,2011
30.1789019699953,16.4616275814902,2011
25.2291847544968,14.5571991791568,2011
27.403107742066,14.934491598487,2002
33.7362304951086,16.5065433456962,2011
36.7815193082738,16.3897623587607,2022
29.3075361443994,10.8920728199492,2001
35.5777768275537,16.4436612758078,2006
25.5705445624622,15.1231378081521,2005
29.8016095506651,17.9797804116522,2014
26.4508935408993,18.7792810145186,2007
35.3082822423178,13.9822773973204,2018
34.7513267661637,13.182776794454,2011
36.37727743042,15.4285650047528,2002
25.3729151999559,13.3444735455955,2004
23.3337395050046,15.0512725854226,2003
28.3643050960739,17.8809657303991,2005
25.7591907721273,11.4669946017857,2011
36.7815193082738,19.902175119668,2002
32.1731619007407,13.7037996592433,2001
31.1939982410504,12.2395457461285,2011
35.5598105218713,14.9434747513282,2012
27.2503941437657,20.5309958185517,2010
22.1479633299668,12.7875180694414,2005
30.0531378302186,15.9406047167009,2014
34.7603099190049,22.067114954396,2016
29.2266877688286,21.5011763254007,2001
31.3556949921919,16.1831498434132,2011
32.4785890973413,21.9413508146193,2013
25.9658032874748,19.9560740367152,2006
36.1526986093901,20.5489621242341,2001
29.8375421620299,15.9765373280657,2010
36.3593111247376,16.91078522355,2000
32.3079091933586,19.4081017134023,2024
33.1163929490662,17.8001173548283,2014
29.4602497426997,12.9671811262653,2022
30.3136492626133,11.7005565756568,2005
36.5838899457675,19.1386071281664,2010
31.0053520313853,20.638793652646,2013
31.5263748961746,12.1497142177165,2003
34.9399729758288,21.6089741594951,2006
27.2863267551305,12.5988718597763,2003
26.6305565977232,14.934491598487,2009
24.4745999158364,19.1386071281664,2014
34.1853881371684,16.7850210837733,2022
29.2985529915582,14.979407362693,2005
33.52063482692,13.9553279387968,2022
31.5084085904922,20.4860800543457,2011
24.2500210948065,12.5270066370467,2001
25.9029212175864,16.174166690572,2015
31.220947699574,20.7825240981051,2011
27.492939270478,10.5237635534602,2022
32.1821450535819,11.0358032654083,2007
27.1336131568302,18.9499609185013,2006
36.4401595003084,20.3692990674102,2013
24.6452798198191,19.1745397395312,2022
31.5263748961746,11.2603820864382,2001
36.880333989527,17.6384206036868,2004
32.9636793507658,14.9524579041694,2013
35.4609958406181,19.8752256611444,2004
26.711404973294,14.1260078427795,2005
36.1886312207549,15.6800932843062,2011
26.9988658642122,13.2366757115011,2011
22.6510198890737,12.7605686109178,2001
29.5949970353176,17.2072292673094,2010
29.199738310305,19.7314952156853,2011
34.3650511939923,14.8536432229163,2001
27.7085349386666,18.5547021934887,2006
37.1408454219216,19.8931919668268,2001
26.5407250693113,19.1475902810076,2011
31.5623075075394,19.6416636872733,2014
28.7954964324513,10.101555369924,2011
27.8522653841258,21.5371089367655,2001
28.3643050960739,19.210472350896,2001
29.2266877688286,20.5220126657105,2001
26.5227587636289,20.8454061679935,2011
32.2180776649466,14.8087274587103,2001
32.69418476553,16.3628129002371,2022
25.5525782567798,21.7527046049542,2002
35.0477708099231,19.5697984645438,2011
33.385887534302,10.7124097631253,2014
24.8608754880078,19.99200664808,2010
31.131116171162,19.5967479230674,2011
33.5296179797611,18.842163084407,2006
30.9065373501321,14.5122834149509,2006
33.9248767047737,12.7875180694414,2011
34.0775903030741,10.928005431314,2013
31.4904422848098,19.3003038793079,2001
29.1907551574639,20.0548887179683,2005
31.8407852456164,11.3951293790561,2022
30.6280596120551,18.5816516520123,2003
29.8824579262359,14.5841486376804,2022
26.4778429994229,16.1023014678424,2011
27.2324278380833,13.22769255866,2001
25.3729151999559,16.5155264985374,2003
36.4401595003084,14.242788829715,2018
35.4879452991417,14.5033002621097,2011
31.5353580490158,19.6686131457969,2020
34.4279332638807,14.6200812490452,2010
37.1857611861276,18.473853817918,2006
28.463119777327,15.0872051967874,2003
26.9000511829591,15.5273796860059,2001
28.0588778994733,11.8802196324807,2006
26.9270006414827,10.8112244443784,2007
24.411717845948,17.0095999048031,2011
30.394497638184,16.1651835377308,2002
35.0837034212879,13.9553279387968,2001
23.9086612868411,15.3297503234996,2007
35.6316757446008,19.0397924469133,2005
23.1181438368159,11.709539728498,2000
26.9988658642122,12.8683664450121,2011
28.139726275044,12.3922593444288,2020
31.9934988439168,12.4641245671584,2013
32.972662503607,16.7940042366145,2011
36.7276203912266,19.8392930497796,2001
34.2303039013744,13.2995577813895,2010
28.6876985983569,9.69731349207023,2001
34.2482702070568,12.6887033881882,2011
25.148336378926,14.8087274587103,2003
28.5888839171038,12.814467527965,2007
29.1817720046227,19.120640822484,2014
28.8943111137044,11.2603820864382,2005
24.9507070164197,11.57479243588,2006
24.1422232607121,15.9945036337481,2004
28.6966817511981,16.1562003848896,2004
31.1670487825268,11.7903881040687,2022
33.8979272462501,18.1774097741585,2011
37.3923737014751,17.73723528494,2015
31.9216336211872,10.6764771517605,2005
26.1454663442987,13.4163387683251,2001
27.9870126767437,11.0717358767731,2001
35.4609958406181,16.7041727082025,2022
28.5799007642626,9.92189231310011,2011
28.6517659869921,20.1267539406979,2013
32.9367298922423,16.5245096513786,2015
26.6395397505644,21.0250692248174,2013
35.227433866747,14.0631257728911,2011
24.2590042476477,8.90679604204506,2004
24.4207009987892,19.3362364906727,2018
29.0200752534811,21.3125301157356,2005
27.1515794625125,9.92189231310011,2022
27.9780295239025,16.4795938871726,2013
29.747710633618,18.2672413025705,2022
33.8979272462501,16.0394193979541,2012
29.4692328955409,16.0304362451129,2004
33.7272473422674,14.9883905155342,2003
35.0837034212879,17.3060439485626,2011
32.8199489053067,13.3624398512779,2011
33.888944093409,20.8274398623111,2011
31.4095939092391,16.3089139831899,2011
26.0197022045219,18.9858935298661,2011
34.8860740587816,11.2783483921206,2014
36.8444013781622,18.5906348048535,2011
27.8253159256022,21.5640583952891,2013
26.2802136369166,16.219082454778,2002
36.1796480679137,15.5722954502119,2002
32.5684206257533,20.6028610412812,2001
27.8702316898082,12.4551414143172,2011
37.3205084787455,18.0875782457466,2001
33.9069103990913,18.3750391366648,2011
26.4239440823757,15.9226384110185,2011
26.8820848772767,12.356326733064,2020
28.7685469739277,18.8691125429305,2011
27.6546360216195,15.3566997820232,2014
23.1361101424983,12.0958153006694,2005
23.7110319243348,15.3566997820232,2006
35.7394735786952,19.578781617385,2006
26.8641185715943,12.6617539296647,2011
26.0376685102043,13.4971871438958,2022
31.0233183370677,19.7225120628441,2022
35.7035409673304,15.1051715024698,2013
33.6463989666967,12.2305625932873,2005
24.366802081742,15.2668682536113,2013
29.0290584063223,17.1353640445799,2011
30.1968682756777,14.9434747513282,2011
29.9004242319183,19.0936913639604,2003
24.690195584025,9.58951565797589,2011
30.2507671927249,11.251398933597,2011
24.2679874004889,14.5302497206333,2024
30.6909416819435,21.5011763254007,2022
34.7513267661637,14.0092268558439,2008
31.7240042586809,11.4759777546269,2022
23.7379813828584,15.4016155462292,2022
24.9147744050549,19.6236973815909,2011
24.5105325272011,18.7702978616774,2013
34.5716637093398,17.6204542980044,2007
28.7236312097217,14.8626263757575,2018
29.334485602923,14.2607551353974,2005
24.8518923351666,10.3261341909539,2001
24.6183303612955,10.6674939989193,2010
25.6513929380329,14.5033002621097,2018
24.6362966669779,18.5636853463299,2011
23.9266275925235,9.87697654889414,2007
28.6427828341509,21.4023616441476,2001
34.2033544428508,14.3865192751741,2006
30.1250030529482,18.8152136258834,2010
26.8192028073883,9.65239772786426,2001
25.2022352959732,12.2934446631757,2009
33.1613087132721,18.2402918440469,2011
24.0703580379826,9.61646511649948,2011
28.2834567205031,18.1504603156349,2006
25.2112184488144,11.709539728498,2011
25.8759717590628,15.3836492405468,2013
24.3757852345832,9.3829031426284,2014
24.869858640849,18.3930054423472,2007
34.9759055871936,18.6625000275831,2005
31.8138357870929,10.9819043483611,2013
28.0319284409497,17.3779091712921,2016
34.0147082331857,20.1716697049039,2010
24.735111348231,13.9553279387968,2003
24.780027112437,16.1472172320484,2008
35.6765915088068,19.7225120628441,2001
25.8580054533804,17.9168983417639,2011
27.6456528687783,20.3423496088866,2003
29.8824579262359,20.5309958185517,2005
24.7081618897074,13.874479563226,2013
34.1494555258036,15.3836492405468,2000
34.6525120849105,15.2578851007701,2001
34.6614952377517,22.0132160373489,2001
28.3014230261855,14.8266937643927,2011
32.3348586518822,12.2395457461285,2001
27.1695457681949,17.0275662104855,2013
35.6586252031244,18.6175842633771,2011
27.1066636983066,14.2248225240326,2014
26.6305565977232,20.6118441941224,2011
33.385887534302,15.7878911184006,2011
23.6571330072876,11.3951293790561,2011
26.8820848772767,20.5220126657105,2022
28.7505806682453,10.928005431314,2001
25.1573195317672,12.1586973705577,2005
30.3136492626133,12.2844615103345,2022
33.8350451763618,14.1260078427795,2001
27.0976805454654,10.9908875012023,2010
29.0021089477988,12.6258213182999,2011
24.824942876643,17.1802798087858,2013
25.0854543090376,14.9075421399635,2012
31.2928129223035,18.9230114599777,2001
36.2604964434845,21.2406648930061,2022
31.3556949921919,11.9251353966866,2013
36.3593111247376,14.3865192751741,2007
25.974786440316,14.7368622359807,2024
26.0825842744103,10.9639380426788,2014
34.9130235173052,12.3653098859052,2022
27.3492088250188,16.9377346820736,2022
34.4997984866102,12.1946299819225,2010
30.6100933063727,16.497560192855,2012
25.3908815056383,12.8773495978533,2004
25.8220728420156,17.368926018451,2003
35.1555686440175,13.2007431001364,2001
26.5676745278348,18.0426624815406,2001
27.5648044932075,14.9165252928047,2011
33.107409796225,15.4285650047528,2001
33.4936853683964,13.1198947245656,2000
25.3908815056383,21.6718562293835,2006
33.6463989666967,20.6208273469636,2007
27.9510800653789,18.0965613985878,2011
30.394497638184,11.2783483921206,2010
32.9367298922423,16.452644428649,2011
28.229557803456,14.9255084456458,2003
35.8921871769955,16.7131558610437,2010
24.6632461255015,15.6172112144179,2005
29.4333002841761,16.0484025507953,2011
27.6905686329843,19.2194555037372,2013
28.1127768165204,12.9761642791065,2013
36.2964290548493,14.2338056768738,2010
33.9069103990913,13.2995577813895,2011
23.0911943782923,12.1137816063517,2003
31.3377286865095,16.6233243326317,2024
37.3025421730631,17.8719825775579,2005
27.1695457681949,15.6890764371474,2011
22.7857671816917,14.5931317905216,2011
28.5170186943742,16.7670547780909,2011
33.4577527570316,20.6298104998048,2010
35.5598105218713,19.5158995474966,2010
22.9744133913568,11.3322473091678,2002
25.8939380647452,10.6764771517605,2004
25.606477173827,16.8119705422968,2002
29.9453399961243,17.9168983417639,2001
23.5223857146697,13.2456588643423,2001
36.8983002952094,21.2945638100533,2011
30.852638433085,21.6628730765423,2022
29.8465253148711,17.0634988218503,2022
25.6693592437153,11.2873315449618,2007
25.3818983527971,16.6412906383141,2022
35.3262485480002,19.8303098969384,2001
25.5256287982562,14.5482160263157,2011
32.9187635865599,20.0728550236507,2006
24.4296841516304,18.3121570667764,2020
34.1135229144388,12.2485288989697,2005
23.0822112254511,14.2966877467622,2011
31.912650468346,12.2215794404461,2003
29.9902557603302,20.0369224122859,2005
29.5680475767941,18.6175842633771,2009
33.0085951149718,16.6233243326317,2011
29.5770307296352,16.6233243326317,2024
30.5921270006903,20.8364230151523,2011
35.4430295349357,13.3534566984367,2006
25.9478369817924,16.2100993019368,2004
30.8346721274026,19.3003038793079,2022
34.8052256832109,15.9226384110185,2001
35.1735349496999,19.1745397395312,2014
30.0890704415834,14.0631257728911,2022
36.1257491508666,16.3987455116019,2022
34.8770909059404,19.947090883874,2022
24.5823977499307,16.7311221667261,2022
34.8501414474168,11.4130956847385,2011
26.9988658642122,14.3416035109682,2011
28.9302437250692,12.9222653620593,2005
36.8713508366858,19.3991185605611,2001
30.7358574461494,15.5273796860059,2011
32.9007972808775,21.3484627271004,2014
35.2813327837942,13.9373616331144,2001
27.6456528687783,19.5877647702262,2006
24.3129031646949,14.5212665677921,2006
36.422193194626,13.8654964103848,2022
29.4602497426997,12.2485288989697,2005
35.1106528798115,20.8454061679935,2011
34.1404723729624,11.1076684881379,2002
30.7089079876258,16.2370487604604,2016
26.576657680676,21.2226985873237,2010
37.0510138935097,17.1084145860563,2011
31.7060379529985,17.5755385337984,2010
29.4243171313349,12.0149669250986,2011
26.9539501000062,15.5722954502119,2004
25.4357972698443,18.5277527349651,2014
32.6133363899592,14.3236372052858,2011
36.2694795963257,15.5453459916883,2013
24.2949368590125,12.1137816063517,2010
24.3308694703772,9.55358304661111,2001
27.6815854801431,16.4167118172843,2010
25.974786440316,18.5187695821239,2010
34.8142088360521,15.069238891105,2022
35.8382882599483,20.7376083338992,2005
28.8044795852925,20.3064169975218,2007
32.8109657524655,15.4195818519116,2002
30.0531378302186,11.7993712569099,2011
35.0028550457172,19.075725058278,2011
35.8921871769955,17.1802798087858,2008
26.8192028073883,13.9553279387968,2013
33.4218201456668,21.0879512947058,2009
30.6460259177375,10.4159657193659,2001
28.2924398733443,13.6948165064021,2001
23.2888237407986,12.2754783574933,2011
30.071104135901,21.3664290327828,2009
24.6991787368662,16.8748526121852,2009
34.625562626387,13.3893893098015,2011
28.7056649040393,11.7005565756568,2001
34.2303039013744,13.4163387683251,2013
36.0269344696134,18.2402918440469,2013
29.3973676728113,17.324010254245,2011
36.053883928137,17.5216396167513,2011
26.4778429994229,16.1112846206836,2001
32.4516396388177,19.9201414253504,2020
25.3998646584795,15.9226384110185,2011
35.0028550457172,11.4041125318973,2016
30.6639922234199,17.4228249354981,2011
35.0028550457172,20.5040463600281,2002
27.7085349386666,12.5629392484115,2022
33.5296179797611,14.0271931615263,2020
26.8551354187531,19.5518321588614,2011
25.9478369817924,10.2003700511772,2011
29.6219464938412,20.59387788844,2011
32.6582521541652,16.0573857036364,2022
32.4785890973413,20.7196420282168,2010
28.3283724847091,18.5367358878063,2008
26.9359837943239,9.91290916025892,2008
35.6316757446008,20.8633724736759,2001
32.1102798308523,18.2762244554117,2001
24.0074759680942,14.3416035109682,2007
32.8379152109891,12.5988718597763,2014
36.8533845310034,18.7343652503126,2011
29.7566937864592,21.8874518975721,2001
36.8174519196386,18.3750391366648,2022
28.2205746506148,18.5277527349651,2011
33.9877587746621,15.9585710223833,2007
28.139726275044,14.7727948473455,2010
28.9302437250692,21.9413508146193,2011
31.2029813938916,12.1856468290813,2002
31.6611221887925,15.6172112144179,2018
35.5867599803949,21.5191426310831,2001
26.5137756107877,14.2787214410798,2002
29.2985529915582,18.797247320201,2011
28.1936251920912,12.9941305847889,2011
33.3050391587313,12.1407310648753,2004
28.9302437250692,16.1023014678424,2011
24.2051053306005,15.8956889524949,2016
25.4986793397326,15.2489019479289,2011
35.6676083559656,14.6919464717748,2008
30.1339862057894,12.3024278160168,2001
34.3740343468335,14.7099127774572,2003
23.9715433567294,12.7156528467118,2013
34.7962425303697,14.2338056768738,2013
31.1490824768444,20.3064169975218,2013
30.7448405989906,10.8471570557432,2006
32.7211342240536,18.2313086912057,2000
34.1853881371684,20.8004904037875,2011
35.4340463820945,13.0839621132008,2007
28.9751594892752,10.5327467063014,2010
32.8109657524655,16.7041727082025,2011
33.5655505911259,14.3416035109682,2020
32.5055385558649,14.9255084456458,2011
29.6399127995236,20.8723556265171,2003
30.3765313325016,14.4494013450625,2007
23.4684867976225,10.4339320250482,2007
30.9514531143381,14.8536432229163,2020
32.0653640666463,11.7275060341804,2004
26.4149609295345,14.1439741484619,2011
28.6787154455157,10.9459717369964,2008
28.4541366244858,18.3391065253,2001
32.3438418047234,17.3958754769745,2001
29.6938117165708,11.0717358767731,2003
32.1282461365347,17.4407912411805,2011
36.8713508366858,17.1623135031035,2015
26.5676745278348,12.0868321478282,2011
30.7268742933082,20.360315914569,2002
27.9420969125377,15.805857424083,2001
28.7236312097217,15.3836492405468,2002
30.8346721274026,12.9581979734241,2013
25.8669886062216,16.0663688564776,2011
28.6876985983569,20.2525180804746,2013
26.5946239863584,11.6556408114508,2010
35.7484567315364,17.1712966559447,2011
35.407096923571,20.7825240981051,2022
29.2087214631462,19.6775962986381,2011
31.5623075075394,18.2133423855233,2001
30.2956829569309,16.9736672934384,2011
34.8052256832109,12.4731077199996,2001
38.0481438588823,18.1324940099525,2001
32.8468983638303,19.2464049622607,2011
24.8159597238018,10.2273195097008,2022
34.1135229144388,13.4343050740074,2011
31.8318020927752,15.4285650047528,2001
29.2536372273522,20.7645577924227,2006
34.4009838053571,14.5751654848392,2001
30.2597503455661,21.052018683341,2018
24.6452798198191,10.3351173437951,2011
35.5059116048241,20.4142148316161,2014
32.2899428876762,19.0577587525956,2010
27.35819197786,20.4231979844573,2007
23.4595036447813,10.7752918330137,2013
30.2687334984073,20.2525180804746,2013
31.499425437651,16.6682400968377,2000
35.8382882599483,16.1112846206836,2006
34.4369164167219,12.9581979734241,2022
26.7203881261352,10.3171510381127,2004
34.1404723729624,21.8874518975721,2011
26.1634326499811,12.9492148205829,2012
25.3729151999559,11.206483169391,2013
34.2213207485332,20.180652857745,2011
29.1458393932579,11.9970006194162,2011
32.6762184598476,12.6168381654587,2008
25.9837695931572,18.8601293900894,2024
24.9237575578961,13.2187094058188,2022
24.50154937436,11.619708200086,2022
36.9072834480505,21.3125301157356,2003
24.3039200118537,9.49070097672274,2004
26.4868261522641,12.9222653620593,2000
24.9776564749433,12.5359897898879,2007
24.1332401078709,19.0308092940721,2000
29.2356709216698,16.9377346820736,2001
31.9755325382344,21.5550752424479,2001
23.0552617669275,11.3142810034854,2024
33.1792750189545,17.7911342019871,2003
34.3560680411511,14.3595698166506,2020
25.4357972698443,20.0009898009211,2004
26.2802136369166,18.9230114599777,2001
25.2830836715439,16.542475957061,2010
25.4088478113207,12.6258213182999,2001
31.9216336211872,17.1173977388975,2000
31.0143351842265,11.0897021824555,2011
36.4491426531496,22.2557611640611,2022
29.8195758563475,10.3979994136835,2002
24.7979934181194,10.9459717369964,2006
31.822818939934,18.9499609185013,2001
34.8052256832109,17.6294374508456,2005
32.6762184598476,16.8568863065028,2024
31.8946841626636,11.1166516409791,2011
31.0323014899089,21.5191426310831,2010
35.9011703298367,21.2586311986885,2018
35.0298045042407,20.6028610412812,2011
25.8041065363333,15.8148405769242,2001
30.0980535944246,12.5449729427291,2006
25.2561342130203,14.4044855808565,2013
29.6039801881588,18.1235108571113,2022
27.9420969125377,19.0936913639604,2000
29.199738310305,18.8691125429305,2006
30.4483965552312,21.8515192862074,2002
31.7240042586809,14.0182100086851,2011
26.2712304840754,10.3351173437951,2003
31.8857010098224,14.4044855808565,2006
24.4476504573128,9.07747594602776,2001
27.6366697159371,12.6258213182999,2001
23.1720427538631,15.4465313104352,2000
26.9000511829591,14.3775361223329,2001
28.3193893318679,9.68833033922904,2003
31.0053520313853,21.42032794983,2002
24.5913809027719,19.4260680190847,2022
31.5802738132218,14.2787214410798,2002
25.8130896891745,15.2758514064525,2011
31.8497683984576,17.9887635644934,2016
32.325875499041,11.3142810034854,2020
30.116019900107,18.7343652503126,2004
25.5885108681446,14.3416035109682,2002
34.4099669581983,17.6114711451632,2001
30.2417840398837,20.1267539406979,2011
25.5346119510974,13.7127828120845,2011
28.4541366244858,13.8924458689084,2018
35.3531980065238,13.461254532531,2011
35.8023556485835,17.8180836605107,2007
25.471729881209,19.6686131457969,2010
36.6647383213383,20.7016757225344,2006
28.4182040131211,20.4950632071869,2001
36.6557551684971,16.587391721267,2006
24.3398526232184,12.3653098859052,2022
30.7987395160378,21.9503339674605,2022
26.3520788596462,13.8475301047024,2008
27.7893833142374,17.7013026735752,2001
32.649269001324,18.6894494861066,2014
35.9191366355191,13.3175240870719,2011
32.3618081104058,20.9711703077702,2010
33.9518261632973,21.4472774083536,2004
27.0976805454654,15.5992449087355,2022
35.1645517968587,17.7552015906223,2010
33.7272473422674,16.3178971360311,2013
23.3786552692105,10.7573255273313,2001
27.6995517858254,15.4195818519116,2004
24.8608754880078,13.7666817291317,2013
29.3883845199701,21.7616877577954,2013
35.4520126877769,20.4591305958221,2014
37.1947443389688,17.4767238525453,2004
31.1400993240032,13.0031137376301,2010
30.9245036558145,21.0340523776586,2001
35.5328610633477,21.5640583952891,2011
27.3851414363836,18.6355505690595,2001
30.4214470967076,17.2970607957214,2011
30.8436552802438,21.5011763254007,2011
25.1752858374496,13.6139681308313,2020
36.0179513167722,15.9585710223833,2004
33.5565674382847,17.8270668133519,2009
24.7620608067546,18.8691125429305,2002
28.6607491398333,20.8903219321995,2024
26.9270006414827,10.3710499551599,2001
31.1400993240032,12.7336191523942,2003
33.8350451763618,19.9381077310328,2022
37.1947443389688,18.9050451542953,2018
34.8231919888933,16.2909476775075,2003
26.5407250693113,18.6086011105359,2011
29.9363568432831,17.1982461144682,2011
36.0449007752958,16.6233243326317,2001
33.4847022155552,16.5514591099022,2009
25.9658032874748,13.9553279387968,2001
30.0621209830598,18.1684266213173,2006
25.0944374618788,13.1109115717244,2010
28.3283724847091,20.0998044821743,2011
28.3193893318679,15.7519585070358,2011
29.3434687557642,16.6862064025201,2011
29.9633063018066,13.5331197552606,2015
36.422193194626,21.0879512947058,2004
34.4818321809278,17.0545156690091,2001
24.5464651385659,16.2819645246663,2011
26.4239440823757,17.692319520734,2013
33.8170788706794,10.7663086801725,2013
26.2622473312342,21.9683002731429,2022
36.1077828451842,13.0839621132008,2013
23.3786552692105,14.0451594672087,2010
31.1580656296856,15.3836492405468,2011
23.4684867976225,14.5482160263157,2002
27.492939270478,17.189262961627,2001
30.1339862057894,15.2938177121349,2003
31.9036673155048,15.5812786030531,2010
35.317265395159,15.392632393388,2013
32.9367298922423,12.6348044711411,2013
29.3165192972406,18.0426624815406,2001
27.5468381875251,16.1831498434132,2004
30.1609356643129,21.9593171203017,2002
29.9273736904419,17.0006167519619,2003
33.7452136479498,16.9018020707088,2022
32.5235048615473,13.7127828120845,2001
34.4728490280866,14.7638116945043,2007
31.6790884944749,18.428938053712,2013
27.6276865630959,15.8328068826066,2010
27.2054783795597,15.4734807689588,2022
33.3319886172549,21.052018683341,2006
26.1634326499811,20.1267539406979,2014
36.1706649150725,14.7817780001867,2011
29.0560078648459,21.3215132685768,2011
34.5087816394514,11.2783483921206,2004
27.9331137596965,13.048029501836,2011
24.4386673044716,14.8536432229163,2011
30.9065373501321,19.0487755997545,2022
31.4095939092391,11.5478429773564,2005
33.3769043814608,21.2496480458473,2002
30.5112786251196,14.5931317905216,2022
27.4749729647956,14.9883905155342,2020
27.4390403534308,18.5996179576947,2011
31.6072232717454,17.4138417826569,2011
24.4925662215188,10.514780400619,2011
33.4128369928256,21.2586311986885,2011
24.411717845948,13.6948165064021,2011
35.0567539627643,13.3444735455955,2022
24.5823977499307,15.9316215638597,2013
26.6934386676116,17.4946901582277,2014
30.9514531143381,16.9377346820736,2013
30.3585650268192,19.3452196435139,2007
36.5569404872439,20.9352376964054,2001
34.8142088360521,12.5000571785231,2007
28.8134627381337,20.5759115827576,2005
33.4397864513492,13.2726083228659,2009
29.2716035330346,13.3534566984367,2011
31.7689200228869,15.3566997820232,2010
25.2830836715439,15.1950030308817,2013
33.5565674382847,20.6926925696932,2020
33.7362304951086,10.5776624705074,2010
25.7052918550801,20.225568621951,2002
34.1404723729624,11.1885168637086,2001
35.4789621463005,22.0850812600784,2002
23.8817118283175,12.0688658421458,2022
34.6884446962753,14.3416035109682,2002
33.2331739360017,17.1173977388975,2011
24.7620608067546,18.9409777656601,2011
36.0628670809782,12.769551763759,2002
26.4059777766933,14.5841486376804,2005
26.4778429994229,19.8482762026208,2018
29.8285590091887,21.6718562293835,2002
29.8465253148711,17.6384206036868,2002
24.9776564749433,12.8773495978533,2022
27.3761582835424,20.962187154929,2008
29.1099067818931,20.6567599583284,2011
29.01109210064,20.3333664560454,2022
27.7085349386666,18.5816516520123,2015
33.0804603377014,16.5155264985374,2006
35.4430295349357,13.182776794454,2011
36.4311763474672,14.6290644018864,2006
31.9395999268696,12.1497142177165,2011
31.8138357870929,10.8202075972196,2011
26.2891967897578,18.8870788486129,2003
25.8041065363333,18.3660559838236,2010
30.9334868086557,17.6114711451632,2013
35.3352317008414,15.4016155462292,2001
25.7681739249685,17.1802798087858,2013
36.5838899457675,17.557572228116,2001
26.0646179687279,18.7702978616774,2010
32.4516396388177,15.0063568212166,2011
27.8073496199198,16.1562003848896,2022
34.12250606728,21.2496480458473,2022
35.8113388014247,21.0250692248174,2020
37.0330475878273,18.9948766827073,2003
35.5148947576653,14.5302497206333,2001
33.2241907831605,18.8601293900894,2008
23.4505204919401,15.2129693365641,2011
23.6212003959228,12.5539560955703,2011
31.8318020927752,18.4469043593944,2001
32.7121510712124,14.7278790831396,2001
33.754196800791,16.8299368479792,2005
23.6481498544464,12.9222653620593,2022
26.7024218204528,10.5866456233486,2005
26.5227587636289,19.3003038793079,2002
32.5863869314356,20.3513327617278,2022
34.2392870542156,14.6829633189336,2005
30.9963688785441,18.3031739139353,2004
29.8285590091887,18.8960620014541,2010
34.94895612867,22.3276263867907,2011
31.3377286865095,10.1644374398124,2000
28.0768442051556,21.1418502117529,2005
29.8555084677123,16.8748526121852,2020
24.1512064135533,12.814467527965,2015
27.3492088250188,11.8083544097511,2013
26.6395397505644,20.1267539406979,2024
29.199738310305,16.6951895553613,2002
31.5982401189042,10.14647113413,2004
25.7052918550801,19.0487755997545,2013
31.6162064245866,13.182776794454,2000
27.124630003989,13.5780355194666,2003
31.2119645467328,17.0455325161679,2006
35.6676083559656,15.9945036337481,2004
24.8608754880078,15.8867057996537,2003
31.2119645467328,11.3681799205325,2004
29.7656769393003,18.1684266213173,2007
22.8755987101036,13.0749789603596,2011
35.5598105218713,15.6800932843062,2016
26.0825842744103,10.2363026625419,2001
26.8731017244355,12.2036131347637,2022
33.1882581717957,15.2938177121349,2004
35.1555686440175,21.2676143515297,2010
31.7150211058397,14.4853339564273,2013
25.8580054533804,16.3538297473959,2004
34.0865734559153,19.9830234952388,2006
29.01109210064,20.6028610412812,2015
25.3998646584795,18.0785950929054,2004
30.8256889745614,16.3089139831899,2022
30.9604362671793,15.9226384110185,2007
31.8318020927752,20.1537033992215,2011
37.5900030639814,18.3750391366648,2007
29.5680475767941,20.1896360105862,2011
32.8738478223539,12.7965012222826,2011
33.8170788706794,15.0063568212166,2010
25.0944374618788,16.8479031536616,2011
28.0049789824261,14.2607551353974,2001
34.212337595692,10.6405445403957,2001
28.8943111137044,11.3861462262149,2022
23.4774699504637,10.5327467063014,2011
28.1217599693616,15.0512725854226,2011
31.6251895774278,19.8482762026208,2006
33.8530114820442,21.330496421418,2011
34.0865734559153,16.4077286644431,2000
34.2752196655803,12.1946299819225,2004
32.2719765819938,21.0610018361822,2006
30.4663628609136,15.7339922013534,2015
31.2838297694623,15.2129693365641,2002
26.2442810255518,14.2966877467622,2009
24.3308694703772,11.0897021824555,2001
23.6840824658112,10.3441004966363,2015
32.8918141280363,12.4102256501112,2002
32.0833303723287,11.1166516409791,2009
34.1135229144388,21.2945638100533,2011
36.1706649150725,22.0311823430313,2022
28.0678610523145,10.3171510381127,2022
26.6036071391996,15.2668682536113,2014
29.9992389131714,12.6258213182999,2022
33.5116516740788,12.0868321478282,2022
36.5569404872439,20.7915072509463,2009
32.9367298922423,20.315400150363,2022
36.4401595003084,15.2848345592937,2013
26.8012365017059,16.2280656076192,2014
23.720015077176,10.3620668023187,2003
30.3046661097721,21.5640583952891,2011
33.1792750189545,14.6380475547276,2003
25.974786440316,17.8180836605107,2001
24.4656167629952,18.0426624815406,2010
32.0563809138051,18.5097864292827,2011
29.5410981182705,20.225568621951,2001
35.7664230372188,16.8568863065028,2004
32.1192629836935,12.1407310648753,2011
34.9130235173052,18.8780956957717,2002
34.2392870542156,21.6898225350658,2014
30.6819585291023,19.2014891980548,2005
31.86773470414,15.9495878695421,2001
29.01109210064,10.6585108460781,2001
29.0919404762107,18.5097864292827,2000
27.403107742066,19.8752256611444,2022
30.4663628609136,13.4253219211662,2000
34.0955566087564,17.5755385337984,2008
27.3851414363836,20.7915072509463,2022
28.3014230261855,17.3509597127686,2010
33.2870728530489,20.9082882378819,2001
34.7153941547989,11.4400451432621,2022
33.9697924689797,13.596001825149,2016
26.8820848772767,19.6057310759086,2005
35.2004844082235,13.0120968904713,2007
27.0617479341006,19.9381077310328,2011
29.3883845199701,12.8683664450121,2002
34.3381017354687,19.5069163946554,2005
29.9183905376007,21.330496421418,2005
34.3201354297863,12.9581979734241,2003
28.6427828341509,18.3930054423472,2000
27.124630003989,19.0218261412309,2010
25.3190162829087,17.0275662104855,2011
29.4782160483821,13.0031137376301,2004
35.2992990894766,20.0009898009211,2022
30.2866998040897,17.8629994247167,2010
30.0980535944246,13.6678670478785,2005
23.5583183260345,11.8083544097511,2022
31.6251895774278,14.7727948473455,2014
24.780027112437,13.6229512836725,2003
26.9808995585298,19.8033604384149,2004
29.6219464938412,11.4130956847385,2001
30.9245036558145,10.7303760688077,2024
38.0122112475176,18.4379212065532,2013
28.6607491398333,18.8331799315658,2013
36.7006709327031,17.925881494605,2007
23.630183548764,10.8202075972196,2010
33.9697924689797,20.0728550236507,2004
23.7110319243348,12.5180234842055,2022
34.94895612867,12.8054843751238,2000
34.7782762246873,17.647403756528,2010
26.253264178393,13.3893893098015,2015
31.8318020927752,15.1411041138345,2002
23.6122172430816,11.6556408114508,2010
32.5235048615473,18.6265674162183,2003
26.8910680301179,14.6649970132512,2013
31.6611221887925,11.8263207154335,2011
35.0387876570819,15.5902617558943,2022
28.4451534716447,14.2966877467622,2002
33.3679212286196,14.2787214410798,2011
36.5479573344027,15.3836492405468,2014
29.1548225460991,9.82307763184697,2022
28.7146480568805,17.4138417826569,2001
28.1756588864088,16.3628129002371,2004
32.8289320581479,12.7336191523942,2000
31.634172730269,18.6265674162183,2001
34.4009838053571,21.9862665788253,2008
30.4214470967076,14.7368622359807,2005
29.4333002841761,12.0508995364634,2005
31.5982401189042,21.3664290327828,2020
30.9963688785441,12.2754783574933,2004
31.3736612978743,15.9675541752245,2005
26.3700451653286,15.5004302274823,2011
28.1756588864088,17.0634988218503,2001
23.1540764481807,11.7005565756568,2010
29.5410981182705,10.1105385227652,2001
31.5712906603806,13.7397322706081,2010
28.4810860830094,21.1508333645941,2001
24.3308694703772,17.5216396167513,2001
25.8759717590628,21.6359236180187,2010
37.482205229887,18.6445337219007,2015
37.5001715355694,18.2223255383645,2001
25.9208875232688,18.5097864292827,2002
31.1131498654796,12.6617539296647,2006
32.2270608177878,12.6887033881882,2011
33.8170788706794,12.4102256501112,2005
36.5569404872439,17.8360499661931,2002
34.5716637093398,14.7188959302984,2009
24.2410379419653,15.2489019479289,2011
31.1400993240032,11.5208935188329,2011
35.1286191854939,12.5090403313643,2022
24.824942876643,17.5485890752749,2022
26.944966947165,11.1076684881379,2010
34.9579392815112,20.8543893208347,2005
33.0535108791778,17.8629994247167,2005
29.9094073847595,16.2370487604604,2015
30.5561943893255,11.1166516409791,2003
28.8583785023396,14.8895758342811,2005
35.9730355525662,22.156946482808,2011
25.5974940209858,19.6686131457969,2011
28.0588778994733,12.6078550126175,2022
29.8555084677123,11.2873315449618,2007
31.8767178569812,19.8842088139856,2011
31.6251895774278,18.9140283071365,2009
26.5946239863584,20.7106588753756,2008
35.7933724957423,15.1950030308817,2004
35.7394735786952,20.225568621951,2002
26.8012365017059,20.7555746395815,2011
33.2152076303193,20.4860800543457,2011
32.3348586518822,11.0268201125671,2022
31.7868863285693,20.7645577924227,2005
25.1124037675612,14.8716095285987,2001
34.6435289320694,19.8033604384149,2011
28.4810860830094,16.3178971360311,2002
34.9848887400348,16.5155264985374,2003
30.7897563631966,18.842163084407,2001
33.9967419275033,18.4828369707592,2001
33.6104663553319,19.7404783685265,2011
35.9281197883603,18.1145277042702,2010
26.1993652613458,18.1324940099525,2013
35.8023556485835,13.2097262529776,2011
36.098799692343,12.769551763759,2014
29.1638056989403,17.8540162718755,2022
26.5317419164701,19.0487755997545,2005
33.8619946348854,11.251398933597,2006
33.3589380757784,18.6535168747419,2005
34.5177647922926,14.0361763143675,2011
35.1286191854939,21.2316817401649,2016
23.8457792169527,11.4759777546269,2001
32.4067238746117,19.0667419054368,2011
29.0290584063223,12.6078550126175,2010
32.0204483024404,16.955700987756,2016
30.394497638184,13.1468441830892,2006
25.4447804226854,16.7221390138849,2024
29.2266877688286,21.9323676617781,2006
27.6097202574135,10.9100391256316,2015
25.2741005187027,11.6376745057684,2013
36.2964290548493,21.3394795742592,2010
29.1278730875755,14.9255084456458,2014
29.7297443279356,12.0868321478282,2011
24.8788417936901,14.2517719825562,2001
29.7297443279356,19.1026745168016,2006
29.0021089477988,16.1562003848896,2001
29.5410981182705,14.1349909956207,2001
28.597867069945,10.4788477892542,2022
31.8138357870929,12.4281919557936,2012
24.9776564749433,13.5780355194666,2011
27.6995517858254,16.9736672934384,2014
29.2716035330346,11.6825902699744,2013
34.4458995695631,16.3897623587607,2010
30.0621209830598,20.3064169975218,2022
24.3578189289008,13.3804061569603,2011
33.8530114820442,16.8299368479792,2013
34.1045397615976,19.99200664808,2006
35.4879452991417,20.5220126657105,2014
28.3912545545975,12.2934446631757,2020
27.4120908949072,18.9769103770249,2001
27.35819197786,15.9855204809069,2011
35.2992990894766,21.2496480458473,2011
30.4573797080724,12.7605686109178,2007
34.3920006525159,13.2995577813895,2010
37.4372894656811,17.3419765599274,2013
26.0646179687279,11.6107250472448,2002
28.1217599693616,12.40124249727,2011
22.8037334873741,14.0990583842559,2005
28.7415975154041,14.9075421399635,2002
26.0556348158867,16.9646841405972,2006
35.4250632292533,17.3419765599274,2001
27.1515794625125,12.1047984535106,2013
31.4724759791274,22.1928790941728,2001
26.2173315670282,18.3211402196176,2014
32.5414711672297,12.4102256501112,2013
22.24677801122,13.1648104887716,2013
23.2439079765926,14.8446600700751,2001
25.148336378926,17.7552015906223,2002
24.9686733221021,16.7311221667261,2014
23.8906949811587,14.1439741484619,2006
23.5493351731933,15.1770367251993,2004
32.3887575689293,20.4860800543457,2004
34.6345457792282,16.8119705422968,2011
29.1727888517815,12.5539560955703,2001
27.771417008555,19.6686131457969,2008
28.7415975154041,15.3566997820232,2002
26.9808995585298,13.7576985762905,2006
23.8727286754763,13.3624398512779,2010
35.4160800764121,20.2076023162686,2001
36.008968163931,17.2880776428802,2010
25.3639320471147,19.9201414253504,2011
33.2152076303193,19.4260680190847,2011
26.1903821085047,13.82956379902,2011
37.9223797191056,18.5457190406475,2008
35.4160800764121,20.0548887179683,2022
26.9629332528474,13.3893893098015,2001
33.2511402416841,18.9319946128189,2014
33.52063482692,19.8033604384149,2022
27.7893833142374,21.052018683341,2001
30.9424699614969,18.0965613985878,2002
29.2087214631462,9.74222925627621,2011
34.212337595692,16.3987455116019,2010
27.2234446852421,18.2133423855233,2013
22.1210138714432,12.7605686109178,2011
36.6377888628147,19.8842088139856,2003
34.7692930718461,19.2284386565784,2011
28.1576925807264,12.5359897898879,2013
28.9302437250692,10.8651233614256,2014
23.5223857146697,12.4641245671584,2012
31.1939982410504,10.1285048284476,2009
32.6762184598476,20.4950632071869,2011
25.9208875232688,14.0002437030027,2024
35.2094675610646,16.5514591099022,2005
34.3021691241039,11.1076684881379,2011
28.7505806682453,19.4081017134023,2007
29.5949970353176,17.4228249354981,2022
26.0736011215691,14.9524579041694,2000
29.1727888517815,21.4113447969888,2007
29.6219464938412,18.4918201236003,2008
23.1001775311335,13.6948165064021,2003
36.1526986093901,14.65601386041,2001
24.9507070164197,14.8177106115515,2006
26.8371691130707,11.7814049512275,2011
33.017578267813,19.210472350896,2022
22.8755987101036,12.7515854580766,2022
28.2115914977736,10.5956287761898,2011
36.1706649150725,21.4293111026712,2001
25.6154603266682,10.7842749858549,2020
34.257253359898,11.9251353966866,2011
27.7444675500314,21.6628730765423,2002
36.5210078758791,15.4914470746411,2002
23.9266275925235,13.7037996592433,2009
33.3319886172549,17.7013026735752,2022
27.9600632182201,14.9704242098518,2015
35.9281197883603,14.9434747513282,2011
35.6945578144892,20.8454061679935,2022
32.3797744160882,18.1235108571113,2011
37.1228791162392,19.2913207264667,2006
30.5472112364843,20.2884506918394,2015
30.6011101535315,10.2632521210655,2000
34.4728490280866,20.7196420282168,2005
36.6288057099735,20.5130295128693,2001
28.4990523886918,9.83206078468816,2004
22.7678008760093,13.919395327432,2014
35.0477708099231,20.6298104998048,2010
26.4329272352169,12.7785349166002,2010
29.6848285637296,11.0807190296143,2001
28.5888839171038,10.5327467063014,2001
30.1699188171541,11.9520848552102,2011
29.5590644239529,10.101555369924,2015
31.9485830797108,11.1076684881379,2014
31.4185770620803,16.4436612758078,2015
28.463119777327,14.5302497206333,2011
30.1070367472658,19.533865853179,2001
28.1756588864088,21.7796540634778,2013
30.4214470967076,10.469864636413,2011
30.6550090705787,20.6477768054872,2011
25.8220728420156,10.7034266102841,2009
30.6370427648963,17.0545156690091,2002
28.4092208602799,19.578781617385,2014
26.2173315670282,20.7106588753756,2003
26.2802136369166,17.557572228116,2011
28.7954964324513,15.6800932843062,2011
30.3316155682956,18.1863929269997,2006
35.2992990894766,15.9855204809069,2009
27.4300572005896,12.5359897898879,2016
31.1221330183208,14.8177106115515,2001
32.3618081104058,13.9463447859556,2010
35.5059116048241,13.6139681308313,2014
29.1368562404167,11.0627527239319,2012
35.0926865741291,16.9916335991207,2013
28.5170186943742,18.2313086912057,2010
35.0567539627643,12.0239500779398,2022
22.5971209720266,14.0182100086851,2001
25.0315553919905,15.9046721053361,2006
29.1009236290519,12.5898887069351,2008
27.771417008555,12.2395457461285,2001
32.1911282064231,18.9948766827073,2010
22.4174579152027,13.5690523666254,2001
26.944966947165,13.6049849779902,2003
36.5030415701968,19.3362364906727,2001
30.4034807910252,19.3991185605611,2003
29.6758454108884,10.2452858153831,2014
35.9011703298367,14.4494013450625,2007
27.1964952267185,19.902175119668,2002
29.2716035330346,16.8389200008204,2014
34.6974278491165,17.3150271014038,2015
37.3744073957927,17.3599428656098,2011
28.1756588864088,15.7968742712418,2001
25.606477173827,19.0847082111192,2014
32.7929994467831,12.2575120518109,2011
26.8551354187531,14.2158393711914,2011
28.7505806682453,13.7666817291317,2018
31.1670487825268,20.1087876350155,2001
38.2367900685474,17.7552015906223,2011
26.3520788596462,18.384022289506,2011
23.1989922123866,14.1529573013031,2011
32.0294314552815,21.7976203691602,2013
25.9388538289512,13.9732942444792,2011
24.411717845948,11.5119103659917,2001
25.1573195317672,11.8712364796395,2011
32.0563809138051,14.1529573013031,2001
27.5019224233192,9.70629664491143,2000
27.0078490170534,18.060628787223,2013
32.2090945121054,16.1831498434132,2001
34.7692930718461,14.7997443058691,2011
28.139726275044,19.5428490060202,2002
26.1903821085047,20.0818381764919,2002
34.1853881371684,22.1210138714432,2014
28.0678610523145,14.0721089257323,2022
33.1972413246369,19.6596299929557,2001
23.5134025618285,14.4763508035861,2018
30.43941340239,17.8629994247167,2004
35.0118381985584,14.9973736683754,2016
30.8975541972909,14.0361763143675,2006
23.953577051047,15.4644976161176,2003
29.5770307296352,10.191386898336,2022
36.1796480679137,16.4616275814902,2008
27.6905686329843,20.6118441941224,2011
27.5558213403663,11.2873315449618,2022
31.8767178569812,14.2787214410798,2002
32.9367298922423,14.0271931615263,2020
35.1376023383351,21.0699849890234,2014
36.0449007752958,20.2076023162686,2002
30.3585650268192,11.0358032654083,2022
35.0567539627643,21.3843953384652,2006
26.8551354187531,14.4763508035861,2010
36.422193194626,17.4048586298157,2011
28.1037936636792,14.5122834149509,2007
25.10342061472,10.7663086801725,2001
24.7261281953898,13.1468441830892,2006
29.1188899347343,21.096934447547,2003
28.876344808022,12.1856468290813,2005
27.3402256721776,20.4501474429809,2007
29.9543231489654,18.015713023017,2011
26.3969946238521,15.8328068826066,2001
31.9485830797108,15.2668682536113,2001
25.3190162829087,17.8180836605107,2003
32.1462124422171,15.1500872666757,2011
25.6244434795094,20.3513327617278,2011
34.5087816394514,17.368926018451,2010
33.0355445734954,19.5608153117026,2013
27.7804001613962,18.4828369707592,2022
33.1702918661133,20.4591305958221,2008
29.9722894546478,18.2672413025705,2022
29.2536372273522,11.0986853352967,2003
31.822818939934,20.6657431111696,2002
33.3050391587313,11.1795337108674,2005
32.1821450535819,12.1317479120341,2011
36.0449007752958,14.5302497206333,2011
27.0976805454654,12.2844615103345,2011
32.5863869314356,12.3383604273816,2007
29.2266877688286,15.4824639218,2013
28.2026083449324,19.8033604384149,2011
25.3100331300675,15.0153399740578,2008
27.6366697159371,19.0397924469133,2022
25.0225722391493,18.3121570667764,2006
27.6636191744607,15.7250090485122,2011
24.7620608067546,10.7213929159665,2002
33.5925000496495,12.9312485149005,2010
24.4027346931068,14.6021149433628,2011
27.6726023273019,10.5417298591426,2001
28.7595638210865,15.4555144632764,2011
27.9241306068553,13.3804061569603,2011
32.8019825996243,16.4706107343314,2001
27.0168321698946,10.8741065142668,2002
24.8878249465313,11.2154663222322,2013
27.3132762136541,13.0300631961537,2007
36.9611823650977,16.8928189178676,2013
28.9571931835928,14.7368622359807,2011
36.143715456549,14.8536432229163,2011
34.4279332638807,15.9765373280657,2001
32.2989260405174,21.4382942555124,2024
26.621573444882,18.2762244554117,2010
25.2202016016556,14.4224518865389,2006
27.9420969125377,20.6657431111696,2001
30.3405987211368,11.5119103659917,2013
35.5148947576653,17.3419765599274,2000
34.859124600258,18.4469043593944,2016
26.3071630954402,9.9398586187825,2022
24.9507070164197,17.1353640445799,2022
34.4009838053571,12.724635999553,2003
35.4520126877769,18.9769103770249,2011
35.8203219542659,19.3991185605611,2011
24.3039200118537,11.1795337108674,2009
26.7742870431823,15.1770367251993,2001
29.2716035330346,15.7789079655594,2011
29.3524519086054,13.82956379902,2001
23.9805265095706,12.1766636762401,2005
36.1796480679137,19.9650571895564,2014
24.4296841516304,11.988017466575,2001
34.1494555258036,15.5363628388471,2011
29.5231318125881,20.0099729537623,2011
24.0973074965062,19.9291245781916,2012
32.9187635865599,21.4562605611948,2001
23.0462786140863,14.5931317905216,2005
31.4365433677627,14.4943171092685,2022
26.5946239863584,18.8511462372482,2010
25.3279994357499,18.5636853463299,2001
26.0376685102043,14.3056708996034,2010
34.5986131678634,16.9467178349148,2011
26.8820848772767,18.2941907610941,2007
31.5623075075394,10.8651233614256,2007
34.8321751417345,18.0067298701758,2005
34.4458995695631,18.2582581497293,2012
31.5353580490158,15.4734807689588,2008
29.5141486597469,14.700929624616,2002
35.5508273690301,20.9172713907231,2022
31.5263748961746,11.5029272131505,2001
33.1343592547486,15.9046721053361,2012
25.2022352959732,14.1799067598266,2001
24.8878249465313,17.7462184377811,2002
26.8910680301179,21.3215132685768,2006
31.9395999268696,19.947090883874,2011
31.634172730269,20.1357370935391,2009
24.9596901692609,17.970797258811,2001
26.1095337329339,20.7645577924227,2001
22.983396544198,14.7548285416631,2003
30.6280596120551,10.4968140949366,2011
28.1217599693616,10.9100391256316,2015
32.5414711672297,12.4820908728408,2010
27.0258153227358,20.3782822202513,2011
33.7452136479498,19.6506468401145,2011
26.9539501000062,9.9488417716237,2008
34.8142088360521,18.5187695821239,2001
35.6316757446008,18.6265674162183,2001
23.9805265095706,11.4400451432621,2001
24.8429091823254,11.4580114489445,2001
35.5418442161889,16.8928189178676,2005
29.5231318125881,15.6800932843062,2011
36.6737214741795,17.692319520734,2009
24.6991787368662,15.6082280615767,2001
27.079714239783,21.1418502117529,2005
28.0678610523145,10.3800331080011,2001
34.0686071502329,16.4077286644431,2010
26.7024218204528,13.2456588643423,2007
28.2834567205031,10.8920728199492,2010
32.3618081104058,11.3142810034854,2000
31.1580656296856,16.9916335991207,2003
32.0833303723287,11.8802196324807,2001
28.7685469739277,19.8392930497796,2014
33.52063482692,15.0512725854226,2022
29.7117780222532,13.4971871438958,2011
30.3046661097721,13.9104121745908,2018
33.6104663553319,21.1328670589117,2012
32.6223195428004,19.1565734338488,2004
32.0923135251699,19.5069163946554,2022
26.4778429994229,12.0419163836222,2001
32.7750331411007,13.3085409342307,2006
28.8493953494984,12.7785349166002,2007
31.4095939092391,10.2812184267479,2007
30.8885710444498,16.2011161490956,2009
33.1702918661133,13.137861030248,2011
27.1425963096713,10.2632521210655,2005
32.0833303723287,17.4407912411805,2001
35.0837034212879,15.2219524894053,2001
28.8493953494984,21.8066035220014,2010
25.5795277153034,14.8626263757575,2001
28.4541366244858,10.7842749858549,2005
32.4426564859765,12.2395457461285,2011
27.9959958295849,16.8029873894556,2000
22.5611883606618,13.6139681308313,2002
26.8731017244355,9.71527979775262,2004
27.1695457681949,10.5866456233486,2001
31.4904422848098,12.7875180694414,2001
35.8293051071071,12.7965012222826,2022
28.4900692358506,20.683709416852,2011
28.8224458909749,14.2338056768738,2010
33.5835168968083,21.4113447969888,2011
26.3251294011226,13.9283784802732,2022
28.9122774193868,21.1059176003882,2010
26.8910680301179,12.9492148205829,2007
28.2475241091384,12.5809055540939,2022
29.0290584063223,9.87697654889414,2006
26.3610620124874,17.5935048394808,2013
35.5687936747125,16.6682400968377,2013
31.8138357870929,11.1076684881379,2004
33.7631799536322,11.4400451432621,2014
34.7333604604813,19.7045457571617,2007
30.1519525114717,14.8626263757575,2024
30.4483965552312,11.1795337108674,2011
32.5414711672297,16.2460319133015,2001
24.5464651385659,11.7634386455451,2013
34.9759055871936,17.8719825775579,2011
35.317265395159,19.488950088973,2005
35.6047262860772,15.4824639218,2013
24.4925662215188,17.4677406997041,2008
34.580646862181,13.551086060943,2011
26.0825842744103,12.6707370825059,2022
22.84864925158,12.1227647591929,2005
23.8817118283175,9.3918862954696,2006
32.9097804337187,20.1447202463803,2006
24.7620608067546,19.5518321588614,2011
29.7566937864592,16.3089139831899,2022
35.4520126877769,16.5245096513786,2022
29.0380415591635,11.6556408114508,2024
29.334485602923,16.2729813718251,2000
30.1339862057894,10.2363026625419,2001
28.2385409562972,11.9161522438455,2015
29.5590644239529,18.105544551429,2013
30.1250030529482,21.8066035220014,2013
37.0510138935097,17.3868923241333,2014
24.6812124311839,15.7250090485122,2009
32.6762184598476,20.270484386157,2013
28.8134627381337,20.0189561066035,2011
32.236043970629,20.2974338446806,2014
30.0890704415834,18.3660559838236,2011
25.7142750079213,21.9593171203017,2007
36.8084687667974,18.6984326389478,2006
24.869858640849,11.296314697803,2022
28.2475241091384,11.8622533267983,2011
31.4185770620803,11.4669946017857,2001
32.9996119621306,19.16555658669,2022
23.1361101424983,10.838173902902,2011
28.094810510838,12.814467527965,2011
32.9546961979246,13.461254532531,2009
28.1756588864088,13.2995577813895,2001
36.422193194626,19.2733544207843,2010
34.1314892201212,21.6718562293835,2022
31.0143351842265,17.8989320360815,2004
28.139726275044,10.0656227585592,2005
26.0107190516807,19.9381077310328,2005
35.6676083559656,16.7221390138849,2002
29.4871992012233,11.1166516409791,2010
35.9281197883603,17.8719825775579,2013
27.6097202574135,15.9585710223833,2011
32.8468983638303,20.7465914867403,2010
28.3283724847091,18.1863929269997,2011
29.0290584063223,19.1386071281664,2007
24.5284988328835,16.7670547780909,2010
29.4961823540645,20.7555746395815,2022
34.4638658752454,20.6298104998048,2001
35.7754061900599,16.6592569439965,2011
26.1634326499811,12.6168381654587,2002
26.4778429994229,11.5119103659917,2024
29.7207611750944,18.7253820974714,2003
35.1376023383351,22.1030475657608,2018
33.888944093409,16.7760379309321,2002
25.0944374618788,16.9197683763912,2011
36.2515132906433,17.8989320360815,2011
32.6402858484828,12.2215794404461,2009
26.8371691130707,10.7034266102841,2002
27.2414109909245,20.3064169975218,2001
30.3316155682956,19.5069163946554,2002
28.6517659869921,20.0638718708095,2011
33.8080957178382,19.1116576696428,2001
35.4609958406181,18.9409777656601,2006
32.6223195428004,16.6592569439965,2005
24.088324343665,10.7483423744901,2022
28.9032942665456,14.4314350393801,2013
32.325875499041,20.2076023162686,2013
36.8084687667974,21.3484627271004,2013
27.6187034102547,16.4706107343314,2022
23.0013628498804,15.0872051967874,2001
32.2270608177878,14.8805926814399,2001
38.1110259287707,17.9079151889227,2004
29.8644916205535,17.9438478002874,2009
34.3291185826275,13.6049849779902,2022
37.6349188281874,17.9977467173346,2011
30.026188371695,15.1950030308817,2001
34.0326745388681,11.7275060341804,2010
24.5913809027719,9.43680205967557,2004
30.3765313325016,18.2223255383645,2020
33.8170788706794,12.1407310648753,2001
30.7268742933082,21.6538899237011,2001
32.236043970629,20.5399789713929,2011
32.9546961979246,17.2880776428802,2016
32.370791263247,14.5841486376804,2022
30.4214470967076,19.7584446742089,2008
30.6280596120551,11.2873315449618,2022
28.7685469739277,9.56256619945231,2011
29.5770307296352,10.7393592216489,2014
24.088324343665,14.8716095285987,2001
35.7754061900599,17.6653700622104,2013
25.7861402306509,16.3268802888723,2007
24.7979934181194,12.0239500779398,2001
29.612963341,20.6208273469636,2011
36.6108394042911,22.24677801122,2011
36.7006709327031,16.2819645246663,2006
33.4038538399844,20.6567599583284,2003
35.8023556485835,20.7196420282168,2001
34.5986131678634,20.2794675389982,2014
28.9931257949576,16.9467178349148,2001
26.9539501000062,16.6323074854729,2004
35.5148947576653,18.9769103770249,2004
25.2741005187027,11.7364891870215,2016
31.1939982410504,11.7724217983863,2013
32.7660499882596,17.3958754769745,2010
28.8224458909749,15.392632393388,2001
28.7326143625629,18.7882641673598,2009
28.1936251920912,21.7527046049542,2008
26.2891967897578,15.5543291445295,2005
27.7354843971902,12.2485288989697,2010
33.9158935519325,12.7156528467118,2022
30.762806904673,10.2452858153831,2011
34.4458995695631,21.3933784913064,2011
34.625562626387,13.0210800433125,2001
34.0596239973917,17.9079151889227,2011
35.5598105218713,21.8964350504133,2011
22.8666155572624,14.197873065509,2010
26.4508935408993,21.2765975043709,2001
33.9877587746621,16.5604422627434,2020
29.9004242319183,14.7727948473455,2022
32.0833303723287,18.8511462372482,2006
24.4656167629952,10.6944434574429,2007
34.6884446962753,20.2345517747922,2005
23.5583183260345,14.5751654848392,2010
28.8044795852925,10.2183363568596,2006
24.3129031646949,13.0839621132008,2005
27.7983664670786,10.9549548898376,2022
34.9848887400348,14.3236372052858,2014
36.5569404872439,18.105544551429,2014
27.5737876460487,11.4041125318973,2015
28.9482100307516,18.6355505690595,2011
34.12250606728,21.6538899237011,2014
35.1825181025411,12.4641245671584,2010
35.317265395159,21.3843953384652,2008
34.8860740587816,17.7013026735752,2014
30.2687334984073,14.3865192751741,2002
24.1781558720769,10.5057972477778,2001
28.6697322926745,20.1087876350155,2011
35.7843893429011,13.9553279387968,2010
30.4933123194372,15.024323126899,2011
30.4483965552312,20.0998044821743,2003
31.6790884944749,17.1173977388975,2001
24.2679874004889,16.6143411797906,2003
29.0649910176871,19.5518321588614,2004
28.6158333756274,19.2284386565784,2003
25.3190162829087,20.6567599583284,2002
32.1012966780111,12.1407310648753,2014
30.8706047387674,21.5640583952891,2011
24.4925662215188,16.6951895553613,2013
28.4002377074387,18.8960620014541,2001
23.4415373390989,10.7752918330137,2004
31.9036673155048,15.1680535723581,2001
24.0344254266178,16.1382340792072,2013
31.3826444507155,13.596001825149,2011
27.5827707988899,12.0239500779398,2011
36.4760921116732,20.1896360105862,2022
24.4027346931068,10.4069825665247,2011
27.1695457681949,13.4522713796898,2010
31.7509537172045,12.446158261476,2022
26.253264178393,10.7303760688077,2001
30.1609356643129,21.7796540634778,2001
35.9191366355191,18.5187695821239,2011
32.4516396388177,13.82956379902,2008
25.6873255493977,20.7915072509463,2022
31.544341201857,13.8565132575436,2011
27.861248536967,20.1267539406979,2006
24.7261281953898,13.6858333535609,2009
27.9870126767437,19.9111582725092,2001
32.4965554030237,13.048029501836,2006
31.1580656296856,21.8245698276838,2011
34.859124600258,12.7785349166002,2006
35.8113388014247,18.5816516520123,2000
35.0477708099231,16.219082454778,2016
23.720015077176,14.2607551353974,2013
28.3643050960739,15.2578851007701,2001
27.8792148426494,21.3215132685768,2010
28.1217599693616,19.0487755997545,2003
30.8256889745614,19.4709837832906,2004
34.2662365127392,18.9230114599777,2000
33.017578267813,18.6535168747419,2011
37.9044134134232,18.0426624815406,2014
35.362181159365,14.2787214410798,2014
28.6876985983569,15.3836492405468,2008
27.3402256721776,17.6743532150516,2013
25.0405385448317,17.1533303502623,2011
38.3715373611654,18.0965613985878,2010
26.6485229034056,20.360315914569,2010
23.3966215748929,14.6919464717748,2006
33.9518261632973,15.4914470746411,2006
29.0649910176871,21.9144013560957,2001
31.6880716473161,16.219082454778,2020
32.9906288092894,15.9495878695421,2001
26.6305565977232,10.3441004966363,2009
29.7926263978239,17.3419765599274,2014
25.9119043704276,11.943101702369,2013
29.0470247120047,21.7976203691602,2013
33.3319886172549,17.7821510491459,2001
32.2989260405174,13.7846480348141,2011
27.5917539517311,10.8561402085844,2001
30.9065373501321,14.1888899126678,2001
33.0714771848602,15.6980595899886,2001
32.9996119621306,17.7821510491459,2013
27.3492088250188,14.3595698166506,2010
28.8493953494984,13.0031137376301,2001
27.0258153227358,19.533865853179,2013
26.9090343358003,18.1235108571113,2010
25.3908815056383,17.9977467173346,2022
30.8706047387674,13.2636251700247,2011
36.0449007752958,13.6768502007197,2022
31.1670487825268,12.0419163836222,2011
28.4002377074387,19.8482762026208,2001
28.7505806682453,17.6653700622104,2001
30.4124639438664,17.4497743940217,2005
31.7689200228869,18.8780956957717,2008
33.8350451763618,16.2999308303487,2005
27.9959958295849,12.1497142177165,2005
27.3132762136541,20.5309958185517,2014
24.366802081742,16.2550150661427,2003
24.9776564749433,17.4138417826569,2002
26.3700451653286,19.0308092940721,2001
35.8023556485835,20.4501474429809,2022
33.4128369928256,10.793258138696,2010
26.7473375846588,15.2848345592937,2001
33.2152076303193,13.5421029081018,2020
24.9147744050549,18.7792810145186,2011
22.7498345703269,13.3714230041191,2004
31.7240042586809,19.7494615213677,2022
29.4602497426997,12.9761642791065,2001
27.403107742066,13.2007431001364,2010
31.2119645467328,11.0986853352967,2014
31.4634928262862,14.6739801660924,2000
33.5475842854435,13.919395327432,2011
28.6068502227862,10.9100391256316,2011
30.2058514285189,16.3268802888723,2012
25.6783423965565,15.4914470746411,2000
28.4182040131211,18.3480896781412,2011
23.0552617669275,13.0031137376301,2008
27.492939270478,17.6204542980044,2010
25.5525782567798,14.6380475547276,2006
29.9633063018066,21.7347382992718,2022
28.4900692358506,13.4073556154839,2003
29.2716035330346,18.1414771627937,2004
34.6165794735458,14.3056708996034,2004
28.2385409562972,19.210472350896,2022
33.6733484252203,13.7307491177669,2001
29.1638056989403,19.0847082111192,2004
34.167421831486,13.3624398512779,2010
34.8231919888933,14.9973736683754,2006
32.3079091933586,14.0631257728911,2013
34.9579392815112,20.4950632071869,2001
26.3161462482814,20.962187154929,2022
33.1613087132721,15.024323126899,2001
30.394497638184,12.2575120518109,2013
28.3104061790267,15.6800932843062,2001
35.640658897442,19.7225120628441,2001
34.5087816394514,16.0753520093188,2011
29.8375421620299,12.7336191523942,2002
36.2245638321197,16.8299368479792,2020
31.3017960751447,17.4767238525453,2022
26.6395397505644,16.0394193979541,2012
33.3050391587313,12.3742930387464,2003
31.3467118393507,15.2039861837229,2011
31.2928129223035,11.8712364796395,2001
35.9550692468839,20.9891366134526,2011
33.5745337439671,18.0426624815406,2002
26.4958093051053,20.2974338446806,2020
35.685574661648,15.0872051967874,2012
31.6162064245866,12.6078550126175,2013
31.3916276035567,10.8291907500608,2010
24.3847683874244,19.3003038793079,2005
35.0926865741291,19.120640822484,2011
27.8702316898082,19.1925060452136,2001
35.4879452991417,13.4882039910546,2001
33.5475842854435,13.9283784802732,2011
34.580646862181,16.7041727082025,2005
24.4207009987892,11.0627527239319,2007
36.5838899457675,17.7013026735752,2007
31.1221330183208,20.1716697049039,2002
30.4124639438664,11.4849609074681,2014
35.1016697269703,15.6711101314651,2000
29.9453399961243,13.1558273359304,2001
30.0980535944246,15.6441606729415,2005
27.5019224233192,21.330496421418,2011
23.1540764481807,13.5151534495782,2018
28.4092208602799,18.7163989446302,2014
24.1601895663945,13.7487154234493,2013
23.0372954612451,10.9639380426788,2002
32.0653640666463,13.3534566984367,2022
23.8098466055879,14.566182331998,2011
24.7530776539134,19.7943772855737,2011
26.6485229034056,11.664623964292,2022
26.0197022045219,20.1357370935391,2016
36.2425301378021,20.1626865520627,2003
35.4430295349357,21.3125301157356,2002
34.4997984866102,15.9855204809069,2016
32.9097804337187,17.8809657303991,2010
34.4279332638807,14.6739801660924,2005
34.4728490280866,17.0545156690091,2015
29.8914410790771,20.0548887179683,2007
29.981272607489,17.2611281843566,2011
27.2414109909245,20.3513327617278,2013
34.9309898229876,16.6682400968377,2010
24.3578189289008,9.73324610343501,2011
28.5709176114214,18.2492749968881,2022
35.0028550457172,18.8601293900894,2002
24.1781558720769,16.6412906383141,2022
35.5418442161889,14.2158393711914,2007
29.7387274807768,18.7343652503126,2011
31.0412846427501,19.0487755997545,2022
27.726501244349,20.7555746395815,2007
23.998492815253,12.5988718597763,2016
22.9025481686272,14.7727948473455,2022
34.1584386786448,18.752331555995,2016
33.0085951149718,20.5669284299164,2011
28.8493953494984,12.5180234842055,2002
24.456633610154,12.0688658421458,2003
24.8518923351666,17.5036733110689,2010
33.8260620235206,16.1472172320484,2011
31.0323014899089,11.4220788375797,2001
32.6402858484828,14.2607551353974,2001
25.8759717590628,16.3897623587607,2024
33.2601233945253,15.3746660877056,2020
29.379401367129,21.8694855918898,2010
29.5051655069057,19.0218261412309,2004
27.5109055761603,20.6208273469636,2010
24.7171450425486,14.8266937643927,2004
29.5949970353176,19.6775962986381,2000
31.4904422848098,21.743721452113,2014
31.499425437651,11.9700511608926,2022
30.6909416819435,11.0807190296143,2008
33.7631799536322,20.8543893208347,2011
26.3969946238521,14.5482160263157,2022
29.1278730875755,19.578781617385,2022
29.2805866858758,13.2456588643423,2003
29.7746600921415,13.6229512836725,2022
34.4728490280866,17.3958754769745,2004
24.6003640556131,14.4943171092685,2011
27.5019224233192,18.3301233724588,2020
24.6273135141367,13.3983724626427,2011
33.2241907831605,16.0304362451129,2018
33.799112564997,19.4799669361318,2014
33.1702918661133,17.7911342019871,2011
31.1939982410504,12.5270066370467,2011
35.7484567315364,14.3505866638094,2011
23.3966215748929,14.4494013450625,2013
32.3348586518822,13.1109115717244,2003
29.612963341,11.7185228813392,2022
28.0588778994733,10.9549548898376,2014
35.5148947576653,19.120640822484,2018
24.0613748851414,18.6535168747419,2011
27.8522653841258,10.838173902902,2022
30.0441546773774,12.0059837722574,2013
29.0380415591635,11.4490282961033,2010
36.5928730986087,20.728625181058,2022
25.7232581607625,10.7752918330137,2015
32.9007972808775,14.2697382882386,2024
30.9694194200205,13.3085409342307,2001
23.7379813828584,10.4878309420954,2013
30.1699188171541,17.3868923241333,2016
34.490815333769,17.0724819746915,2011
25.3549488942735,11.1166516409791,2010
26.2622473312342,16.6951895553613,2011
27.5917539517311,21.1867659759589,2013
31.2478971580976,20.7376083338992,2004
31.4724759791274,17.0185830576443,2011
25.9208875232688,18.9499609185013,2005
33.9338598576149,14.0182100086851,2011
27.6007371045723,16.6502737911553,2002
36.5749067929263,16.3089139831899,2002
35.6765915088068,18.1774097741585,2011
29.8644916205535,17.9079151889227,2005
26.9270006414827,10.7303760688077,2003
31.9485830797108,16.8568863065028,2011
30.7448405989906,14.3505866638094,2011
25.7052918550801,17.234178725833,2013
29.1368562404167,10.9459717369964,2020
29.9902557603302,16.0394193979541,2022
33.8080957178382,18.6355505690595,2001
24.6722292783427,17.7731678963047,2008
27.9420969125377,11.3771630733737,2010
26.4778429994229,15.4555144632764,2013
27.2863267551305,16.91078522355,2010
29.3614350614466,14.9165252928047,2010
34.3830174996747,14.7907611530279,2001
27.1156468511478,10.838173902902,2000
22.9025481686272,14.4943171092685,2001
31.8857010098224,20.6477768054872,2022
27.4300572005896,13.0300631961537,2005
26.1005505800927,13.461254532531,2009
34.5267479451338,11.1615674051851,2010
37.1857611861276,19.5158995474966,2006
33.7452136479498,10.8022412915372,2022
29.2356709216698,13.4522713796898,2006
29.9363568432831,14.7188959302984,2001
28.7505806682453,20.7465914867403,2002
24.4386673044716,18.9319946128189,2011
24.4656167629952,12.3922593444288,2011
26.989882711371,14.2966877467622,2011
30.1609356643129,13.7936311876553,2018
30.349581873978,17.0994314332151,2011
25.6513929380329,15.5992449087355,2016
36.8533845310034,20.6208273469636,2012
27.9061643011729,16.2100993019368,2011
30.8616215859262,13.3983724626427,2010
34.7782762246873,18.9948766827073,2000
30.026188371695,15.024323126899,2006
31.634172730269,21.3843953384652,2005
24.4207009987892,13.1198947245656,2008
24.6632461255015,19.4979332418142,2013
35.1735349496999,17.279094490039,2004
29.9004242319183,15.5183965331647,2001
26.4868261522641,18.7343652503126,2022
23.720015077176,15.5902617558943,2011
33.8619946348854,17.9797804116522,2010
30.7358574461494,10.3081678852715,2004
24.5644314442483,10.5057972477778,2022
35.0118381985584,18.3391065253,2011
25.2920668243851,19.9111582725092,2011
33.7901294121558,18.8691125429305,2013
24.2859537061713,16.0394193979541,2002
28.9482100307516,21.2765975043709,2022
25.0944374618788,16.0933183150012,2004
31.7150211058397,13.3983724626427,2010
34.9848887400348,19.9740403423976,2014
27.3132762136541,11.3861462262149,2022
31.3197623808271,15.6261943672591,2010
31.2568803109388,16.2639982189839,2011
32.5953700842768,12.6258213182999,2011
23.2978068936398,12.679720235347,2003
33.709281036585,18.7253820974714,2011
27.3222593664952,11.5029272131505,2011
34.5087816394514,12.1676805233989,2010
34.2213207485332,12.6976865410294,2014
29.0560078648459,14.6739801660924,2010
27.9600632182201,15.4105986990704,2007
27.3312425193364,15.3656829348644,2020
27.8253159256022,17.9618141059698,2010
25.6334266323505,12.8504001393298,2014
28.2654904148207,18.3570728309824,2014
30.6370427648963,17.0994314332151,2000
24.6722292783427,19.5158995474966,2002
30.2507671927249,15.8867057996537,2011
28.4721029301682,15.4285650047528,2000
29.9183905376007,13.0839621132008,2006
25.5974940209858,11.5298766716741,2014
31.4365433677627,11.1795337108674,2001
29.2626203801934,17.4318080883393,2009
31.7779031757281,17.8540162718755,2011
26.9629332528474,17.3060439485626,2005
34.3111522769451,14.1709236069855,2000
26.3790283181698,13.8565132575436,2022
33.8170788706794,21.4921931725596,2018
30.8616215859262,14.9973736683754,2011
24.9596901692609,15.805857424083,2005
23.8098466055879,15.1860198780405,2009
30.2956829569309,18.6086011105359,2000
32.9367298922423,17.5665553809572,2022
26.5676745278348,16.2819645246663,2001
30.4573797080724,11.3681799205325,2004
35.6586252031244,14.4314350393801,2010
33.1972413246369,16.5963748741082,2011
27.8342990784434,20.9981197662938,2022
25.2022352959732,20.8004904037875,2010
27.0437816284182,15.9585710223833,2011
29.8375421620299,10.6135950818721,2011
32.6582521541652,15.1051715024698,2004
30.3765313325016,13.3354903927543,2011
29.3165192972406,14.0721089257323,2002
36.1796480679137,19.7135289100029,2011
31.0412846427501,21.5910078538127,2022
34.7243773076401,22.3545758453143,2006
34.7603099190049,15.5273796860059,2013
35.2633664781118,13.9014290217496,2006
34.0865734559153,13.5690523666254,2004
35.7574398843776,19.2733544207843,2014
24.456633610154,14.65601386041,2002
29.5500812711117,10.6585108460781,2010
28.552951305739,20.2165854691098,2015
32.1462124422171,12.4192088029524,2014
24.8159597238018,18.8511462372482,2018
27.7624338557138,16.1831498434132,2015
35.7035409673304,19.6955626043205,2010
26.7293712789764,10.514780400619,2012
29.1907551574639,18.5008032764415,2000
28.921260572228,18.6355505690595,2001
32.4696059445001,18.6175842633771,2011
31.3646781450331,21.3484627271004,2004
25.6783423965565,15.6082280615767,2011
31.7689200228869,10.469864636413,2022
27.2234446852421,21.0160860719762,2011
34.2213207485332,21.1508333645941,2003
26.8371691130707,15.2578851007701,2013
29.4243171313349,11.7005565756568,2006
27.6815854801431,18.2582581497293,2006
33.8260620235206,11.4849609074681,2008
24.0164591209354,15.9136552581773,2011
29.4602497426997,11.5298766716741,2011
27.5288718818427,10.5776624705074,2003
27.7804001613962,16.7041727082025,2001
34.6165794735458,20.5669284299164,2001
22.9205144743096,14.2338056768738,2013
31.220947699574,13.3893893098015,2001
36.467108958832,15.7070427428298,2010
30.8256889745614,16.8479031536616,2011
25.0944374618788,14.6829633189336,2013
35.8652377184719,21.9952497316665,2006
